gene_id	symbol	mrna_half_life_h	prot_half_life_h	measurement_group
MGI:101757	Cfl1	14.389999999999999	67.29999999999998	Cfl1
MGI:101760	Sfswap	6.160000000000001	22.139999999999997	Sfrs8
MGI:101761	Hmga2	5.51	200.51999999999995	Hmga2;Hmgic
MGI:101763	Cfl2	9.819999999999999	73.97999999999999	Cfl2
MGI:101765	Cdk5	11.130000000000003	84.96	Cdk5;Crk6
MGI:101771	Sntb2	6.2299999999999995	84.42	Sntb2;Snt2b2
MGI:101784	Nes	15.100000000000003	53.529999999999994	Nes
MGI:101789	Lig1	12.960000000000004	28.509999999999998	Lig1;Lig-1
MGI:101790	Fabp5	25.59	97.07999999999997	Fabp5;Fabpe;Klbp;Mal1
MGI:101805	Gys1	13.19	174.80999999999997	Gys1;Gys;Gys3
MGI:101816	Msh2	11.559999999999999	85.86999999999996	Msh2
MGI:101834	Tubg1	11.770000000000001	46.830000000000005	Tubg1;Tubg;Tubg2
MGI:101836	Traf1	6.700000000000001	20.100000000000005	Traf1
MGI:101839	Rpl28		134.93000000000004	Rpl28
MGI:101845	Mcm3	11.98	57.93999999999998	Mcm3;Mcmd;Mcmd3
MGI:101849	Rack1	18.99	73.49999999999997	Gnb2l1;Gnb2-rs1
MGI:101857	Usp15	13.489999999999998	47.77000000000001	Usp15
MGI:101876	Tead1	9.13	15.509999999999998	Tead1;Tcf13;Tef-1;Tef1;mCG_15837;Tead3;RP24-68J3.4-007;Tead2;Etdf;Etf;Tef4;Tcf13r2;Tef5
MGI:101900	Mmp14	9.08	4.82	Mmp14;Mtmmp
MGI:101912	Dad1	13.999999999999996	107.99	Dad1
MGI:101917	Bcap29	10.03	53.28	Bcap29;Bap29
MGI:101919	Ap1g1	6.01	91.18000000000004	Ap1g1;Adtg;Clapg1
MGI:101920	Ap2a2	19.78	102.89999999999996	Ap2a2;Adtab
MGI:101921	Ap2a1	14.19	60.82	Ap2a1;Adtaa;Clapa1
MGI:101924	Slc12a2	12.97	29.45	Slc12a2;Nkcc1
MGI:101934	Tfdp1	6.160000000000001	6.9399999999999995	Tfdp1
MGI:101940	Arhgdib	13.95	240.14000000000001	Arhgdib;Gdid4
MGI:101947	Hnrnpd	22.130000000000003	129.55000000000007	Hnrnpd;Auf1;Hnrpd
MGI:102465	Tex2	9.709999999999999	50.22	Tex2;Kiaa1738;RP23-436M12.1-002
MGI:102467	Ptpn14	10.379999999999999	14.640000000000004	Ptpn14
MGI:102498	mt-Nd4		192.17000000000004	Mtnd4;mt-Nd4;Nd4
MGI:102503	mt-Co2		344.3799999999999	Mtco2;COII;mt-Co2
MGI:102504	mt-Co1		151.54	mt-Co1;COXI;Mtco1;COI
MGI:102519	Cst3	20.110000000000003	5.360000000000001	Cst3;RP23-250M11.9-002
MGI:102520	Phb2	9.850000000000001	296.0200000000001	Phb2;Bap;Bcap37;Rea
MGI:102547	Fau		77.78000000000002	Fau
MGI:102548	Tsc2	15.81	35.96999999999999	Tsc2
MGI:102579	Nmt1	9.169999999999998	64.54999999999998	Nmt1
MGI:102581	Rdh11	6.07	71.29999999999998	Rdh11;Arsdr1;Mdt1;Psdr1
MGI:102657	Cdc34	9.2	12.97	Cdc34;Ube2r1
MGI:102666	Ppp5c	10.429999999999998	81.76999999999997	Ppp5c
MGI:102676	Abcc1	13.650000000000002	66.13000000000001	Abcc1;Abcc1a;Abcc1b;Mdrap;Mrp
MGI:102682	Llgl1	9.260000000000002	39.86000000000001	Llgl1;Llglh
MGI:102685	Cdc27	5.45	18.22	Cdc27;RP23-380H19.2-001;mCG_11216
MGI:102688	H2ax	5.27	80.92	H2afx;H2a.x;H2ax;Hist5-2ax
MGI:102690	Srm	9.630000000000003	109.94999999999997	Srm
MGI:102705	Gng2		33.83	Gng2
MGI:102709	Cav1	13.0	461.36999999999983	Cav1;Cav
MGI:102722	Pcnt	10.6	11.319999999999999	Pcnt;Pcnt2
MGI:102724	Tpp2		118.27000000000001	Tpp2
MGI:102726	Dck	5.690000000000001	7.660000000000002	Dck
MGI:102744	Nelfe	13.070000000000004	34.77000000000001	Rdbp;D17h6s45;Nelfe;Rd
MGI:102749	Trim25	6.84	14.860000000000001	Trim25;RP23-176J13.7-001;Efp;Zfp147;Znf147;RP23-176J13.7-002;RP23-176J13.7-003
MGI:102772	Gbp2	17.659999999999997	328.4299999999999	Gbp2
MGI:102774	Aimp1	10.640000000000002	79.35	Aimp1;Emap2;Scye1
MGI:102776	Ap1m1	9.57	67.83	Ap1m1;Cltnm
MGI:102779	Fen1	5.42	38.580000000000005	Fen1;Fen-1
MGI:102784	Tgfb1i1	7.86	8.24	Tgfb1i1;Ara55
MGI:102790	Rab18	12.749999999999996	46.260000000000005	Rab18
MGI:102809	Sars1	11.830000000000002	104.55999999999996	Sars;Sars1;RP23-37G19.1-002;mCG_4072;Sers;RP23-37G19.1-004
MGI:102854	Rpl5		115.01000000000003	Rpl5
MGI:102956	Cdk7	8.309999999999999	18.21	Cdk7;Cdkn7;Crk4;Mo15;Mpk-7
MGI:102959	Ube2a	15.289999999999997	11.74	Ube2a;Rad6a
MGI:102964	Srprb	14.779999999999996	25.830000000000002	Srprb
MGI:103008	Epb41l3	16.37	54.48	Epb41l3;Dal1;Epb4.1l3;Kiaa0987
MGI:103009	Epb41l2	16.339999999999996	58.31999999999999	Epb4.1l2;Epb41l2
MGI:103010	Epb41l1	14.219999999999997	157.59000000000006	Epb41l1;Epb4;Epb4.1l1;Kiaa0338;RP23-55C8.1-006;mCG_5224;RP23-55C8.1-002;RP23-55C8.1-008
MGI:103016	Ppp1ca	15.750000000000002	26.340000000000003	Ppp1ca;Ppp1a
MGI:103025	Mtx1	9.78	25.48	Mtx1;Mtx;Mtxn
MGI:103027	Tarbp2	8.91	34.37	Tarbp2;Prbp;mCG_17581
MGI:103034	Stat6	13.33	24.279999999999998	Stat6
MGI:103036	Stat5a	8.76	49.24	Stat5a;Mgf;Mpf
MGI:103038	Stat3	12.749999999999996	22.119999999999997	Stat3;Aprf;RP23-279L23.5-011
MGI:103040	Rsu1	12.879999999999999	33.0	Rsu1;RP23-415C3.3-001;mCG_15700;Rsp1;RP23-415C3.3-006
MGI:103060	Ecm1	19.48	3.0599999999999996	Ecm1
MGI:103063	Stat1	17.529999999999998	641.8099999999997	Stat1
MGI:103064	Ddx3x	6.2299999999999995	43.03999999999999	Ddx3x;D1Pas1-rs2;Ddx3;Dead3;Erh;Ddx3y;D1Pas1-rs1;Dead2
MGI:103067	Atrx	9.850000000000001	34.81	Atrx;Hp1bp2;Xnp;RP23-170G19.5-001;RP23-170G19.5-014
MGI:103071	Rangap1	11.729999999999999	15.529999999999998	Rangap1;Fug1
MGI:103072	Zyx	10.749999999999998	17.969999999999995	Zyx
MGI:103078	Spr	12.960000000000004	157.88999999999996	Spr
MGI:103079	Pura	3.8999999999999995	419.99999999999994	Pura
MGI:103097	Anapc1	20.37	35.06	Anapc1;RP23-464B2.2-001;mCG_20990;Mcpr;Tsg24;RP23-464B2.2-005
MGI:103099	Cox6a1	13.5	75.2	Cox6a1;Cox6al
MGI:103123	Serpinb6a	11.729999999999999	162.04999999999998	Serpinb6a;Serpinb6;Spi3
MGI:103147	Dync1h1	23.58	113.45000000000002	Dync1h1;Dhc1;Dnch1;Dnchc1;Dyhc
MGI:103187	Nqo1	11.410000000000002	61.32	Nqo1;Dia4;Nmo1;Nmor1
MGI:103188	Nfib	7.519999999999998	20.200000000000003	Nfib
MGI:103197	Mcm5	13.800000000000002	69.56	Mcm5;Cdc46;Mcmd5
MGI:103199	Mcm4	11.28	40.95	Mcm4;Cdc21;Mcmd4
MGI:103202	Adsl	12.770000000000001	138.70000000000005	Adsl;Adl
MGI:103224	Fdx1	9.729999999999999	13.96	Fdx1
MGI:103226	Cox7c	19.670000000000005	142.15	Cox7c;Cox7c1;RP23-213P21.1-004
MGI:103234	Herc2	15.909999999999998	16.83	Herc2;Jdf2;Kiaa0393;Rjs
MGI:103241	Slk	10.33	61.47000000000001	Slk;Kiaa0204;Stk2
MGI:103249	Calm3	10.1	115.89000000000003	Calm1;Calm;Cam;Cam1;Calm2;Cam2;Camb;Calm3;Cam3;Camc;Calml3
MGI:103250	Calm2	10.1	115.89000000000003	Calm1;Calm;Cam;Cam1;Calm2;Cam2;Camb;Calm3;Cam3;Camc;Calml3
MGI:103251	Acly		79.80000000000001	Acly
MGI:103254	Rpia	4.640000000000001	107.19	Rpia;Rpi
MGI:103262	Yap1	8.469999999999999	23.720000000000002	Yap1;mCG_9891;Yap;Yap65
MGI:103264	Arhgef2	6.739999999999999	24.68	Arhgef2;Kiaa0651;Lbcl1;Lfc
MGI:103268	Dnajc1	8.990000000000002	15.279999999999998	Dnajc1;Dnajl1;Mtj1
MGI:103286	Atp6v0a1	14.480000000000002	37.239999999999995	Atp6v0a1;Atp6n1;RP23-278K23.1-003;mCG_20226
MGI:103288	Polr1c	5.62	18.320000000000004	Polr1c;Rpo1-1
MGI:103290	Rela	7.930000000000001	23.529999999999998	Rela;Nfkb3
MGI:103300	Rbl1	6.4	9.56	Rbl1;RP23-163J20.3-001
MGI:103309	Flot2	17.219999999999995	50.830000000000005	Flot2;Esa1;M17s1;RP23-43J1.4-002;mCG_10827
MGI:103560	Kpna1	6.0	41.73	Kpna1;Rch2
MGI:103561	Kpna2		9.15	Kpna2;Rch1
MGI:103575	Skp1	12.749999999999996	35.53999999999999	Skp1;Skp1a
MGI:104513	Nqo2	14.410000000000004	159.74999999999994	Nqo2;Nmor2
MGI:104517	Xrcc5	14.920000000000002	114.84000000000002	Xrcc5;G22p2
MGI:104557	Rps6ka3	8.23	51.109999999999985	Rps6ka3;Rps6ka-rs1;Rsk2;RP23-52L10.1-002;RP23-52L10.1-004
MGI:104558	Rps6ka1	12.2	90.15	Rps6ka1;Rsk1;RP23-256C7.2-004;RP23-256C7.2-003
MGI:104559	Rcn1	19.840000000000003	54.98000000000001	Rcn1;Rca1;Rcn
MGI:104560	Nsf	15.309999999999997	112.41000000000001	Nsf;Skd2
MGI:104561	Napg	6.559999999999999	44.96999999999999	Napg;Snapg
MGI:104563	Napa	10.979999999999999	32.68	Napa;Snapa
MGI:104580	Rapgef1	15.58	24.12	Rapgef1;RP23-304D11.1-003;Grf2;RP23-304D11.1-001
MGI:104581	Gnb4	8.33	12.779999999999998	Gnb4
MGI:104582	Eps15l1	8.22	55.01999999999999	Eps15l1;Eps15-rs;Eps15R;mCG_18932
MGI:104583	Eps15	14.379999999999999	73.35999999999997	Eps15
MGI:104589	Actg2	18.37	58.86000000000002	Acta2;Actsa;Actvs;Actg2;Acta3;Actsg
MGI:104592	Myef2	6.559999999999999	133.0	Myef2;Kiaa1341;Mef2;RP24-221D3.2-003
MGI:104596	Procr	12.089999999999998	22.270000000000003	Procr;mCG_21074;Epcr;RP23-388H13.2-001;RP23-388H13.2-004
MGI:104602	Prpf39		57.800000000000004	Prpf39
MGI:104603	Sh3bp1	5.98	57.6	Sh3bp1;AL592169.1-001;3bp1;AL592169.1-003;AL592169.1-002
MGI:104606	Rab34	9.520000000000001	36.43	Rab34;RP23-185A18.5-001;Rab39;Rah;Rah1;RP23-185A18.5-008;RP23-185A18.5-002;RP23-185A18.5-007
MGI:104614	Cox6c	13.98	89.95999999999997	Cox6c
MGI:104626	Strbp	23.349999999999998	32.730000000000004	Strbp;Spnr
MGI:104627	Dst		24.64470064906092	Dst;Bpag1
MGI:104630	Wars1	8.5	257.86999999999995	Wars;Wrs
MGI:104631	Utrn	13.77	52.02	Utrn;utrophin
MGI:104632	Ube2h	8.89	37.339999999999996	Ube2h
MGI:104633	Tle4	6.05	35.279999999999994	Tle3;Esg;mKIAA1547;Tle4;Grg4
MGI:104634	Tle3	6.05	35.279999999999994	Tle3;Esg;mKIAA1547;Tle4;Grg4
MGI:104635	Tle2		108.36999999999998	Tle2;Grg2
MGI:104643	Pdcd2	7.12	19.93	Pdcd2;Rp8
MGI:104652	Capzb	14.5	87.15000000000005	Capzb;RP23-247I1.3-004;Cappb1;RP23-247I1.3-006;mCG_122335;RP23-247I1.3-011
MGI:104653	Atp2b1	8.51	80.45999999999998	Atp2b1
MGI:104662	Pml	10.299999999999999	49.08	Pml
MGI:104665	Soat1	10.79	20.069999999999997	Soat1;Acact;soat1
MGI:104669	Man2a1	22.579999999999995	26.550000000000004	Man2a1;Mana2
MGI:104670	Fkbp5	8.08	9.689999999999998	Fkbp5;Fkbp51
MGI:104673	Ptpn12	4.56	77.81	Ptpn12;mCG_6416
MGI:104676	Man1a2	16.37	71.75000000000001	Man1a2;Man1b
MGI:104677	Man1a	14.580000000000004	26.97	Man1a1;Man1a
MGI:104678	Tm4sf1	14.449999999999998	15.95	Tm4sf1;M3s1
MGI:104680	Hspe1	11.989999999999998	152.93	Hspe1;Hspe1-rs1;Cpn10-rs1
MGI:104681	Hgs	12.0	40.56000000000001	Hgs;Hrs;RP23-82I5.13-002
MGI:104683	Fnta	11.330000000000002	87.16000000000001	Fnta
MGI:104684	Eps8	11.469999999999999	13.77	Eps8
MGI:104686	Crkl	3.34	71.64000000000001	Crkl;Crkol
MGI:104689	Cct4	9.95	122.94000000000004	Cct4;Cctd
MGI:104708	Cct3	13.660000000000002	79.73000000000003	Cct3;Cctg
MGI:104709	Wbp2	11.039999999999997	16.180000000000003	Wbp2;RP23-42F6.6-002;mCG_6820
MGI:104724	Fdxr	7.9700000000000015	69.05	Fdxr
MGI:104728	Caml	2.9300000000000006	18.46	Camlg;Caml
MGI:104729	Akap1	7.160000000000001	62.24999999999997	Akap1;Akap;RP23-243J8.1-001
MGI:104736	Evi5	11.48	29.39	Evi5
MGI:104737	Cdkn2b	3.6899999999999995	103.51000000000002	Cdkn2b
MGI:104738	Cdkn2a	11.252546378486958	14.914389025367413	Cdkn2a
MGI:104757	Ephb4	8.809999999999999	14.620000000000003	Ephb4;Htk;Mdk2;Myk1
MGI:104767	Gpx4	17.52	18.71	Gpx4;Hnrpll;PHGPx
MGI:104769	Fkbp10	17.96	37.269999999999996	Fkbp10;RP23-392I3.2-001;mCG_20534;Fkbp-rs;Fkbp1-rs;Fkbp6;Fkbprp;RP23-392I3.2-002
MGI:104772	Cdk2	4.72	46.9	Cdk2
MGI:104778	Plcb3	10.17	46.06999999999999	Plcb3
MGI:104779	Prkdc	14.779999999999996	70.09999999999998	Prkdc;Xrcc7
MGI:104785	Myo6	14.779999999999996	56.990000000000016	Myo6;mKIAA0389;Sv
MGI:104799	Pea15a	12.779999999999998	96.10999999999997	Pea15;Pea15a
MGI:104805	Snrpb2	8.849999999999998	60.669999999999995	Snrpb2;RP23-371L4.1-004
MGI:104807	Pls3	14.419999999999998	61.47000000000001	Pls3;RP23-162M7.1-005
MGI:104808	Lcp1	13.120000000000003	50.11999999999999	Lcp1;Pls2
MGI:104810	Plaa	12.93	121.01999999999995	Plaa;RP23-282E10.1-001;mCG_11651;Plap;RP23-282E10.1-005
MGI:104811	Sub1	20.899999999999995	170.78000000000006	Sub1;Pc4;Rpo2tc1
MGI:104816	Hnrnpl		137.90999999999997	Hnrnpl;Hnrpl
MGI:104819	Hnrnpa2b1	15.039999999999997	93.51000000000002	Hnrnpa2b1;Hnrpa2b1
MGI:104820	Hnrnpa1	9.179999999999998	163.81000000000003	Hnrnpa1;Fli-2;Hnrpa1;Tis
MGI:104841	Cpox	8.919999999999998	59.029999999999994	Cpox;Cpo
MGI:104842	Coil	3.9700000000000006	44.74	Coil;RP23-176J13.5-003;RP23-176J13.5-001;mCG_1481
MGI:104848	Inpp1	3.89	340.38999999999993	Inpp1
MGI:104854	Zfp91	6.599999999999999	12.91	Zfp91;Pzf
MGI:104855	Atp6v0a2	9.709999999999999	104.34999999999995	Atp6v0a2;Atp6n1b;Tj6
MGI:104860	Fxr1	7.04	38.67	Fxr1;Fxr1h
MGI:104861	Bcat1	19.350000000000005	123.76999999999998	Bcat1;RP24-347A16.1-001;RP24-347A16.1-002;Eca39;RP24-347A16.1-003;RP24-347A16.1-004
MGI:104864	Pdia4	21.819999999999997	170.91000000000003	Pdia4;Cai;Erp72
MGI:104871	Ppp1cb	8.599999999999998	35.83	Ppp1cb
MGI:104872	Ppp1cc		24.639999999999997	Ppp1cc
MGI:104873	Aga	14.620000000000003	267.57	Aga
MGI:104874	Akt2	13.600000000000001	41.169999999999995	Akt2
MGI:104878	Prkar1a	16.629999999999995	5.01	Prkar1a
MGI:104880	Psmb6	13.360000000000003	118.37000000000002	Psmb6;Lmp19
MGI:104883	Psma3	12.329999999999998	149.53000000000003	Psma3
MGI:104884	Psmb1	13.19	197.99000000000007	Psmb1
MGI:104885	Psma2	11.809999999999999	152.76999999999998	Psma2;Lmpc3
MGI:104887	Gpx1	12.61	43.25000000000001	Gpx1
MGI:104889	Ubp1	5.75	28.099999999999998	Ubp1;Cp2b;Nf2d9
MGI:104890	Tpt1	26.669999999999998	38.85	Tpt1;Trt
MGI:104896	Srsf9	9.290000000000001	22.45	Sfrs9
MGI:104899	Mob4	7.660000000000002	74.21999999999997	Mobkl3;Mob3;Prei3
MGI:104900	Nup88	10.459999999999999	26.360000000000003	Nup88
MGI:104902	Gpc4	19.64	9.680000000000001	Gpc4
MGI:104904	Tead2	9.13	15.509999999999998	Tead1;Tcf13;Tef-1;Tef1;mCG_15837;Tead3;RP24-68J3.4-007;Tead2;Etdf;Etf;Tef4;Tcf13r2;Tef5
MGI:104912	Sf3a2	8.919999999999998	36.92000000000001	Sf3a2;Sap62
MGI:104913	Abi1	12.059999999999999	53.48	Abi1;Ssh3bp1;RP23-436J19.3-005;RP23-436J19.3-009;RP23-436J19.3-010;RP23-436J19.3-011;RP23-436J19.3-007
MGI:104967	Glg1	20.04	23.98	Glg1;Esl1;Mg160;Selel
MGI:104971	Srxn1	8.529999999999998	19.69	Srxn1;RP23-214I20.7-001;Npn3;Srx
MGI:104976	Ddx6	5.16	34.53999999999999	Ddx6;Hlr2;Rck
MGI:104990	Gclc	4.91	200.13999999999993	Gclc;Glclc
MGI:104995	Gclm	6.73	54.889999999999986	Gclm;Glclr
MGI:105037	Ddx5	8.71	19.864969166852486	Ddx5;Tnz2
MGI:105047	Psmc5	10.549999999999999	47.10000000000001	Psmc5;Sug1;mCG_3214
MGI:105053	Hsph1	17.8	163.83999999999997	Hsph1;Hsp105;Hsp110;Kiaa0201
MGI:105065	Rab24	8.860000000000001	43.82	Rab24
MGI:105066	Rab10	12.61	62.75000000000002	Rab10
MGI:105068	Rab7	8.13	37.849999999999994	Rab7a;Rab7
MGI:105069	Rab4a	9.330000000000002	70.3	Rab4a;Rab4
MGI:105071	Rab4b	9.54	98.40999999999997	Rab4b;Rab4
MGI:105072	Rab22a	6.499999999999999	32.05	Rab22a;Rab22;RP23-292G16.1-003;mCG_13765
MGI:105079	Tgoln2	7.36	11.390000000000002	Tgoln2;Ttgn2;Tgoln1;Ttgn1
MGI:105080	Tgoln1	7.36	11.390000000000002	Tgoln2;Ttgn2;Tgoln1;Ttgn1
MGI:105081	Tes	13.38	54.75999999999998	Tes;mCG_11251
MGI:105082	Ssr1	24.810000000000002	60.10999999999998	Ssr1;Trap-alpha
MGI:105093	Cnn2	11.85	16.899999999999995	Cnn2
MGI:105098	Ube3a	4.89	37.86999999999999	Ube3a
MGI:105100	Ctnnd1	12.039999999999997	17.28	Ctnnd1;Catns;Kiaa0384
MGI:105108	Nin	9.000000000000002	73.58000000000001	Nin;Kiaa1565
MGI:105109	Mageb3		47.92000000000001	Mageb2;RP23-257N12.1-001;Mageb1;RP23-229I19.6-001;Mageb3
MGI:105110	Rps2		234.24999999999991	Rps2;Llrep3;Rps4
MGI:105115	Ctf1	10.379999999999999	12.819999999999999	Ctf1
MGI:105117	Mageb2		47.92000000000001	Mageb2;RP23-257N12.1-001;Mageb1;RP23-229I19.6-001;Mageb3
MGI:105118	Mageb1		47.92000000000001	Mageb2;RP23-257N12.1-001;Mageb1;RP23-229I19.6-001;Mageb3
MGI:105124	Stt3a	16.96	34.75	Stt3a;Itm1
MGI:105125	Eif1	5.39	10.770000000000001	Eif1;Sui1;Sui1-rs1
MGI:105128	Rad23b	16.08	48.11000000000001	Rad23b;Mhr23b
MGI:105306	Rab5c	13.130000000000003	39.79	Rab5c;RP23-390D17.8-002
MGI:105313	Cit		34.27024948844114	Cit
MGI:105369	Cbx1	6.910000000000001	55.26	Cbx1;Cbx;RP23-353J21.1-002;mCG_13242;RP23-353J21.1-005
MGI:105380	Mcm2	12.489999999999998	46.95000000000001	Mcm2;Bm28;Cdcl1;Kiaa0030;Mcmd2
MGI:105381	Rpsa	11.52	234.01000000000002	Rpsa;Lamr1;P40-8
MGI:105382	Lama5	23.739999999999995	7.920000000000001	Lama5;RP23-16P3.3-001
MGI:105384	Hspa8	10.379999999999999	76.26	Hspa8;Hsc70;Hsc73
MGI:105388	Cdkn2c	4.85	189.49000000000004	Cdkn2c
MGI:105491	Cdipt	11.259999999999998	101.47	Cdipt;Pis1
MGI:105870	Micall1	5.719999999999999	61.380000000000024	Micall1;D15Mit260;Kiaa1668;Mirab13
MGI:105922	Rpl13	6.32	173.24999999999997	Rpl13
MGI:105926	Rab5a	6.22	48.35	Rab5a
MGI:105938	Rab5b	12.500000000000002	43.56000000000001	Rab5b;mCG_18696
MGI:105941	Mpp1	15.279999999999998	17.02	Mpp1;RP23-62O13.2-003;RP23-62O13.2-009
MGI:105942	Hcfc1	13.629999999999999	40.61000000000001	Hcfc1;RP23-252M19.5-001
MGI:105943	Rpl10		30.96	Rpl10;Qm
MGI:105968	Txlna	9.57	23.12	Txlna;Txln
MGI:105976	Myo5a	24.66	99.51999999999998	Myo5a;RP24-189I2.1-001;Dilute;RP24-189I2.1-003
MGI:105979	G6pdx	19.469999999999995	103.22999999999996	G6pdx;G6pd;G6pd-1;RP23-436K3.17-004
MGI:105982	Rfx1	8.3	17.65	Rfx1
MGI:105992	Tkt	16.170000000000005	2363.499999999999	Tkt
MGI:106008	Anxa5	17.069999999999997	255.52999999999997	Anxa5;Anx5
MGI:106013	Slc16a1	10.310000000000002	48.67999999999999	Slc16a1;Mct1
MGI:106014	Nudc	14.1	67.41999999999999	Nudc
MGI:106015	Cox7a2l		57.98000000000001	Cox7a2l;Cox7rp;Silg81
MGI:106016	Tra2b	7.160000000000001	79.03000000000003	Tra2b;Sfrs10;Silg41
MGI:106022	Rpl26	11.600000000000001	136.94999999999993	Rpl26;RP23-396M19.1-002;RP23-396M19.1-003
MGI:106028	Rhoc	13.2	26.350000000000005	Rhoc;Arhc
MGI:106035	Mki67	9.669999999999998	8.22	Mki67;Ki-67
MGI:106040	Cyp51	13.25	21.12	Cyp51a1;Cyp51
MGI:106054	Psmc1	10.839999999999998	94.63	Psmc1
MGI:106065	Ppm1g	12.76	22.130000000000003	Ppm1g;Fin13;Ppm1c
MGI:106092	Etfa	14.680000000000001	280.91000000000014	Etfa
MGI:106095	Naca	14.150000000000004	29.020000000000003	Naca;Gm1878
MGI:106098	Etfb	15.909999999999998	173.58000000000004	Etfb
MGI:106100	Etfdh	13.629999999999999	141.20999999999998	Etfdh
MGI:106181	Mybbp1a	15.96	71.50999999999999	Mybbp1a;P160
MGI:106184	Npm1	6.53	150.84	Npm1;RP23-323L8.2-006
MGI:106201	Tmed1	10.880000000000003	53.93	Tmed1;Il1rl1l
MGI:106207	Mnat1	16.57	13.519999999999998	Mnat1;Mat1
MGI:106209	Hells	6.05	9.35	Hells;Lsh;Pasg
MGI:106211	Cdc42	13.160000000000002	57.95000000000003	Cdc42
MGI:106222	Capza2	9.059999999999999	94.45000000000002	Capza2;Cappa2
MGI:106227	Capza1		93.88	Capza1;Cappa1
MGI:106247	Prpf19	12.329999999999998	107.44	Prpf19;Prp19;Snev
MGI:106248	Eif5a	12.63	50.34	Eif5a
MGI:106250	Ermp1	21.06	7.180000000000001	Ermp1;D19Wsu12e;Fxna;Kiaa1815
MGI:106253	Pum3	15.030000000000001	34.720000000000006	Kiaa0020;D19Bwg1357e
MGI:106271	Mapre2	16.13	59.870000000000005	Mapre2
MGI:106292	Polr1f	4.73	24.200000000000003	Twistnb
MGI:106295	Tomm70a	9.959999999999999	50.03000000000001	Tomm70a;D16Wsu109e
MGI:106313	Desi1	10.58	8.619999999999997	Pppde2;D15Wsu75e;Fam152b
MGI:106314	Tars1	11.950000000000001	141.26000000000005	Tars
MGI:106330	Larp4b	4.47	42.60000000000001	Larp5;D13Wsu64e;Kiaa0217
MGI:106331	Med10	7.34	15.140000000000004	Med10;D13Wsu50e
MGI:106340	Rcor1	4.41	13.790000000000003	Rcor1;D12Wsu95e;Kiaa0071
MGI:106341	Atp5po	14.35	326.8500000000001	Atp5o;D12Wsu28e
MGI:106354	Vps25	10.5	76.72999999999999	Vps25;RP23-281C18.7-007;D11Wsu68e;RP23-281C18.7-003;RP23-281C18.7-004
MGI:106362	Sco1	6.32	350.78999999999996	Sco1;RP23-67J22.1-002
MGI:106379	Rtcb	12.47	43.589999999999996	D10Wsu52e
MGI:106381	Nopchap1	5.650000000000001	4.46	D10Wsu102e
MGI:106403	Spg21	21.200000000000003	13.260000000000002	Spg21
MGI:106417	Cherp	8.15	52.970000000000006	Cherp;Scaf6
MGI:106463	Washc2	12.879999999999999	69.67999999999999	Fam21;D6Wsu116e;Kiaa0592
MGI:106477	Mepce	3.98	43.61999999999999	Mepce;Bcdin3;Bipl1;D5Wsu46e
MGI:106478	Eif3b	18.19	44.42000000000001	Eif3b;Eif3s9
MGI:106479	Grsf1	9.280000000000001	13.76	Grsf1
MGI:106484	Rufy3	6.55	47.85000000000001	Rufy3;D5Bwg0860e;Ripx
MGI:106485	Ccdc92	9.850000000000001	10.839999999999998	Ccdc92;D5Bwg0834e
MGI:106499	Ppih	3.6899999999999995	92.81000000000003	Ppih;RP23-390M8.1-006;RP23-390M8.1-005
MGI:106504	Efhd2	12.93	133.12	Efhd2;RP23-423G13.3-001
MGI:106544	Spout1	8.789999999999997	52.03000000000001	D2Wsu81e
MGI:106558	Tmx4	5.17	47.669999999999995	Txndc13;RP23-207F4.1-003;Tmx4;D2Bwg1356e;Kiaa1162
MGI:106572	Imp4	11.839999999999998	32.760000000000005	Imp4;D1Wsu40e
MGI:106580	Cnot11	7.810000000000001	59.12999999999999	D1Bwg0212e
MGI:106581	Tsg101	10.989999999999998	32.71	Tsg101
MGI:106594	Gk	11.21	74.29000000000002	Gk;Gyk;RP23-181A7.2-004
MGI:106603	Serpinb9	19.020000000000003	145.06	Serpinb9;mCG_17886
MGI:106612	Myo1c	19.869999999999997	40.419999999999995	Myo1c
MGI:106613	Dvl2	6.499999999999999	12.2	Dvl2
MGI:106621	Myo1e	7.759999999999999	29.1	Myo1e
MGI:106624	Myo9b	9.520000000000001	34.86	Myo9b;Myr5
MGI:106636	Atp5me	17.219999999999995	84.29999999999998	Atp5i;Atp5k;Lfm-1;Lfm1
MGI:106652	Ro60	8.51	50.089999999999996	Trove2;Ssa2
MGI:106662	Ly75	15.540000000000001	16.08	Ly75;RP23-10L17.4-001;Cd205
MGI:106687	Pon2	7.24	64.57000000000001	Pon2;mCG_6171
MGI:106906	Eif4a2	3.1200000000000006	80.55000000000003	Eif4a2;Ddx2b
MGI:106908	Srpk1	5.360000000000001	31.980000000000004	Srpk1
MGI:106911	Hccs	6.73	57.439999999999976	Hccs;Cchl;RP23-37L2.1-001
MGI:106915	Vdac2	9.74	185.12000000000003	Vdac2;Vdac6
MGI:106916	Msra		100.71	Msra
MGI:106919	Vdac1	15.329999999999998	356.1399999999999	Vdac1;Vdac5
MGI:106920	Tmpo	9.23241628633176	95.4050485696765	Tmpo;Lap2
MGI:106922	Vdac3	11.510000000000002	185.10000000000005	Vdac3
MGI:106924	Melk	12.599999999999996	7.15	Melk;Kiaa0175;Pk38
MGI:106926	Mttp		71.44999999999997	Mttp;Mtp
MGI:107157	Sin3a	6.93	43.42	Sin3a
MGI:107158	Sin3b	13.18	8.8	Sin3b;Kiaa0700
MGI:107164	Ppp3ca	7.28	723.2900000000001	Ppp3ca;Calna
MGI:107168	Aurkb	6.72	5.34	Aurkb;Ark2;Stk1;Stk12;Stk5;RP23-19I2.1-001;mCG_147345
MGI:107169	Srp14	12.240000000000002	33.67	Srp14;RP23-450P9.3-003
MGI:107172	Ppp3r1	9.997299635401552	251.04100461876726	Ppp3r1;Cnb
MGI:107183	Cct8	13.300000000000002	77.44999999999997	Cct8;Cctq
MGI:107184	Cct7	16.81	73.27000000000001	Cct7;Ccth
MGI:107185	Cct5	13.550000000000004	59.300000000000004	Cct5;Ccte;Kiaa0098
MGI:107186	Cct2	12.45	86.28000000000003	Cct2;Cctb
MGI:107202	Atm	14.730000000000002	31.949999999999996	Atm
MGI:107207	Coq7	10.039999999999997	10.699999999999998	Coq7
MGI:107227	Gtf2h5	11.35	42.78	Gtf2h5;D17Wsu155e
MGI:107231	Dlg1	11.82	52.989999999999995	Dlg1;Dlgh1
MGI:107236	Lsg1	8.89	18.800000000000004	Lsg1;D16Bwg1547e
MGI:107252	Nsun2	16.88	80.64	Nsun2;D13Wsu123e;Misu
MGI:107265	Cpd	18.26	7.519999999999998	Cpd;RP23-396O3.1-001
MGI:107301	Ubfd1	9.45	89.81999999999995	Ubfd1;D7Wsu128e
MGI:107321	Cux2		56.380000000000024	Cux2;Cutl2
MGI:107329	Mrpl50	5.64	55.39999999999999	Mrpl50
MGI:107339	Gfm1	14.11	20.61	Gfm1;Efg;Efg1;Gfm
MGI:107361	Ctse		21.760000000000005	env;Ctse;ENSMUSG00000071305
MGI:107362	Stxbp3	4.92	26.124302861511918	Stxbp3;Stxbp3a;Unc18c
MGI:107363	Stxbp1	12.079999999999998	40.60000000000001	Stxbp1
MGI:107365	Ube2i	11.680000000000001	72.84999999999997	Ube2i;Ubc9;Ubce2i;Ubce9
MGI:107371	Rtkn	5.870000000000001	29.849999999999998	Rtkn
MGI:107372	Pter	13.19	328.58	Pter;RP23-415C3.1-005;RP23-415C3.1-003
MGI:107373	Dnajc3	19.61	42.82999999999999	Dnajc3;P58ipk
MGI:107380	Spag7	6.3100000000000005	11.42	Spag7;DN-183N8.18-002;RP23-326P7.3-002
MGI:107384	Dnm1	19.020000000000003	86.73000000000003	Dnm1;Dnm;Kiaa4093
MGI:107403	Clk1	2.57	5.739999999999999	Clk1;Clk;Sty;mCG_117461;Clk4
MGI:107412	Ube2e3	9.179999999999998	15.670000000000002	Ube2e3;Ubce4;Ubcm2;Ube2e2
MGI:107416	Supt4a	9.630000000000003	33.980000000000004	Supt4h1;Spt4h;Supt4h;Supt4h2
MGI:107422	Hspa4l	14.260000000000002	139.49	Hspa4l;Apg1;Hsp4l;Osp94
MGI:107427	Elavl4	8.26	187.6999999999999	Elavl2;RP23-52I15.1-007;RP23-52I15.1-003;RP23-52I15.1-011;RP23-52I15.1-008;Hub;RP23-52I15.1-004;RP23-52I15.1-001;RP23-52I15.1-005;Elavl4;Hud;RP23-283L16.1-006;RP23-283L16.1-002;RP23-283L16.1-005;RP23-283L16.1-003;RP23-283L16.1-007;RP23-283L16.1-001
MGI:107428	Cfap20	6.039999999999999	84.22999999999999	Gtl3
MGI:107438	Cab39	8.109999999999998	39.470000000000006	Cab39;Mo25
MGI:107440	Cep131	10.33	34.97999999999999	Azi1;RP23-37J21.1-001;RP23-37J21.1-006;Az1;Azi
MGI:107450	Dld	8.169999999999998	265.1699999999999	Dld
MGI:107451	Plcd3	5.19	64.77999999999999	Plcd3;Kiaa1964
MGI:107460	Cox6b1	15.170000000000002	90.92999999999999	Cox6b1;Cox6b
MGI:107470	Lyar	10.849999999999998	59.31000000000001	Lyar
MGI:107476	Stim1	17.44	43.510000000000005	Stim1;Sim
MGI:107494	Myl12b	12.639999999999999	55.05000000000002	Myl12b;Mrlc2;Mylc2b
MGI:107502	H1f3		73.13999999999997	Hist1h1d;H1f3
MGI:107532	Kpnb1	13.779999999999998	85.46000000000001	Kpnb1;Impnb
MGI:107549	Tbca	14.079999999999998	66.49000000000002	Tbca
MGI:107563	Nab2	4.01	17.630000000000003	Nab2
MGI:107564	Nab1	10.770000000000001	15.349999999999998	Nab1;mCG_123682
MGI:107565	Mela		128.45999999999998	Mela;gag-pol;1300007C21Rik
MGI:107566	Kifap3	19.240000000000002	22.33	Kifap3
MGI:107567	Irgm1	4.81	65.13999999999999	Irgm;Ifi1;Iigp3;Irgm1;RP23-14F5.1-003
MGI:107571	Cav2	9.959999999999999	212.59999999999994	Cav2
MGI:107573	Ott		36.92818842022988	OTTMUSG00000019145;RP23-327E13.2-001;OTTMUSG00000018984;RP23-291C10.1-001;Ott
MGI:107592	Hmgcs1		23.88	Hmgcs1
MGI:107622	Usp39	9.980000000000002	63.989999999999995	Usp39
MGI:107624	Mvk	14.399999999999999	471.6399999999999	Mvk
MGI:107629	Luzp1	4.82	38.39	Luzp1;Luzp
MGI:107633	Lxn	11.960000000000003	77.53000000000003	Lxn
MGI:107634	Larp7	10.41	84.37000000000003	Larp7;D3Wsu161e
MGI:107673	Akr1b8	10.07	144.02999999999994	Akr1b8;Fgfrp
MGI:107681	Rps29	11.620000000000001	147.03000000000006	Rps29
MGI:107682	Ppp1r14b	16.430000000000003	46.48	Ppp1r14b;Png
MGI:107685	Plxna1	11.49	6.61	Plxna1;Kiaa4053
MGI:107686	Coxfa4	17.7	11.620000000000001	Ndufa4
MGI:107688	Kif3b	10.23	67.12000000000003	Kif3b
MGI:107689	Kif3a	16.610000000000003	27.999999999999996	Kif3a;Kif3;RP23-188H3.1-001;mCG_13770
MGI:107701	Bckdha	16.719999999999995	58.13	Bckdha
MGI:107714	Dnah8		2.33	Dnahc8
MGI:107717	Myh9	15.689999999999996	59.76999999999998	Myh9
MGI:107726	Supt6	14.5	15.689999999999996	Supt6h;Kiaa0162
MGI:107733	Dctn2	11.620000000000001	56.100000000000016	Dctn2
MGI:107734	Ap3d1	13.939999999999998	94.26999999999998	Ap3d1;Ap3d
MGI:107735	Myo9a	6.700000000000001	54.25999999999999	Myo9a;Myr7
MGI:107736	Dync2h1		362.4699999999999	Dync2h1;Dhc1b;Dnchc2;Kiaa1997
MGI:107738	Dync1li2	7.37	58.75999999999998	Dync1li2;Dncli2;Dnclic2
MGI:107739	Casp3	6.2700000000000005	163.36999999999995	Casp3;Cpp32
MGI:107741	Pvr	4.63	61.860000000000014	Pvr;D7Ertd458e;Tage4
MGI:107745	Dctn1		68.92999999999999	Dctn1
MGI:107749	Tpd52	14.790000000000001	71.08000000000003	Tpd52
MGI:107750	Dync1i2	12.650000000000004	266.09999999999997	Dync1i2;RP23-299A2.1-007;RP23-299A2.1-009;RP23-299A2.1-002;mCG_19348;Dnci2;Dncic2;RP23-299A2.1-006
MGI:107752	Myo1b	13.489999999999998	50.4	Myo1b
MGI:107757	Gfer	7.56	162.25999999999996	Gfer;Alr;MNCb-0663
MGI:107760	Chka	4.999999999999999	18.820000000000004	Chka;Chk
MGI:107771	Abr	10.83	49.78	Abr
MGI:107777	Atp5pf	12.149999999999999	125.93000000000002	Atp5j
MGI:107788	Atp1b3	12.020000000000001	23.089999999999996	Atp1b3
MGI:107789	Aup1	10.060000000000002	37.11	Aup1
MGI:107795	Hnrnpc	18.57	136.4945478764628	Hnrnpc;Hnrpc
MGI:107796	Akr7a5	11.919999999999998	143.55	Akr7a5;RP23-247I1.5-001;Akr7a2;Afar
MGI:107801	Atp5f1b	18.499999999999996	239.91999999999993	Atp5b
MGI:107807	Uqcrq	16.69	30.470000000000006	Uqcrq
MGI:107809	Aamp	12.719999999999997	10.670000000000002	Aamp;mCG_114812
MGI:107810	Tfam	8.14	181.9799999999999	Tfam;Hmgts
MGI:107812	Tubb5	13.729999999999999	136.32999999999998	Tubb5
MGI:107813	Tubb3		179.23999999999998	Tubb3
MGI:107818	Mrc2	18.97	19.499999999999996	Mrc2;RP23-35E7.1-001;Kiaa0709
MGI:107822	Ebp	26.120000000000005	114.67999999999996	Ebp;Msi;RP23-27I6.10-002
MGI:107846	Prmt1	10.1	98.24999999999997	Prmt1;Hrmt1l2;Mrmt1
MGI:107848	Tubb4a		153.29000000000005	Tubb4
MGI:107851	Ndufv1	13.120000000000003	32.760000000000005	Ndufv1
MGI:107862	Nop16	10.979999999999999	18.71	Nop16;D13Wsu177e
MGI:107876	Uqcrc1	17.880000000000003	194.92999999999998	Uqcrc1
MGI:107877	Prkcsh	18.79	91.67000000000003	Prkcsh
MGI:107887	Gtf3c1	13.450000000000001	8.520000000000001	Gtf3c1
MGI:107889	Exosc5	7.9399999999999995	64.59000000000002	Exosc5;D7Wsu180e;Rrp46
MGI:107891	Nop2	6.53	67.97	Nop2;Nol1
MGI:107892	Fam3c	11.82	32.68	Fam3c;D6Wsu176e
MGI:107901	Nfyc	8.19	45.13	Nfyc
MGI:107912	Ssrp1	13.97	32.529999999999994	Ssrp1;RP23-232L15.5-002
MGI:107913	Tial1	9.430000000000001	69.08000000000003	Tial1
MGI:107926	Rock2	11.28	89.93000000000005	Rock2
MGI:107927	Rock1	9.11	47.31999999999999	Rock1
MGI:107929	Pip5k1a	4.16	7.23	Pip5k1a;Pip5k1b
MGI:107931	Sqstm1	9.95	5.37	Sqstm1;A170;STAP
MGI:107932	Ndufs6	22.92	33.83	Ndufs6;Ip13
MGI:107935	Lrig1	6.76	3.5699999999999994	Lrig1
MGI:107937	Tfb2m	8.2	14.640000000000004	Tfb2m
MGI:107940	Ezh2	9.850000000000001	22.02	Ezh2;Enx1h
MGI:107943	Cct6a	11.42	90.61000000000003	Cct6a;Cct6;Cctz;Cctz1
MGI:107949	Rhob	3.79	4.8	Rhob;Arhb
MGI:107953	Klc2	9.250000000000002	50.4	Klc2;mCG_8395
MGI:107978	Klc1	11.510000000000002	41.73	Klc1;Kns2
MGI:107979	Kif3c	8.809999999999999	35.68	Kif3c;mCG_140115
MGI:107995	Upf1	7.4799999999999995	48.190000000000005	Upf1;Rent1
MGI:108005	Myd88	7.930000000000001	13.999999999999996	Myd88
MGI:108014	Polr1b	8.619999999999997	22.910000000000004	Polr1b;Rpo1-2;RP24-388N11.1-001;mCG_21006;Rpa2;RP24-388N11.1-002
MGI:108016	Rad21	8.64	12.599999999999996	Rad21;Hr21
MGI:108017	Laptm4a	16.71	5.33	Laptm4a;Mtrp
MGI:108019	Sdf2	9.57	37.849999999999994	Sdf2
MGI:108025	Prkar2a	10.429999999999998	91.30999999999999	Prkar2a;mCG_16488
MGI:108028	Atr	10.94	15.929999999999998	Atr;Kiaa4069
MGI:108030	Hyou1	24.35	89.72000000000003	Hyou1;Grp170
MGI:108047	Bag1	20.340000000000003	56.279999999999994	Bag1
MGI:108048	Smyd5	9.169999999999998	90.40000000000002	Smyd5;Rai15
MGI:108051	Smad2	7.849999999999998	30.120000000000005	Smad2;Madh2;Madr2
MGI:108057	Rpl6	9.99	111.57000000000004	Rpl6
MGI:108069	Ccna2	8.51	4.33	Ccna2;Ccna;Cyca;mCG_14064
MGI:108074	Sptlc2	12.580000000000002	12.960000000000004	Sptlc2;Lcb2
MGI:108079	Sdf4	23.0	7.059999999999999	Sdf4;Cab45
MGI:108080	Serpinf1	16.38	1.69	Serpinf1;Pedf;Sdf3;RP23-384C18.1-006
MGI:108086	Hdac1	11.459999999999999	54.63999999999999	Hdac1
MGI:108087	Hars1	12.810000000000002	95.17000000000002	Hars
MGI:108089	Erh	19.230000000000004	40.86999999999999	Erh
MGI:108091	Bcar1	5.990000000000001	14.389999999999999	Bcar1;Cas;Crkas
MGI:108092	Bin1	13.17	90.80000000000003	Bin1;Amphl;Sh3p9
MGI:108093	Bid	6.29	67.97	Bid
MGI:108109	Ywhag	7.550000000000001	134.46000000000004	Ywhag
MGI:108117	Emd	13.29	49.92999999999999	Emd;Sta;RP23-436K3.2-002
MGI:108177	Dhx9	13.860000000000001	81.12999999999997	Dhx9;Ddx9
MGI:108180	Mrpl49	7.960000000000001	29.51000000000001	Mrpl49
MGI:108186	Aldh7a1	22.050000000000004	147.65999999999994	Aldh7a1;Ald7a1
MGI:108202	Pcbp2	18.35	49.220000000000006	Pcbp2;Cbp;Hnrnpx;Hnrpx
MGI:108212	Ripk1	7.660000000000002	41.26	Ripk1;Rinp;Rip
MGI:108278	Ube2m	11.61	41.81000000000001	Ube2m;Ubc-rs2;Ubc12
MGI:108295	Pxn	8.100000000000001	43.54999999999999	Pxn
MGI:108360	Enah	13.430000000000001	82.24000000000002	Enah;Mena;Ndpp1
MGI:108389	Kif4	10.979999999999999	13.079999999999998	Kif4;Kif4a;Kns4
MGI:108390	Kif2a	8.069999999999999	36.63000000000001	Kif2a;Kif2;Kns2
MGI:108396	Dtymk	7.160000000000001	31.390000000000008	Dtymk;Tmk
MGI:108399	Tcf20	8.100000000000001	34.099999999999994	Tcf20;Spbp
MGI:108403	Polr1d	7.1969576905800965	12.003832721260324	Polr1d;Rpo1-3
MGI:108405	Apbb2	3.47	11.039999999999997	Apbb2
MGI:108411	Prkag1	9.520000000000001	38.209999999999994	Prkag1;Prkaac
MGI:108412	Plpp1	11.1	56.49	Ppap2a;Hpic53;Lpp1
MGI:108414	Pafah1b3	14.689999999999998	176.33	Pafah1b3;Pafahg
MGI:108415	Pafah1b2	8.529999999999998	169.00999999999993	Pafah1b2;Pafahb
MGI:108426	Kif1b	8.66204363877255	20.104004576203216	Kif1b;RP23-249G3.1-007;mCG_141691
MGI:108447	Anp32a	15.780000000000003	411.79000000000013	Anp32a;Anp32;Lanp
MGI:108451	Acaca	14.020000000000001	105.29999999999997	Acaca;Acac;Gm738
MGI:108471	Ntan1	7.91	68.10999999999997	Ntan1
MGI:108481	Anxa11	20.3	58.98999999999999	Anxa11;Anx11;mCG_17919
MGI:108515	Cbx3	7.759999999999999	21.66	Cbx3
MGI:108517	Dennd2b	5.52	23.819999999999997	St5;Dennd2b
MGI:109127	Tsc22d1	4.16	6.9399999999999995	Tsc22d1;Kiaa1994;Tgfb1i4;Tilz1b;Tsc22
MGI:109130	Stip1	16.719999999999995	157.33	Stip1
MGI:109146	Tmsb10	24.060000000000002	57.690000000000005	Tmsb10;Ptmb10
MGI:109150	Mnt	5.43	7.930000000000001	Mnt;Rox
MGI:109152	Lig3	7.09	53.5	Lig3;RP23-316C11.6-002;mCG_8187
MGI:109153	Ktn1	13.039999999999997	57.04999999999999	Ktn1
MGI:109162	Gpam	7.91	34.60000000000001	Gpam;Gpat1;mKIAA1560
MGI:109164	Gng5	8.449999999999998	10.770000000000001	Gng5;Gngt5
MGI:109166	Ncs1	9.47	22.910000000000004	Freq;Ncs1
MGI:109175	Dab2	8.109999999999998	21.68	Dab2;Doc2
MGI:109176	Cpt2	7.34	214.93000000000004	Cpt2;RP23-40G2.4-001;mCG_17985;Cpt-2;RP23-40G2.4-002
MGI:109182	Acat3	11.63	5763.7000000000035	Acat2;Acat3
MGI:109192	Actn2		56.21999999999999	Actn2
MGI:109194	Ywhah	9.42	73.98999999999998	Ywhah
MGI:109200	Tradd	9.07	71.62	Tradd
MGI:109201	Nat2	2.73	158.32000000000005	Nat2;Aac2
MGI:109207	Eif4g2	18.770000000000003	42.099999999999994	Eif4g2;Nat1
MGI:109211	Pkn2	9.489999999999998	33.08	Pkn2;Prkcl2
MGI:109233	Kif22	7.290000000000001	4.78	Kif22
MGI:109234	Kif21b	7.069999999999999	54.92999999999998	Kif21b;Kif6
MGI:109239	Kcnab2	16.739999999999995	176.25999999999996	Kcnab2;Ckbeta2;I2rf5;Kcnb3
MGI:109240	Ube2l3	13.509999999999996	86.12000000000002	Ube2l3;Ubce7
MGI:109241	Tead3	9.13	15.509999999999998	Tead1;Tcf13;Tef-1;Tef1;mCG_15837;Tead3;RP24-68J3.4-007;Tead2;Etdf;Etf;Tef4;Tcf13r2;Tef5
MGI:109242	Spin1	3.22	7.36	Spin1;Spin
MGI:109257	Smn1	8.469999999999999	47.33	Smn1;Smn;RP23-333E24.4-008
MGI:109263	Tsn	11.8	64.64000000000001	Tsn
MGI:109268	Vasp	10.670000000000002	60.16999999999998	Vasp
MGI:109274	Trim28	11.430000000000001	70.83000000000001	Trim28;Krip1;Tif1b
MGI:109275	Trim24	7.14	8.839999999999998	Trim24;Tif1;Tif1a
MGI:109279	Nnt	37.17999999999999	72.47000000000001	Nnt
MGI:109280	Nudt1	8.839999999999998	5.4	Nudt1;Mth1
MGI:109281	Pkp4	11.1	156.91999999999996	Pkp4;Armrp;RP23-311G5.1-002
MGI:109283	Pdcd6	13.96	50.56	Pdcd6;Alg2
MGI:109284	Psen2	12.69	28.439999999999998	Psen1;Ad3h;Psnl1;Psen2;Ad4h;Alg3;Ps-2;Psnl2;mCG_6223
MGI:109292	Rad50	13.17	93.54	Rad50
MGI:109296	Sqle	8.4	9.260000000000002	Sqle;Erg1
MGI:109298	Mapkapk2	12.1	22.099999999999998	Mapkapk2;Rps6kc1
MGI:109299	Polr2c	6.6899999999999995	33.43	Polr2c;Rpo2-3
MGI:109301	Papola	13.720000000000002	34.67999999999999	Papola;Pap;Plap;Papolb;Papt;Tpap
MGI:109318	Myl6	13.779999999999998	148.31999999999996	Myl6;Myln
MGI:109324	Fadd	8.06	75.06999999999998	Fadd;Mort1
MGI:109328	Bnip1	5.09	22.589999999999996	Bnip1;Sec20;Sec20l;RP24-335I14.1-009
MGI:109331	Nxn	14.96	63.98000000000001	Nxn;Gn25
MGI:109334	Irs2	3.31	11.889999999999999	Irs2
MGI:109336	Etv6	5.539999999999999	23.299999999999997	Etv6;Tel;Tel1
MGI:109339	Eya3	7.430000000000001	40.74	Eya3
MGI:109342	Eif2d	12.500000000000002	74.29999999999998	Lgtn
MGI:109345	Ctr9	9.819999999999999	44.53999999999999	Ctr9;Kiaa0155;Sh2bp1
MGI:109353	Ufd1	6.920000000000001	38.040000000000006	Ufd1l
MGI:109356	Snap23	7.619999999999999	28.380000000000003	Snap23;RP23-158L6.2-002;Sndt;RP23-158L6.2-005;RP23-158L6.2-006
MGI:109362	Krt86		100.32000000000002	Krt85;Krt2-18;Krthb5;Krt83;Kb25;Krt2-25;Krt86;Krt2-10;Krthb6;Krt81;Krt2-19;5430421N21Rik
MGI:109367	Impdh2	9.650000000000002	47.61000000000001	Impdh2;Impdh
MGI:109369	Hp1bp3	9.220000000000002	42.620000000000005	Hp1bp3;RP23-25C1.1-008
MGI:109372	Cbx5	8.51	19.529999999999998	Cbx5;Hp1a
MGI:109373	Hmox2	8.249999999999998	54.34	Hmox2
MGI:109377	Ell	4.13	28.32	Ell;mCG_23118
MGI:109383	Casp7	6.4	31.750000000000007	Casp7;Lice2;Mch3
MGI:109386	Cebpz	12.890000000000002	47.03	Cebpz;Cbf2;Cebpa-rs1
MGI:109404	Nup98	5.529999999999999	25.961224932579746	Nup98
MGI:109419	Faf1	22.53	19.98	Faf1;RP23-113G7.1-001;mCG_141641
MGI:109443	Gtpbp1	12.44	41.35999999999999	Gtpbp1;Gtpbp
MGI:109447	Ctcf	6.34	46.95000000000001	Ctcf
MGI:109473	Usp34		25.91	Usp34;Kiaa0570;Murr2
MGI:109474	Commd1	14.600000000000001	68.73999999999997	Commd1;U2/MU;RP23-242C19.3-001;mCG_52266;Murr1
MGI:109484	Ywhaz	11.11	111.88999999999996	Ywhaz
MGI:109486	Prdx2	12.559999999999999	249.06000000000012	Prdx2;Tdpx1;Tpx
MGI:109489	Snrpc	12.489999999999998	31.91	Snrpc;Snrp1c
MGI:109490	Sms	6.54	97.45999999999998	Sms
MGI:109496	Lgals9	18.329999999999995	25.769999999999996	Lgals9;RP23-12I13.3-002
MGI:109501	Crat	18.18	91.68000000000002	Crat
MGI:109514	Cstb	12.149999999999999	308.03	Cstb;Cst6;Stfb
MGI:109520	Pafah1b1	8.26	45.65999999999999	Pafah1b1;Lis-1;Lis1;Pafaha
MGI:109529	Dpf2	8.19	21.339999999999996	Dpf2;Req;Ubid4
MGI:109531	Cdc37	28.42	47.76	Cdc37
MGI:109533	Abcb7	12.51	104.18000000000004	Abcb7;RP23-202N14.1-001;Abc7
MGI:1095401	Rida	14.449999999999998	327.4	Hrsp12;Hrp12
MGI:1095403	Sf1	10.58	43.57000000000001	Sf1;Zfm1;Zfp162
MGI:1095406	Tuba3a	10.299999999999999	107.34999999999997	Tuba1a;Tuba1;Tuba3a;Tuba3;Tuba3b;Tuba7
MGI:1095408	Tuba3b	10.299999999999999	107.34999999999997	Tuba1a;Tuba1;Tuba3a;Tuba3;Tuba3b;Tuba7
MGI:1095409	Tuba1c	6.78	79.05000000000001	Tuba1c;Tuba6
MGI:1095410	Tuba4a	12.259999999999998	89.76000000000003	Tuba4a;Tuba4
MGI:1095411	Nup214	13.689999999999998	98.95000000000003	Nup214;Kiaa0023
MGI:1095417	Gsta1		7.2	Gsta1;Gsta;Gstya;Gsta2;ENSMUSG00000074179;mCG_129928
MGI:109544	Crybg1	10.770000000000001	38.53	Aim1
MGI:109547	Dnm2		72.02000000000001	Dnm2;Dyn2
MGI:109548	Adam10	19.310000000000002	13.409999999999997	Adam10;RP24-68C7.1-001;mCG_2943;Kuz;Madm
MGI:109555	Psmc2	10.809999999999999	57.75999999999997	Psmc2;Mss1
MGI:109564	Kif5a		66.32	Kif5a;Kiaa4086;Kif5;Nkhc1
MGI:109568	Wbp4	7.7	15.96	Wbp4;Fbp21;Fnbp21;mCG_9013
MGI:109569	Fmnl3	9.13	11.869999999999997	Fmnl3;Kiaa2014
MGI:109573	Tep1	14.779999999999996	61.269999999999996	Tep1;Tp1
MGI:109580	Sf3b4	7.960000000000001	26.319999999999997	Sf3b4
MGI:109581	S100a13	12.179999999999998	153.24	S100a13
MGI:109582	Polr2j	8.8	24.43	Polr2j;Rpo2-4
MGI:109583	Pten	11.85	129.04287814521183	Pten
MGI:109584	Prpf4b	6.789999999999999	135.01	Prpf4b;mCG_22253;Cbp143;Prp4h;Prp4k;Prp4m;Prpk
MGI:109591	Nfic	12.46	26.440000000000005	Nfic
MGI:109596	Kifc1		9.379999999999999	Kifc1;Kifc4;Kifc5a;Kifc5b;KIFC1
MGI:109602	Gphn	12.949999999999998	113.46999999999998	Gphn
MGI:109605	Srgap2	8.64	46.60999999999999	Srgap2;Fbp27;Fnbp2
MGI:109618	Atp6v1b2	9.680000000000001	312.44	Atp6v1b2;Atp6b2;Vat2
MGI:109622	Aip	13.18	30.41	Aip
MGI:109629	Atp6ap1	20.3	6.910000000000001	Atp6ap1;Atp6ip1;Atp6s1;RP23-436K3.7-008
MGI:1096317	Eef1a2		103.16000000000004	Eef1a2;Eef1al;Stn
MGI:1096335	Adam17	17.7	5.75	Adam17;Tace
MGI:1096342	Rhoa	18.309999999999995	24.24	Rhoa;Arha;Arha2
MGI:1096344	Ampd3	8.06	76.77999999999997	Ampd3;mCG_7237
MGI:109635	Wrn		9.37	Wrn;WRN
MGI:1096360	Cd151	16.509999999999998	11.98	Cd151;Peta3
MGI:1096361	Jpt1	11.690000000000001	17.169999999999998	Hn1
MGI:1096365	Psme2	13.450000000000001	200.31999999999996	Psme2;Pa28b1
MGI:1096366	Psme3	10.009999999999998	27.64	Psme3;RP23-281C18.14-003
MGI:1096367	Psme1	15.58	313.47999999999996	Psme1
MGI:1096368	Ap1b1	15.359999999999996	86.80999999999997	Ap1b1;mCG_14701;Adtb1
MGI:1096376	Exoc4	14.580000000000004	41.150000000000006	Exoc4;Sec8;Sec8l1
MGI:109638	Clns1a	10.109999999999998	40.489999999999995	Clns1a;Icln;Clci;Clcni
MGI:1096380	Psmb10	19.020000000000003	28.59	Psmb10;Lmp10;Mecl1
MGI:1096386	Hsd17b2		50.209999999999994	Hsd17b2;Edh17b2
MGI:1096397	Polr1a	15.590000000000002	12.52	Polr1a;Rpa1;Rpo1-4
MGI:1096398	Cd81	18.140000000000004	10.8	Cd81;Tapa1
MGI:1096399	Vamp7		29.41	Vamp7;Sybl1
MGI:109656	Lasp1	12.91	309.62	Lasp1;Mln50;RP23-386E10.6-011;RP23-386E10.6-010;RP23-386E10.6-005;RP23-386E10.6-006;RP23-386E10.6-007
MGI:1096570	Tex264	10.29	14.219999999999997	Tex264;mCG_19534
MGI:1096573	Utp4	7.740000000000002	22.94	Cirh1a;Kiaa1988;Tex292
MGI:1096584	Psmd2	22.200000000000003	56.52	Psmd2
MGI:1096875	Wdfy3	9.339999999999998	9.680000000000001	Wdfy3
MGI:1096879	Fxn	8.15	88.62000000000002	Fxn;Frda
MGI:1096881	Eef1a1	17.500000000000004	126.32999999999996	Eef1a1;Eef1a
MGI:1097156	Ptgis	16.58	192.74000000000004	Ptgis;Cyp8;RP23-105M23.1-002;mCG_14612
MGI:1097157	Ppef1	16.66	165.64000000000001	Ppef1;Dres10;Ppef
MGI:1097158	Calu	20.329754056554638	44.30584611538302	Calu
MGI:1097159	Neo1	18.920000000000005	6.4799999999999995	Neo1;Ngn
MGI:1097161	Bak1	11.21	171.62999999999997	Bak1;Bak
MGI:1097163	Pold2	12.98	14.449999999999998	Pold2;RP23-385C16.2-001;mCG_21379;RP23-385C16.2-003
MGI:1097667	Ganab	17.749999999999996	129.24999999999997	Ganab;G2an;Kiaa0088
MGI:1097668	Upp1	9.79	67.41	Upp1;Up;Upp
MGI:1097682	Rps5	15.920000000000002	128.83000000000004	Rps5;mCG_22552
MGI:1097691	Hdac2	12.01	59.38999999999998	Hdac2;Yy1bp
MGI:1097711	Degs1	12.030000000000001	14.16	Degs1;Degs;Des1;Mdes
MGI:1098219	Hmgb3	9.3	55.77999999999998	Hmgb3;Hmg2a;Hmg4;RP23-478M17.2-005
MGI:1098221	Gamt	16.949999999999996	107.52999999999999	Gamt
MGI:1098226	Kif14	6.1	30.099999999999998	Kif14
MGI:1098231	Kif11	6.73	8.49	Kif11
MGI:1098233	Impact	5.819999999999999	23.88	Impact
MGI:1098234	Adprh	12.030000000000001	79.14999999999998	Adprh;Arh1
MGI:1098236	Cast	16.789999999999996	123.21	Cast
MGI:1098239	Kif7	5.819999999999999	12.57	Kif7
MGI:1098242	Bpgm	6.66	19.529999999999998	Bpgm
MGI:1098244	Ap1s1	13.509999999999996	39.230000000000004	Ap1s1;Ap19
MGI:1098257	Psmb4	15.009999999999998	126.38999999999996	Psmb4;Lmp3
MGI:1098259	Capg	13.77	88.59000000000003	Capg
MGI:1098260	Kif1c	24.159999999999997	22.23	Kif1c;DN-199E5.2-001;DN-199E5.2-002;RP23-326P7.10-002
MGI:1098264	Kif13a	10.83	50.209999999999994	Kif13a
MGI:1098267	Ogdh	22.720000000000002	199.25	Ogdh;Kiaa4192
MGI:1098268	Kif5b	12.339999999999998	67.67000000000003	Kif5b;Khcs;Kns1
MGI:1098269	Kif5c		77.68	Kif5c;Nkhc2
MGI:1098273	Amacr	12.1	276.8999999999999	Amacr;Macr1
MGI:1098280	Crebbp	3.72	58.600000000000016	Crebbp;Cbp
MGI:1098296	Cpt1a	11.199999999999998	49.02000000000001	Cpt1a;Cpt-1;Cpt1
MGI:1098535	Camk1	13.030000000000001	62.799999999999976	Camk1
MGI:1098547	Nhp2	13.800000000000002	96.64999999999998	Nhp2;Nola2
MGI:1098551	Clk4	2.57	5.739999999999999	Clk1;Clk;Sty;mCG_117461;Clk4
MGI:1098583	Stag2		29.569999999999997	Stag2;Sa2;Sap2
MGI:1098586	Rab11fip5	8.21	17.100000000000005	Rab11fip5;mKIAA0857
MGI:1098604	Rragd	8.22	71.09999999999997	Rragc;Rragd;Ragd;RP23-360H6.3-001;mCG_12768
MGI:1098622	Rif1	5.41	22.819999999999997	Rif1
MGI:1098623	Acaa2	18.690000000000005	458.17	Acaa2;mCG_22649
MGI:1098641	Wasf2	7.749999999999999	82.29999999999998	Wasf2;Wave2;RP23-341B14.1-003
MGI:1098643	Coq5	7.719999999999998	15.560000000000004	Coq5;D5Ertd33e
MGI:1098653	Rbm34	7.290000000000001	48.91	Rbm34;D8Ertd233e
MGI:1098658	Stag1	12.500000000000002	47.49	Stag1;Sa1
MGI:1098670	Clk3	5.04	15.079999999999998	Clk3
MGI:1098673	Anapc4	10.32	15.199999999999998	Anapc4;D5Ertd249e
MGI:1098684	Eif2a	8.65	82.84000000000002	Eif2a;D3Ertd194e
MGI:1098687	Aak1	11.919999999999998	194.82999999999993	Aak1;Kiaa1048
MGI:1098703	Sgta	12.94	47.7	Sgta;Sgt
MGI:1098726	Emp2	15.999999999999998	271.89	Emp2;Xmp
MGI:1098727	Trappc1	9.290000000000001	34.669999999999995	Trappc1;RP23-26L6.10-004;mCG_20883;RP23-26L6.10-003
MGI:1098754	Psmc3	13.489999999999998	54.48	Psmc3;RP23-263H8.1-009;Tbp1;RP23-263H8.1-002
MGI:1098757	Coa3	6.950000000000001	42.96	Ccdc56
MGI:1098779	Cdk2ap2	10.000000000000002	19.29	Cdk2ap1;Cdkap1;Doc1;Cdk2ap2;D19Ertd144e;Doc1r
MGI:1098791	Sepsecs	3.44	112.16	Sepsecs;D5Ertd135e
MGI:1098801	Otud4	4.62	28.439999999999998	Otud4
MGI:1098802	Cdk12	5.41	6.71	Crkrs;Crk7;Kiaa0904;RP23-333M1.3-004
MGI:1098806	Commd2	10.72	7.519999999999998	Commd2
MGI:1098808	Pex5	6.28	15.38	Pex5;Pxr1
MGI:1098815	Cdc23	10.459999999999999	355.73999999999984	Cdc23;Anapc8
MGI:1098826	Coq4	10.58	15.679999999999998	Coq4;RP23-304D11.5-005
MGI:1099431	Sptlc1	9.589999999999998	31.450000000000003	Sptlc1;Lcb1
MGI:1099438	Nsdhl	16.120000000000005	186.52	Nsdhl
MGI:1099439	Stk10	7.319999999999999	24.98	Stk10;Lok
MGI:1099447	Golgb1	10.1	52.13000000000001	Golgb1
MGI:1099452	Mtm1	7.639999999999998	150.66000000000005	Mtm1;RP23-300F6.3-002;RP23-300F6.3-003;mKIAA4176;RP23-300F6.3-004
MGI:1099460	Rbm3	10.920000000000002	33.25000000000001	Rbm3;RP23-27I6.7-003
MGI:1099463	Idh3g	14.070000000000002	51.559999999999995	Idh3g
MGI:1099464	Ssr4	14.429999999999996	68.39000000000001	Ssr4
MGI:1099786	Dhx15	9.57	90.0	Dhx15;Ddx15;Deah9
MGI:1099790	Plk2	3.4099999999999997	47.85000000000001	Plk2;Snk
MGI:1099800	Nfkb2	11.469999999999999	6.669999999999999	Nfkb2
MGI:1099804	Hip1	16.390000000000004	25.85	Hip1;Kiaa4113
MGI:1099818	Pkd2	9.45	23.59	Pkd2
MGI:1099832	Tln1	24.989999999999995	51.446693771320255	Tln1;RP23-195K8.11-001
MGI:1099835	Skic2	11.340000000000002	114.35000000000002	Skiv2l;SKI;Stk19;mCG_15924
MGI:1100495	Atp5pb	11.659999999999998	325.17000000000013	Atp5f1
MGI:1100499	Vps4b	7.269999999999999	28.529999999999998	Vps4b;Skd1
MGI:1100500	Flot1	12.23	109.13999999999996	Flot1
MGI:1100512	Mre11a	8.09	74.00999999999999	Mre11a;Mre11
MGI:1100514	Pnn	8.690000000000001	60.519999999999975	Pnn
MGI:1100515	Dr1	5.27	83.56999999999998	Dr1
MGI:1100517	Clpb	24.359999999999996	61.27999999999997	Clpb;Skd3
MGI:1100520	Twf1	9.430000000000001	58.06999999999999	Twf1;Ptk9
MGI:1100818	Crcp	7.15	12.43	Crcp
MGI:1100836	Kpna6	8.54	32.040000000000006	Kpna6;Kpna5;RP23-151A15.9-003;mCG_13554
MGI:1100846	Med1	4.61	46.790000000000006	Med1;Crsp210;Drip205;Pbp;Pparbp;Trap220;Trip2
MGI:1100848	Kpna4	6.379999999999999	52.899999999999984	Kpna4;Qip1
MGI:1100851	Elavl1	9.439999999999998	87.76000000000003	Elavl1;Elra;Hua
MGI:1100863	Kpna3	8.630000000000003	52.81000000000001	Kpna3;Qip2
MGI:1100865	Rbm4	5.819999999999999	22.08	Rbm4;Rbm4a;Rbm4b;Rbm30
MGI:1100868	Tbrg4	7.46	62.72999999999997	Tbrg4;Kiaa0948
MGI:1100877	Tbrg1	10.129999999999999	4.74	Tbrg1;Niam;mFLJ00213
MGI:1100887	Elavl2	8.26	187.6999999999999	Elavl2;RP23-52I15.1-007;RP23-52I15.1-003;RP23-52I15.1-011;RP23-52I15.1-008;Hub;RP23-52I15.1-004;RP23-52I15.1-001;RP23-52I15.1-005;Elavl4;Hud;RP23-283L16.1-006;RP23-283L16.1-002;RP23-283L16.1-005;RP23-283L16.1-003;RP23-283L16.1-007;RP23-283L16.1-001
MGI:1101356	Ece2	8.930000000000001	24.040000000000003	Ece2
MGI:1101358	Npepps	10.479999999999999	149.64000000000001	Npepps;Psa
MGI:1101759	Rnf2	5.58	23.470000000000002	Rnf2;DinG;Ring1b
MGI:1194490	Diaph1	15.249999999999998	58.77999999999999	Diap1;Diaph1
MGI:1194492	Hdgfl2	10.29	121.92000000000003	Hdgfrp2
MGI:1194494	Hdgf	17.589999999999996	119.85	Hdgf;Tdrm1
MGI:1194500	Ablim1	7.719999999999998	27.15	Ablim1;Ablim;Kiaa0059
MGI:1194505	C1qbp	8.55	135.01	C1qbp;DN-393H17.2-001;RP23-83I13.1-001;mCG_21176;Gc1qbp
MGI:1194508	Ddost	22.21	100.04	Ddost
MGI:1194513	Psmb5	9.909999999999998	120.11	Psmb5
MGI:1194891	Gpc1	19.080000000000002	6.97	Gpc1
MGI:1194910	Rbbp7	11.72	25.65	Rbbp7;Rbap46;RP23-436I3.1-002;RP23-436I3.1-003;RP23-436I3.1-005
MGI:1194912	Rbbp4	18.27	28.98	Rbbp4;RP23-391E6.3-001;mCG_12245;Rbap48
MGI:1194921	Ttk	6.370000000000001	7.890000000000001	Ttk;Esk
MGI:1195256	Pla2g4a	11.169999999999998	71.19999999999999	Pla2g4a;Cpla2;Pla2g4
MGI:1195262	Man2b2	19.790000000000003	32.230000000000004	Man2b2;Kiaa0935
MGI:1195263	Lims1	7.180000000000001	74.46	Lims1;Pinch1;mCG_19016
MGI:1195267	Ilk	12.45	13.039999999999997	Ilk
MGI:1195268	Sigmar1	10.949999999999998	97.76999999999997	Oprs1;Sigmar1
MGI:1195270	Zmat3	7.46	15.82	Zmat3;Pag608;Wig1
MGI:1195276	Bloc1s1	13.2	31.550000000000004	Bloc1s1;Gcn5l1
MGI:1195456	Rnh1	17.32	89.27999999999997	Rnh1;Rnh
MGI:1195458	Abce1	11.510000000000002	58.06999999999999	Abce1;Rli
MGI:1195461	Septin5		216.43	Sept5;Pnutl1
MGI:1196228	Zcchc10	2.79	19.650000000000002	Zcchc10
MGI:1196246	Znrf2	8.08	23.150000000000002	Znrf2
MGI:1196256	Kdm1a	7.749999999999999	20.09	Aof2;RP23-426N4.2-002;Kdm1;Kiaa0601;Lsd1
MGI:1196260	Jpt2	9.21	32.120000000000005	Hn1l;D17Ertd441e
MGI:1196261	Trmt10c	3.02	92.97000000000003	Rg9mtd1;Mrpp1
MGI:1196274	Cdca8	9.040000000000001	5.32	Cdca8
MGI:1196288	Eif6	11.669999999999998	50.6	Eif6;RP23-388H13.5-005;Itgb4bp
MGI:1196293	Tubgcp4	10.880000000000003	21.31	Tubgcp4;D2Ertd435e;Gcp4;RP23-437L13.1-002;mCG_11966;RP23-437L13.1-006
MGI:1196294	Fubp1	10.41	194.22999999999996	Fubp1;mCG_115545;D3Ertd330e
MGI:1196314	Dhrs1	20.49	55.719999999999985	Dhrs1;D14ertd484e
MGI:1196356	Iqsec1	9.189999999999998	23.400000000000002	Iqsec1;Kiaa0763
MGI:1196368	Carhsp1	10.859999999999998	52.81000000000001	Carhsp1
MGI:1196373	Reps1	9.220000000000002	42.13000000000001	Reps1
MGI:1196391	Pole	10.189999999999998	11.189999999999998	Pole;Pole1
MGI:1196398	Champ1	3.8	14.320000000000002	Znf828;D8Ertd457e;Kiaa1802;Zfp828
MGI:1196405	Ctdspl2	4.37	36.82	Ctdspl2;D2Ertd485e
MGI:1196412	Tnpo3	13.61	59.850000000000016	Tnpo3
MGI:1196415	Tada1	5.24	25.880000000000003	Tada1l
MGI:1196437	Hltf	8.26	12.360000000000001	Hltf;Smarca3;Snf2l3;Zbu1
MGI:1196457	Atp5if1	13.850000000000003	173.33000000000004	Atpif1;Atpi;If1;mCG_16260
MGI:1196608	Slc4a1ap	7.810000000000001	45.84000000000001	Slc4a1ap
MGI:1196612	Mrpl23		247.07999999999993	Mrpl23;L23mrp
MGI:1196624	Tcea1	9.31	70.31999999999998	Tcea1;Tceat
MGI:1197010	Sumo1	11.28	13.569999999999997	Sumo1;Smt3c;Smt3h3;Ubl1
MGI:1197012	Aebp1	16.88	5.05	Aebp1;Aclp
MGI:1197013	Rasa3	7.04	14.339999999999998	Rasa3
MGI:1197524	Pitpnm1	8.54	39.97	Pitpnm1;Dres9;Mpt1;Nir2;Pitpnm
MGI:1201374	Anxa8	11.559999999999999	284.3199999999999	Anxa8;Anx8
MGI:1201378	Anxa3	11.039999999999997	74.91000000000003	Anxa3;Anx3
MGI:1201386	Nrdc	29.460000000000004	58.58999999999999	Nrd1;RP23-188A12.1-002;RP23-188A12.1-008
MGI:1201670	Psmd4		16.94	Psmd4;Mcb1
MGI:1201671	Synj2	5.09	14.84	Synj2;Kiaa0348
MGI:1201674	Smad3	5.29	21.97	Smad3;Madh3;RP23-63E8.1-002
MGI:1201682	Kif20a	13.999999999999996	6.13	Kif20a;Rab6kifl
MGI:1201685	Ctbp1	14.439999999999998	63.599999999999994	Ctbp1
MGI:1201686	Ctbp2	7.23	45.14000000000001	Ctbp2
MGI:1201689	Tapbp	25.540000000000003	11.269999999999998	Tapbp;Tapa
MGI:1201690	Map6	10.07	59.06	Map6;Mtap6
MGI:1201692	Rabac1	15.689999999999996	5.85	Rabac1;Pra;Pra1;Praf1;rab6
MGI:1201778	Atp6v0d1	14.2	99.84000000000002	Atp6v0d1;Atp6d
MGI:1201779	Hnrnph2	8.969999999999999	75.79999999999998	Hnrnph2;Hnrph2
MGI:1201780	Atp6v1a	17.169999999999998	77.26	Atp6v1a;Atp6a1;Atp6a2;Atp6v1a1
MGI:1201789	Rpl36a		153.44999999999993	Rpl36a;Rpl44
MGI:1202063	Rps3a1	14.260000000000002	126.70000000000003	Rps3a
MGI:1202065	Chek1	5.88	7.710000000000001	Chek1;Chk1
MGI:1202066	Sec61g		36.05	Sec61g
MGI:1202069	Cdk2ap1	10.000000000000002	19.29	Cdk2ap1;Cdkap1;Doc1;Cdk2ap2;D19Ertd144e;Doc1r
MGI:1202298	Nmt2	6.370000000000001	71.68999999999998	Nmt2;RP23-167G19.1-003;RP23-167G19.1-002
MGI:1202301	Itch	8.49	24.79	Itch
MGI:1202384	Ddb1	16.69	9.709999999999999	Ddb1
MGI:1202397	Ints6	4.83	43.7	Ints6;Dbi1;Ddx26
MGI:1202400	Supt5	11.430000000000001	35.419999999999995	Supt5h
MGI:1202717	Psen1	12.69	28.439999999999998	Psen1;Ad3h;Psnl1;Psen2;Ad4h;Alg3;Ps-2;Psnl2;mCG_6223
MGI:1202722	Gtf2i	15.400000000000002	20.189999999999998	Gtf2i;Bap135;Diws1t
MGI:1202875	Btf3	10.959999999999999	15.607600712473394	Btf3
MGI:1202907	Csrp2	10.590000000000002	42.760000000000005	Csrp2;Dlp1
MGI:1203484	Zfp638	7.109999999999999	60.519999999999975	Znf638;Np220;Zfml
MGI:1203500	Rrp1	15.129999999999999	14.150000000000004	Rrp1;Nnp1
MGI:1203517	Birc5	7.570000000000001	6.41	Birc5;Api4;Iap4
MGI:1203520	Dapk3	11.86	15.419999999999996	Dapk3;Zipk
MGI:1203524	Smarcc1	14.889999999999999	31.650000000000006	Smarcc1;Baf155;Srg3
MGI:1203729	Pik3c2a	7.46	21.41	Pik3c2a;Cpk
MGI:1206040	Vps26c	8.370000000000001	42.50000000000001	Dscr3;Dcra;Dscra
MGI:1261415	Sgpl1	12.83	61.84000000000001	Sgpl1
MGI:1261423	Casp8	5.91	82.29000000000003	Casp8
MGI:1261425	Drosha	21.550000000000004	7.920000000000001	Rnasen;Etohi2
MGI:1261428	Chchd2		14.379999999999999	2410018M08Rik;Scand3;mCG_130675;Chchd2
MGI:1261437	Atp5f1c	14.170000000000003	70.84	Atp5c1;RP23-119N4.1-003;RP23-119N4.1-005;RP23-119N4.1-007;RP23-119N4.1-004
MGI:1261758	Suz12	6.260000000000001	21.219999999999995	Suz12;D11Ertd530e;Kiaa0160
MGI:1261794	Haus4	7.01	31.510000000000005	Haus4;D14Ertd500e
MGI:1261797	Xtbd1	8.469999999999999	86.99000000000002	Cdkn2aipnl;D11Ertd497e;MNCb-1520
MGI:1261814	Palm	11.63	32.31999999999999	Palm
MGI:1261820	Cand1	12.149999999999999	195.57	Cand1;D10Ertd516e;Kiaa0829
MGI:1261838	Nit2	7.26	481.68	Nit2;D16Ertd502e
MGI:1261845	Esyt2	10.909999999999998	32.14	Fam62b;D12Ertd551e;Esyt2
MGI:1261847	Vrk1	16.27	42.72	Vrk1
MGI:1261855	Cisd1	14.11	42.65999999999999	Cisd1;D10Ertd214e;Zcd1
MGI:1261856	Ankle2	8.809999999999999	11.680000000000001	Ankle2;D5Ertd585e;Kiaa0692
MGI:1261890	Fbxo28	5.949999999999999	7.2	Fbxo28;D1Ertd578e;Kiaa0483
MGI:1270128	Usp12	8.72	45.20000000000001	Usp12;Ubh1;Usp46
MGI:1270129	Dnaja1	11.31	14.7	Dnaja1;Dnaj2;Hsj2;Hspf4;RP23-135L5.1-004
MGI:1270152	Reep5	25.209999999999997	120.31000000000004	Reep5;Dp1
MGI:1270839	Cacybp	9.88	70.55000000000001	Cacybp;Sip
MGI:1270843	Pde6d	8.8	38.519999999999996	Pde6d
MGI:1270849	Rps6kb1	9.51	30.030000000000005	Rps6kb1
MGI:1270860	Plscr2	7.510000000000001	12.370000000000001	Plscr2;mCG_17683
MGI:1270863	Prep	13.030000000000001	126.89999999999996	Prep;Pep
MGI:1274789	Taldo1	14.96	118.55000000000001	Taldo1;Tal;Taldo
MGI:1276102	Aqr	11.230000000000002	43.42	Aqr;Kiaa0560;RP23-230H3.4-004
MGI:1276106	Ccnk	8.830000000000002	68.83000000000001	Ccnk
MGI:1276108	Birc6	10.32	31.57	Birc6
MGI:1276111	Pfdn2	7.28	54.21	Pfdn2;Pfd2
MGI:1276116	Ep300	5.119999999999999	25.299999999999997	Ep300
MGI:1276533	Ncoa2	6.87	16.180000000000003	Ncoa2;Grip1;Tif2
MGI:1276535	Ncoa3	7.450000000000001	140.69	Ncoa3;RP23-120P1.1-001;mCG_14623;Aib1;Pcip;Rac3;Tram1
MGI:1276574	Nsd2	9.47	10.29	Whsc1;Kiaa1090;Nsd2
MGI:1277096	Ptp4a1		11.070000000000002	Ptp4a1;Prl1
MGI:1277113	Pacs1	15.46	34.60000000000001	Pacs1
MGI:1277114	Ptgfrn	18.37	15.06	Ptgfrn;Fprp
MGI:1277117	Ptp4a2	13.209999999999999	20.149999999999995	Ptp4a2;Prl2
MGI:1277120	Arfip1	8.88	60.579999999999984	Arfip1
MGI:1277122	Rcn3	20.990000000000002	169.83	Rcn3;D7Ertd671e
MGI:1277124	Asah1	20.110000000000003	132.3	Asah1;Asah
MGI:1277143	Gtf2h3	9.1	21.01	Gtf2h3
MGI:1277162	Cdk6	4.65	13.790000000000003	Cdk6;Crk2
MGI:1277169	Echdc1	9.729999999999999	539.9700000000001	Echdc1
MGI:1277172	Ddx56	8.44	29.57999999999999	Ddx56;D11Ertd619e;Noh61
MGI:1277178	Fam91a1	9.729999999999999	47.94	Fam91a1;D15Ertd621e;Kiaa0493
MGI:1277184	Macir	3.66	8.89	D1Ertd622e
MGI:1277202	Cnih1	10.739999999999998	131.53000000000003	Cnih
MGI:1277214	Septin11	13.9	81.65999999999998	Sept11;D5Ertd606e
MGI:1277216	Gtf2h1	8.15	43.470000000000006	Gtf2h1
MGI:1277218	Rpap3	10.620000000000001	37.22999999999999	Rpap3;D15Ertd682e
MGI:1277220	Ccdc86	9.37	20.03	Ccdc86;Cyclon;D19Ertd678e;MNCb-4327
MGI:1277223	Atxn2	8.860000000000001	52.699999999999996	Atxn2;Atx2;Sca2
MGI:1277953	Rp2	10.009999999999998	48.03000000000001	Rp2;Rp2h
MGI:1277956	Pycr2	6.990000000000001	80.22999999999999	Pycr2
MGI:1277958	Pcm1	10.69	12.530000000000001	Pcm1
MGI:1277961	Plec	10.089800261623274	122.96177362939812	Plec1
MGI:1277962	Hus1	4.88	43.43000000000001	Hus1
MGI:1277968	Cavin1	19.100000000000005	125.12	Ptrf
MGI:1277973	Thumpd3	6.849999999999999	54.04	Thumpd3
MGI:1277977	Ubr1	9.719999999999999	31.349999999999998	Ubr1;RP23-337M17.5-001
MGI:1277978	Sap18		25.660000000000004	Sap18
MGI:1277989	Shmt2	10.679999999999998	91.07999999999996	Shmt2
MGI:1278328	Dnpep	14.750000000000002	213.92999999999992	Dnpep;mCG_133858
MGI:1278330	Smpd2	7.01	89.55000000000001	Smpd2
MGI:1278340	Rpl21		140.33000000000004	Rpl21
MGI:1278343	Nipsnap2	9.699999999999998	335.66	Gbas;Nipsnap2
MGI:1278344	Nipsnap1	10.79	499.0900000000001	Nipsnap1;RP23-64E17.1-003
MGI:1289155	Trmt1	9.040000000000001	57.020000000000024	Trmt1;D8Ertd812e
MGI:1289156	Pbk	6.34	16.509999999999998	Pbk;Topk
MGI:1289164	Ncaph2	14.5	22.6	Ncaph2;D15Ertd785e
MGI:1289171	Mettl2	4.73	785.9400000000002	Mettl2;D11Ertd768e
MGI:1289172	Scyl2	6.559999999999999	57.17000000000001	Scyl2;Cvak104;D10Ertd802e
MGI:1289184	Setd3	12.479999999999999	47.56	Setd3;D12Ertd771e
MGI:1289196	Rnf213		65.31999999999998	Rnf213;RP23-25M3.4-001
MGI:1289225	Tmem41b	8.469999999999999	33.64999999999999	Tmem41b;D7Ertd743e;Kiaa0033
MGI:1289227	Zwint	9.489999999999998	4.98	Zwint;D10Ertd749e
MGI:1289231	D8Ertd738e	11.38	6.489999999999999	D8Ertd738e
MGI:1289248	Txndc17	11.35	188.52	Txndc17;Txnl5
MGI:1289257	Gpd1l	19.089999999999996	93.81999999999996	Gpd1l;Kiaa0089
MGI:1289265	Tbc1d22a	13.0	26.060000000000002	Tbc1d22a;D15Ertd781e
MGI:1289273	Ppp1r10	3.9199999999999995	18.7	Ppp1r10;Cat53
MGI:1289274	Krr1	7.810000000000001	61.24	Krr1;Hrb2
MGI:1289282	Zfp622	7.86	11.8	Znf622;D15Ertd806e;Zfp622
MGI:1289298	Knstrn	12.219999999999999	7.499999999999999	Traf4af1;D2Ertd750e;OTTMUSG00000015636;RP23-172B16.7-004;RP23-172B16.7-005;RP23-172B16.7-002;mCG_6532
MGI:1289301	Ubxn1	13.209999999999999	35.83	Ubxn1;D19Ertd721e;Saks1
MGI:1289308	Tax1bp1	13.600000000000001	14.219999999999997	Tax1bp1
MGI:1289318	Ccdc43	6.29	13.76	Ccdc43;D11Ertd707e
MGI:1289321	Mrpl48	9.54	72.67	Mrpl48;mCG_2852
MGI:1289325	Anapc16	8.779999999999998	9.500000000000002	D10Ertd641e
MGI:1289326	Gpn3	8.039999999999997	15.150000000000004	Gpn3;Atpbd1c;D5Ertd708e
MGI:1289341	Sf3b3	13.149999999999999	58.37999999999999	Sf3b3;Kiaa0017
MGI:1298204	Ppt1	16.060000000000002	15.560000000000004	Ppt1;Ppt;RP23-232N16.2-002
MGI:1298205	Slc7a5	12.550000000000002	29.775036523907072	Slc7a5
MGI:1298227	Mcm6	11.53	60.08000000000003	Mcm6;Mcmd6;Mis5
MGI:1298230	Cnot7	8.159999999999998	67.49	Cnot7;Caf1
MGI:1298373	Rpl9		131.87000000000003	Rpl9
MGI:1298379	Matr3	13.39	79.38000000000002	Matr3
MGI:1298381	Ddt	14.72	146.33000000000007	Ddt
MGI:1298382	Plp2	9.579999999999998	12.52	Plp2
MGI:1298388	Umps	10.670000000000002	72.67	Umps
MGI:1298390	Swap70	7.599999999999998	82.96999999999998	Swap70;Kiaa0640
MGI:1298393	Sh3pxd2a	9.000000000000002	18.28	Sh3pxd2a;Fish;Sh3md1
MGI:1298398	Mcm7	9.3	24.140000000000004	Mcm7;Cdc47;Mcmd7
MGI:1298405	Ap2m1	17.089999999999996	89.35000000000002	Ap2m1;Clapm1;mCG_128452
MGI:1306775	Sucla2	10.699999999999998	125.35000000000004	Sucla2
MGI:1306776	Map1a	20.14	99.77000000000001	Map1a;Mtap1;Mtap1a
MGI:1306778	Map1b	8.959999999999999	121.84000000000002	Mtap1b;Map1b;Mtap5
MGI:1306785	Ugdh	8.069999999999999	42.290000000000006	Ugdh
MGI:1306796	Apaf1	5.990000000000001	31.77	Apaf1
MGI:1306823	Dhx8	5.83	20.350000000000005	Dhx8;RP23-434F13.5-002
MGI:1306824	Suclg2	14.19	308.50000000000006	Suclg2
MGI:1309453	Sart1	18.54	14.63	Sart1;Haf
MGI:1309463	Hspa13	9.41	16.97	Hspa13;Stch
MGI:1309465	Slc12a4	8.990000000000002	10.8	Slc12a4;Kcc1;Slc12a6;Kcc3;RP23-208E23.1-003;RP23-208E23.1-004;mCG_20782
MGI:1309466	Gstm5	18.28	219.35999999999996	Gstm5;Fsc2;Gstm3
MGI:1309478	Baz1a		21.689999999999998	Baz1a;Cbp146
MGI:1309480	Rtf1	8.09	28.48999999999999	Rtf1;RP23-22A15.9-001
MGI:1309481	Trip12	12.770000000000001	25.900984537271942	Trip12
MGI:1309489	Cask	17.33	132.27999999999994	Cask
MGI:1309515	Gsta4	17.630000000000003	401.8199999999999	Gsta4;Gsta
MGI:1309526	Rps17		117.36999999999998	Rps17
MGI:1309528	Ppp1r12a	4.96	69.15	Ppp1r12a;Mypt1
MGI:1309992	Cbr3	8.15	203.44999999999996	Cbr3;mCG_22192
MGI:1312921	Casp6	8.44	361.83999999999986	Casp6
MGI:1312985	Tagln2	13.149999999999999	46.260000000000005	Tagln2;Kiaa0120
MGI:1313136	Clip2	9.55	48.81999999999999	Clip2;Cyln2;Kiaa0291;mKIAA0291
MGI:1313261	Sptbn2		58.360000000000014	Spnb3
MGI:1313266	Alcam	26.879999999999992	23.46	Alcam
MGI:1313271	Stk16	12.130000000000003	37.82000000000001	Stk16;Edpk;Krct;Mpsk1;Pkl12;Tsf1
MGI:1313274	Usp9y		103.84000000000003	Usp9y
MGI:1313277	Vamp2	5.43	30.639999999999997	Vamp2;RP23-26L6.8-002;Syb2
MGI:1313286	Eif2b3	7.3100000000000005	94.47999999999998	Eif2b3;RP23-59L24.1-002
MGI:1313288	Incenp	8.050000000000002	5.14	Incenp
MGI:1313291	Vezf1	6.700000000000001	15.419999999999996	Vezf1;RP23-199A2.1-001;RP23-199A2.1-002
MGI:1314653	Afdn	11.889999999999999	55.150000000000006	Mllt4;Af6
MGI:1314881	Chaf1b	8.49	17.56	Chaf1b
MGI:1315195	Emg1	8.12	55.18999999999998	Emg1;C2f;Grcc2f
MGI:1315196	Timm10b	11.950000000000001	19.600000000000005	Fxc1;Tim9b;Timm9b
MGI:1315197	Hk2	4.31	53.64	Hk2
MGI:1315201	Grcc10	12.819999999999999	13.569999999999997	Grcc10;C10
MGI:1315205	Slit2	19.07	21.949999999999996	Slit2
MGI:1316648	Ahnak	8.51	58.82000000000001	Ahnak
MGI:1316678	Rad1	4.18	41.04999999999999	Rad1;Rec1
MGI:1316687	Nap1l4	10.859999999999998	48.47	Nap1l4;mCG_129001
MGI:1316706	Nfs1	13.099999999999998	75.48000000000003	Nfs1;Nifs
MGI:1316708	Ifrd2	9.03	14.84	Ifrd2
MGI:1316715	Cox7a2	14.920000000000002	84.68	Cox7a2;Cox7a3;Cox7al
MGI:1316717	Ifrd1	5.59	6.250000000000001	Ifrd1;Tis7;mCG_5061
MGI:1316728	Gspt1	20.680000000000003	69.82000000000001	Gspt1;Erf3a
MGI:1321133	Hint1	13.76	191.18999999999997	Hint1;Hint;Pkci;Pkci1;Prkcnh1
MGI:1321159	Ppp2ca	8.959999999999999	42.400000000000006	Ppp2ca
MGI:1321389	Vamp3	9.439999999999998	33.35000000000001	Vamp3;Syb3
MGI:1321393	Timeless	7.710000000000001	21.19	Timeless;Tim1;Timeless1
MGI:1328306	Orc2	8.340000000000002	34.32999999999999	Orc2l;Orc2
MGI:1328310	Zc3h7b	20.58	25.370000000000005	Zc3h7b
MGI:1328313	Chkb	4.550000000000001	181.25999999999996	Chkb;Chetk;Chkl
MGI:1328317	Trex1	5.35	62.95999999999999	Trex1
MGI:1328324	Syngr2	12.35	126.60000000000004	Syngr2;RP23-151N19.7-003;mCG_19308
MGI:1328337	Orc1	3.35	22.629999999999995	Orc1l;RP23-406B13.5-001;Orc1
MGI:1328357	Unc119	8.24	19.379999999999995	Unc119;Unc119h;RP23-185A18.16-006;RP23-185A18.16-002
MGI:1328363	Ccnt1	1.74	21.59	Ccnt1
MGI:1328366	Smarcb1	11.139999999999999	22.52	Smarcb1;Ini1;Snf5l1
MGI:1328368	Cdk9	7.519999999999998	32.96	Cdk9
MGI:1329014	Stam	5.690000000000001	49.75000000000001	Stam;Stam1;RP23-211O3.1-002
MGI:1329016	Sel1l	16.46	21.89	Sel1l;Sel1h
MGI:1329037	Strap	14.799999999999997	54.14000000000001	Strap;Unrip
MGI:1329041	Rngtt	9.35	55.150000000000006	Rngtt;Cap1a
MGI:1329045	Tulp3	7.510000000000001	17.149999999999995	Tulp3
MGI:1330239	Dpm1	12.049999999999999	119.58	Dpm1;RP23-391M18.1-002
MGI:1330262	Zpr1	9.260000000000002	66.94000000000003	Znf259;Zfp259;Zpr1
MGI:1330276	Cops2	8.59	75.56000000000002	Cops2;Csn2;Trip15;RP23-368I1.3-003
MGI:1330281	Cd2ap	9.2	61.17999999999997	Cd2ap;Mets1
MGI:1330282	S100a4	15.889999999999999	146.19	S100a4;Capl;Mts1
MGI:1330294	Hnrnpab	13.0	83.14999999999999	Hnrnpab;Cbf-a;Cgbfa;Hnrpab;RP23-79E13.1-003;mCG_6983;RP23-79E13.1-002
MGI:1330304	Vps52	11.7	82.60000000000002	Vps52
MGI:1330312	Magoh	8.15	125.32999999999998	Magoh;Magoh-rs1
MGI:1330587	Papss1	17.68	54.800000000000004	Papss1;Asapk;Atpsk1;Papss
MGI:1330805	Rab33b	3.3199999999999994	27.38	Rab33b
MGI:1330808	Hsd17b7	6.22	35.959999999999994	Hsd17b7
MGI:1330812	Acox1	10.839999999999998	14.96	Acox1;RP23-42F6.11-002;mCG_6832;Acox;Paox;RP23-42F6.11-003
MGI:1330839	Lin7c	5.39	27.649999999999995	Lin7c;Mals3;Veli3
MGI:1330861	Dclk1	13.340000000000003	27.810000000000006	Dclk1;Dcamkl1;Dclk;Dcl;mCG_126612
MGI:1332234	Zfp148	6.03	28.910000000000004	Znf148;Zbp89;Zfp148
MGI:1332235	Nrf1	5.21	24.999999999999996	Nrf1
MGI:1332247	Slc33a1	6.96	189.87999999999997	Slc33a1;Acatn
MGI:1332635	Mrpl40	8.65	52.92	Mrpl40;Nlvcf
MGI:1332637	Arhgap5	5.539999999999999	40.480000000000004	Arhgap5;mCG_14971;Rhogap5
MGI:1332638	Wiz	6.9	78.93	Wiz
MGI:1333112	Ran	15.900000000000004	90.65000000000003	Ran;Rasl2-8
MGI:1333745	Snapin	6.78	41.73	Snapin;Snap25bp;Snapap
MGI:1333752	Hdac6	11.1	83.30999999999999	Hdac6;RP23-198C2.1-003
MGI:1333753	Pdcd6ip	20.74	37.16	Pdcd6ip;RP24-159F5.1-002;Aip1;Alix;RP24-159F5.1-001;mCG_14774
MGI:1333754	Agfg1	9.699999999999998	74.73000000000002	Agfg1;Hrb;Rip
MGI:1333757	Strn	6.599999999999999	100.47999999999998	Strn
MGI:1333763	Epn1	12.290000000000001	63.94000000000002	Epn1
MGI:1333766	Epn2	5.44	38.87	Epn2;RP23-155J3.7-006;RP23-155J3.7-005
MGI:1333780	Rps19	10.22	150.61999999999998	Rps19
MGI:1333782	Pld3	29.650000000000002	10.909999999999998	Pld3;Sam9
MGI:1333783	Ccs	6.260000000000001	17.069999999999997	Ccs;Ccsd
MGI:1333787	Inppl1	10.009999999999998	41.88999999999999	Inppl1;Ship2
MGI:1333794	Mrpl22	7.400000000000001	40.86999999999999	Mrpl22
MGI:1333795	Srp72	11.150000000000002	160.89000000000004	Srp72
MGI:1333799	Xrcc4	9.14	31.699999999999996	Xrcc4
MGI:1333801	Mrpl10	7.749999999999999	95.54999999999998	Mrpl10;RP23-428N4.6-002
MGI:1333803	Top3b	8.109999999999998	24.98	Top3b;Top3b1
MGI:1333804	Vbp1	8.370000000000001	70.43000000000002	Vbp1;Pfdn3;RP23-252K7.8-002
MGI:1333805	Srsf10	4.48	67.97147563500444	Fusip1;Nssr;RP23-161N17.2-004
MGI:1333806	Cox17	9.92	25.160000000000004	Cox17;Cox17a
MGI:1333812	Mbd3	12.020000000000001	32.99	Mbd3
MGI:1333813	Mbd2	11.1	115.82999999999996	Mbd2
MGI:1333816	Mrpl41	13.639999999999999	125.39000000000004	Mrpl41
MGI:1333818	Rps7	15.689999999999996	146.20000000000005	Rps7
MGI:1333820	Mrpl30	11.02	60.69000000000001	Mrpl30
MGI:1333830	Mrps26	8.169999999999998	95.11000000000001	Mrps26
MGI:1333855	Atox1	12.51	106.25000000000001	Atox1
MGI:1333863	Pde3b		13.569999999999997	Pde3b
MGI:1333864	Mrpl14	11.690000000000001	24.63	Mrpl14
MGI:1333870	Ate1	7.9799999999999995	61.580000000000005	Ate1;Ate1-4
MGI:1333871	Hsd17b10	15.089999999999998	601.2499999999999	Hsd17b10;Hadh2;Hsd17b10/Schad;RP23-419G22.2-001;RP23-419G22.2-003;Erab
MGI:1333873	Cog1	10.809999999999999	17.770000000000003	Cog1;Ldlb;RP23-407I21.1-002;RP23-407I21.1-008;RP23-407I21.1-006
MGI:1333875	Babam2	13.9	99.10000000000001	Bre
MGI:1333879	Ap3b1	22.069999999999997	73.76	Ap3b1
MGI:1333883	Lats1	4.02	43.519999999999996	Lats1;Warts
MGI:1333889	Bub1b	12.700000000000001	5.83	Bub1b;Mad3l;RP23-204G5.1-001
MGI:1334417	Grpel1	17.32	40.81	Grpel1
MGI:1334433	Pi4kb	7.33	26.520000000000003	Pi4kb;Pik4cb
MGI:1334446	Rbpms		13.860000000000001	Rbpms;Hermes
MGI:1334458	Pex19	13.419999999999998	19.529999999999998	Pex19;Pxf
MGI:1334459	Uap1	6.08	53.32000000000001	Uap1
MGI:1334460	Bop1	17.29	17.939999999999998	Bop1;Kiaa0124
MGI:1334462	Copa	18.029999999999998	110.74999999999999	Copa
MGI:1335087	Fem1b	3.73	6.12	Fem1b;F1aa;Kiaa0396
MGI:1335090	Supt4b	9.630000000000003	33.980000000000004	Supt4h1;Spt4h;Supt4h;Supt4h2
MGI:1335091	Zbtb7a	4.39	53.260000000000005	Zbtb7a;Lrf;Zbtb7
MGI:1335094	Septin7	11.000000000000002	74.99999999999997	Sept7;Cdc10
MGI:1335107	Cyth3	6.2299999999999995	13.739999999999998	Cyth3;Grp1;Pscd3
MGI:1336155	Lss	12.51	202.71	Lss
MGI:1336167	Prkab1	5.18	54.21	Prkab1
MGI:1336169	Gng10	12.45	6.9	Gng10
MGI:1336171	Gng12	13.530000000000003	34.650000000000006	Gng12
MGI:1336172	Tbl1x	7.869999999999999	61.50000000000002	Tbl1x;Tbl1
MGI:1336199	Ppp1r13b	5.9	23.26	Ppp1r13b;Aspp1
MGI:1336200	Hpca	7.9799999999999995	119.83000000000006	Hpcal1;Hpca;RP23-284L6.3-003
MGI:1336201	Sumo3	14.569999999999999	23.230000000000004	Sumo3;Smt3h1
MGI:1336214	Khsrp	9.169999999999998	64.09444827752247	Khsrp;Fubp2
MGI:1336879	Fkbp7	11.78	51.42000000000001	Fkbp7;Fkbp23
MGI:1336880	Eftud2	18.960000000000004	53.940000000000005	Eftud2;RP23-463E7.2-002;mCG_49887;Snrp116
MGI:1336882	Vamp8	15.26	15.419999999999996	Vamp8
MGI:1336894	Mocs2	13.288829895818518	19.944884055817422	Mocs2
MGI:1336997	Lancl1	21.219999999999995	119.95	Lancl1;AC133187.1-001;mCG_121566;Gpr69a;AC133187.1-004
MGI:1337008	Ankfy1	12.2	86.68999999999998	Ankfy1;RP23-327G1.1-005;Ankhzn;Kiaa1255
MGI:1337026	Sdcbp	12.949999999999998	9.35	Sdcbp;RP23-89L15.4-002;mCG_4375;RP23-89L15.4-005;RP23-89L15.4-003
MGI:1337056	Trim26	6.800000000000001	15.529999999999998	Trim26;RP23-77N9.1-001;mCG_23226;Znf173;RP23-77N9.1-005;RP23-77N9.1-009
MGI:1337062	Ap3s1		113.36	Ap3s1
MGI:1337080	Ncor2	12.329999999999998	15.009999999999998	Ncor2;Smrt
MGI:1337100	Wdr1	12.339999999999998	63.03	Wdr1
MGI:1337124	Cmas	11.039999999999997	55.41999999999999	Cmas
MGI:1337130	Ap4b1	6.379999999999999	11.889999999999999	Ap4b1;AC124698.4-001;AC124698.4-002;AC124698.4-003
MGI:1337995	Klhl22	7.900000000000002	13.33	Klhl22;Kelchl
MGI:1338011	Auh	6.47	43.220000000000006	Auh
MGI:1338034	Phf2	8.449999999999998	26.27	Phf2
MGI:1338037	Rbm6	6.21	19.68	Rbm6;def-3
MGI:1338041	Tfg	9.15	192.60000000000002	Tfg;RP23-178N11.4-003;RP23-178N11.4-005;mCG_130891;RP23-178N11.4-004;RP23-178N11.4-002;RP23-178N11.4-006
MGI:1338046	Mrps33		80.41999999999997	Mrps33;Gdap3
MGI:1338068	Pdpk1	6.370000000000001	27.479999999999997	Pdpk1;Pdk1
MGI:1338069	Itsn1	33.85	36.94	Itsn1;Ese1;Itsn
MGI:1338758	Adnp	4.27	21.570000000000004	Adnp
MGI:1338759	Sec22b	8.289999999999997	140.41	Sec22b;Sec22l1
MGI:1338762	Fhl2	4.62	32.97999999999999	Fhl2
MGI:1338779	Purb	3.04	157.77	Purb
MGI:1338798	S100a11	10.359999999999998	102.72	S100a11;S100c
MGI:1338799	Gtf2h4	11.7	30.189999999999994	Gtf2h4
MGI:1338800	Bpnt1	9.819999999999999	123.67	Bpnt1
MGI:1338801	Cyfip1	18.71	43.25999999999999	Cyfip1;Kiaa0068;Shyc;Sra1
MGI:1338802	Shcbp1	6.920000000000001	28.9	Shcbp1;Pal
MGI:1338822	Celf2	10.869999999999997	16.069999999999997	Cugbp2;Celf2;Napor;RP23-124P7.1-008;RP23-124P7.1-009
MGI:1338829	Pex16	8.32	59.15999999999999	Pex16
MGI:1338850	Mthfd2	7.080000000000001	16.91	Mthfd2;Nmdmc
MGI:1338864	Stau1	10.509999999999998	16.09	Stau1;RP23-19L12.1-003
MGI:1338882	Pex11b	7.440000000000001	92.19999999999999	Pex11b
MGI:1338889	Uhrf1	8.449999999999998	5.19	Uhrf1;Np95
MGI:1339467	S100a6	18.46	93.17999999999998	S100a6;Cacy
MGI:1339468	S100a10	10.69	63.24000000000001	S100a10;Cal1l
MGI:1339639	Ogt	5.29	112.41698715051922	Ogt
MGI:1339656	Pak3	3.53	107.29000000000003	Pak3;RP23-45O6.1-009;Pak-3;Pakb;Stk4
MGI:1339795	Smc3	9.3	52.32	Smc3;Bam;Bmh;Cspg6;Mmip1;Smc3l1;Smcd
MGI:1339939	Rpa2	5.33	58.95999999999998	Rpa2;Rpa34;RP23-442A20.4-001;mCG_16266
MGI:1339951	Cse1l	11.130000000000003	104.54000000000005	Cse1l;Xpo2
MGI:1339968	Cth	6.11	149.01999999999998	Cth
MGI:1339970	Rtn3	19.27	117.44000000000004	Rtn3
MGI:1339973	Ilf3	8.13	239.15	Ilf3
MGI:1339975	Pak1	12.409999999999998	61.7	Pak1;Paka
MGI:1339984	Pak2	9.610000000000001	60.680000000000014	Pak2
MGI:1339986	Mettl1	5.09	38.24000000000001	Mettl1
MGI:1340045	Zfp207	7.839999999999998	36.16	Zfp207;ZNF207;RP23-252E4.3-001;mCG_19062;RP23-252E4.3-002;RP23-252E4.3-005
MGI:1340806	Parp1	18.35	68.35763600359509	Parp1
MGI:1341044	Alyref	8.26	54.34	Thoc4;Aly;Ref1;Refbp1;Refbp2;Ref2
MGI:1341070	Fkbp8	17.03	23.609999999999996	Fkbp8;Fkbp38;Sam11
MGI:1341092	Fhl3	5.18	61.89999999999999	Fhl3;RP23-230F2.4-001;RP23-230F2.4-002
MGI:1341112	Parp2	5.700000000000001	11.269999999999998	Parp2;Adprt2;Adprtl2;Aspartl2
MGI:1341200	Pwp2	7.510000000000001	45.49000000000001	Pwp2;Pwp2h
MGI:1341217	Uba3	6.4799999999999995	81.36999999999998	Uba3;Ube1c
MGI:1341264	Tpbg	7.04	7.160000000000001	Tpbg;5t4
MGI:1341265	Camk2d	8.789999999999997	322.48	Camk2d;Kiaa4163
MGI:1341724	Ggps1	4.1	2728.6499999999996	Ggps1;mCG_18833
MGI:1341788	Pdcd11	13.470000000000002	55.16	Pdcd11;Alg4;Kiaa0185
MGI:1341799	Ndrg1	7.619999999999999	102.28000000000003	Ndrg1;Ndr1;Ndrl;Tdd5
MGI:1341822	Eif4h	14.769999999999998	15.244487528283788	Eif4h;Wbscr1
MGI:1341833	Prl2c3		0.5	Prl2c2;Mrp1;Plf;Plf1;Prl2c4;Mrp3;Mrpplf3;Plf3;Prl2c3;Mrp2;Plf2;mrp/plf
MGI:1341850	Rb1cc1	9.009999999999998	8.8	Rb1cc1;Cc1;Kiaa0203;mKIAA0203
MGI:1341857	Mad1l1	16.66	14.489999999999998	Mad1l1;Mad1
MGI:1341859	Gstz1	8.55	102.22999999999996	Gstz1;Maai
MGI:1341868	Rfc2	7.880000000000002	59.719999999999985	Rfc2
MGI:1341872	Tjp2	10.009999999999998	55.45999999999999	Tjp2;Zo2
MGI:1341878	Ehd1	12.54	53.53999999999999	Ehd1;Past1
MGI:1341890	Zfr	12.819999999999999	24.029999999999998	Zfr
MGI:1342005	Mthfd1	16.66	115.38999999999996	Mthfd1
MGI:1342248	Slc25a17	7.900000000000002	160.06000000000003	Slc25a17;Pmp34;Pmp35
MGI:1342273	Gsto1	11.950000000000001	169.38	Gsto1;Gstx;Gtsttl
MGI:1342283	Slc12a7	10.869999999999997	41.53999999999999	Slc12a7;Kcc4
MGI:1342286	Flii	17.160000000000004	117.94999999999996	Flii;Fli1;Fliih
MGI:1342290	Rps6ka2	11.680000000000001	64.13999999999999	Rps6ka2;Rsk3
MGI:1342292	Hspa4	19.07	130.94999999999996	Hspa4;Apg2;Hsp110
MGI:1342295	Celf1	7.400000000000001	42.18000000000001	Cugbp1;Brunol2;Celf1;Cugbp
MGI:1342299	Ruvbl2	10.869999999999997	179.44000000000008	Ruvbl2
MGI:1342307	Drg2	9.439999999999998	38.15	Drg2
MGI:1342335	Asap1		65.12999999999998	Asap1;Ddef1;Kiaa1249;Shag1
MGI:1342770	Lrrfip1	8.839739815175557	94.64049873072315	Lrrfip1;Flap
MGI:1343044	Rbmx	6.2700000000000005	106.19000000000003	Rbmx;RP23-372E6.2-002;mCG_17339;RP23-372E6.2-004
MGI:1343045	Rbmxl1	5.04	167.16000000000003	Rbmxrt;Rbmx;Hnrnpg;Hnrpg;Rbmxp1
MGI:1343054	Cstf2	11.830000000000002	42.10999999999999	Cstf2;RP23-182N4.2-004;RP23-182N4.2-002
MGI:1343091	Hdac3	11.369999999999997	67.53	Hdac3
MGI:1343092	Scrn2	10.989999999999998	94.82000000000002	Scrn2;RP23-428N4.3-003
MGI:1343095	Emc8	17.68	78.81000000000002	Cox4nb;Cox4al;Noc4
MGI:1343103	Ndufa2	14.399999999999999	27.51	Ndufa2
MGI:1343104	Bet1	6.580000000000001	47.440000000000005	Bet1
MGI:1343131	Timm17a	6.65	12.44	Timm17a;Tim17a
MGI:1343133	Slc35b1	11.410000000000002	18.060000000000002	Slc35b1;Ugalt2
MGI:1343135	Ndufs4	21.389999999999997	21.619999999999997	Ndufs4
MGI:1343142	Arpc1b	15.289999999999997	65.85000000000001	Arpc1b;mCG_126730
MGI:1343154	Dctn6	6.86	126.28000000000002	Dctn6;Ws3
MGI:1343160	Ube2z	11.680000000000001	44.82	Ube2z;D11Moh35
MGI:1343161	Snf8	8.9	104.43000000000004	Snf8;D11Moh34;RP23-235J5.2-005
MGI:1343176	Timm17b	20.750000000000004	105.82999999999996	Timm17b;RP23-198C2.2-002;Tim17b
MGI:1343188	Ube2g2	8.12	15.71	Ube2g2
MGI:1343262	Timm44	6.84	174.77	Timm44;Mimt44;Tim44
MGI:1343297	Drg1	8.570000000000002	46.790000000000006	Drg1;Drg;Nedd-3;Nedd3
MGI:1343458	Trip6	9.77	13.619999999999997	Trip6;Zrp1
MGI:1343460	Gnpat	12.01	57.17999999999998	Gnpat;Dhapat
MGI:1343463	Bub3	10.27	27.199999999999992	Bub3
MGI:1343485	Commd8	11.12	31.309999999999995	Commd8
MGI:1343489	Mpdz	18.48	13.220000000000002	Mpdz;Mupp1
MGI:1343877	Rpl10a		186.74	Rpl10a
MGI:1343961	Msh6	7.160000000000001	34.73	Msh6;Gtmbp
MGI:1344345	Smc1a	18.35	48.84	Smc1a;Sb1.8;Smc1;Smc1l1;Smcb
MGI:1344347	Synj2bp	17.89	63.65999999999998	Synj2bp;Arip2;Omp25
MGI:1344352	Dido1	4.94	20.319999999999997	Dido1;Datf1;Dio1
MGI:1344353	Katna1	6.14	36.74	Katna1
MGI:1344361	Arih2	11.09	51.00999999999999	Arih2;Ari2;Triad1;Uip48
MGI:1344363	Arih1	10.72	72.06	Arih1;Ari;Ubch7bp;Uip77
MGI:1344370	Ndufc2	13.5	28.050000000000008	Ndufc2
MGI:1344373	Ubl3	7.930000000000001	4.83	Ubl3;HCG-1
MGI:1344375	Prkra	8.839999999999998	98.91	Prkra;Rax
MGI:1344380	Chd4	16.640000000000004	40.77	Chd4;mKIAA4075
MGI:1344381	Dnajb6	7.4799999999999995	9.330000000000002	Dnajb6;Hsj2;Mrj
MGI:1344382	Creg1	17.239999999999995	164.05999999999995	Creg1;Creg
MGI:1344385	Med24	12.35	82.00000000000001	Med24;D11Ertd307e;Thrap4;Trap100
MGI:1344387	Faim	7.91	43.15	Faim;Faim1
MGI:1344388	Natd1	8.730000000000002	19.07	Gtlf3b
MGI:1344395	Chd3	18.610000000000003	43.169999999999995	Chd3;RP23-26L6.13-001;RP23-26L6.13-004
MGI:1344403	Cfdp1	9.42	19.540000000000003	Cfdp1;Bcnt;Cfdp;Cp27
MGI:1344408	Pebp1	17.259999999999998	324.8500000000001	Pebp1;Pbp;Pebp
MGI:1344413	Tex10	6.03	84.77000000000002	Tex10;RP23-178D3.2-003;mCG_2303
MGI:1344414	Sra1	9.939999999999998	34.46999999999999	Sra1
MGI:1344416	Ash2l	12.51	44.63	Ash2l
MGI:1344426	Esyt1	21.450000000000003	223.60999999999996	Fam62a;Esyt1;Mbc2
MGI:1344588	Lypla1	15.549999999999999	58.570000000000014	Lypla1;Apt1;Pla1a
MGI:1345142	Ik	14.290000000000001	10.25	Ik;Red;Rer
MGI:1345153	Pacsin2	14.030000000000001	48.81999999999999	Pacsin2
MGI:1345186	Blmh	10.420000000000002	243.75	Blmh
MGI:1345192	Psmd13	16.8	120.33999999999996	Psmd13
MGI:1345283	Slc25a1	18.74	216.8100000000001	Slc25a1
MGI:1345633	Mars1	16.229999999999997	77.46	Mars
MGI:1345634	Amfr	14.730000000000002	6.11	Amfr
MGI:1345635	Pcbp1	6.379999999999999	43.93	Pcbp1
MGI:1345669	Gtf2h2	11.070000000000002	60.58999999999998	Gtf2h2;Btf2p44
MGI:1345963	Coro1b	12.87	198.73000000000002	Coro1b
MGI:1345964	Coro1c	11.690000000000001	73.01999999999997	Coro1c
MGI:1346006	Ptpa	18.45	107.33000000000001	Ppp2r4;Ptpa;RP23-399D3.1-002;RP23-399D3.1-003
MGI:1346017	Clpx	8.419999999999998	34.29999999999999	Clpx
MGI:1346023	Tlk2	6.039999999999999	14.87	Tlk2;RP23-456M3.2-006;RP23-456M3.2-009
MGI:1346035	Farsb	10.5	327.85546266609634	Farsb;Farsl;Farslb;Frsb
MGI:1346036	Pin1	24.359999999999996	65.29999999999998	Pin1
MGI:1346040	Mpdu1	8.690000000000001	44.529999999999994	Mpdu1;Supl15h;RP23-422L16.8-003;RP23-422L16.8-002
MGI:1346049	Hs2st1	16.069999999999997	42.080000000000005	Hs2st1;Hs2st
MGI:1346051	Dut	12.859999999999998	25.74	Dut;RP23-216B20.3-002;mCG_6136
MGI:1346060	Tlr2	4.3	16.05	Tlr2
MGI:1346064	Eci2	11.269999999999998	336.1300000000001	Peci
MGI:1346072	Psmf1	13.509999999999996	18.94	Psmf1
MGI:1346074	Fxr2	6.6899999999999995	53.637583838200605	Fxr2;Fxr2h
MGI:1346078	Twf2	9.66	94.65999999999995	Twf2;Ptk9l
MGI:1346084	Rpp40	14.730000000000002	144.77999999999994	Rpp40
MGI:1346087	Srp54a		32.760000000000005	Srp54;Srp54c
MGI:1346093	Psmc4	10.52	77.00999999999999	Psmc4;Tbp7
MGI:1346098	Nelfa	7.14	34.160000000000004	Whsc2;Nelfa;Whsc2h
MGI:1346319	Hax1	7.540000000000002	7.749999999999999	Hax1;Hs1bp1
MGI:1346320	Taf10	13.93	12.51	Taf10;Taf2h;Tafii30
MGI:1346330	Banf1	12.879999999999999	159.35000000000002	Banf1;Baf;Bcrp1;L2bp1
MGI:1346333	Mrps12	9.669999999999998	51.35999999999999	Mrps12;Rpms12
MGI:1346340	Mta2	8.5	39.92999999999999	Mta2;Mta1l1
MGI:1346346	Scamp3	12.339999999999998	54.599999999999994	Scamp3;mCG_17556;Tu52
MGI:1346500	Igbp1	14.56	57.17000000000001	Igbp1;Pc52
MGI:1346518	Scamp2	12.23	83.49000000000001	Scamp2
MGI:1346858	Mapk1	9.87	53.199999999999996	Mapk1;Erk2;Mapk;Prkm1
MGI:1346859	Mapk3	11.459999999999999	120.39999999999995	Mapk3;Erk1;Prkm3
MGI:1346862	Mapk9	9.37	56.31999999999998	Mapk9;Jnk2;Prkm9;Mapk10;Jnk3;Prkm10;Serk2;JNK3B2
MGI:1346863	Mapk10	9.37	56.31999999999998	Mapk9;Jnk2;Prkm9;Mapk10;Jnk3;Prkm10;Serk2;JNK3B2
MGI:1346865	Mapk14	6.559999999999999	36.92999999999999	Mapk14;Crk1;Csbp1;Csbp2;RP24-137E7.1-006
MGI:1346866	Map2k1	11.12	231.65999999999994	Map2k1;Mek1;Prkmk1
MGI:1346867	Map2k2	16.32	87.38	Map2k2;mCG_142349;Mek2;Mkk2;Prkmk2
MGI:1346868	Map2k3	7.79	27.8	Map2k3;Mkk3;Prkmk3
MGI:1346869	Map2k4	8.690000000000001	68.18999999999997	Map2k4;Jnkk1;Prkmk4;Sek1;Serk1
MGI:1346870	Map2k6	9.729999999999999	96.21000000000001	Map2k6;Prkmk6;Sapkk3;RP23-162E10.1-003
MGI:1346871	Map2k7	3.13	12.920000000000002	Map2k7;Mkk7
MGI:1346877	Map3k7	11.189999999999998	28.32	Map3k7;Tak1;RP23-447J12.1-004;RP23-447J12.1-003
MGI:1346998	Ciao1	12.859999999999998	27.239999999999995	Ciao1;Wdr39
MGI:1347000	Lypla2	11.130000000000003	85.04999999999997	Lypla2
MGI:1347002	Angptl2	15.039999999999997	6.57	Angptl2;RP23-35J6.3-001;mCG_18558;Arp2
MGI:1347005	Psma1	10.970000000000002	132.96000000000004	Psma1
MGI:1347006	Psma6	10.359999999999998	140.04	Psma6
MGI:1347007	Plod2	9.02	34.87	Plod2
MGI:1347008	Plod3	25.890000000000004	31.459999999999997	Plod3
MGI:1347009	Psma5	11.620000000000001	70.64999999999999	Psma5
MGI:1347014	Psmb3	12.85	123.35999999999996	Psmb3
MGI:1347043	Orc4	6.17	28.98	Orc4l;Orc4;RP23-139F8.4-008
MGI:1347044	Orc5	6.599999999999999	49.32000000000001	Orc5l;Orc5
MGI:1347045	Psmb2	12.309999999999999	179.81999999999996	Psmb2
MGI:1347053	Git2	9.3	23.64	Git2;mKIAA0148
MGI:1347054	Gnpda1		22.470000000000002	Gnpda1;Gnpi
MGI:1347060	Psma4	11.45	84.79999999999998	Psma4
MGI:1347063	Dapp1	5.529999999999999	11.690000000000001	Dapp1;Bam32
MGI:1347064	Med21	6.05	16.05	Med21;Srb7;Surb7
MGI:1347070	Psma7	16.55	138.15999999999994	Psma7
MGI:1347072	Nubp2	10.07	44.42000000000001	Nubp2
MGI:1347073	Nubp1	9.179999999999998	31.669999999999995	Nubp1
MGI:1347074	Rbbp9	7.550000000000001	79.19999999999999	Rbbp9;Bog
MGI:1347075	Nbea	15.729999999999997	16.060000000000002	Nbea;Lyst2
MGI:1347076	Rpl27a	7.839999999999998	110.74000000000002	Rpl27a;L27a;mCG_2315
MGI:1347078	Grk6	12.339999999999998	14.680000000000001	Grk6;Gprk6
MGI:1347080	Ifi202a	6.789999999999999	47.36000000000001	Ifi202;Ifi202a;Ifi202b
MGI:1347083	Ifi202b	6.789999999999999	47.36000000000001	Ifi202;Ifi202a;Ifi202b
MGI:1347085	Cetn2	11.38	17.08	Cetn2;Calt;RP23-307G22.3-003
MGI:1347093	Fto	12.76	17.45	Fto;Kiaa1752
MGI:1347098	Slc27a1	9.000000000000002	71.22000000000001	Slc27a1;Fatp;Fatp1
MGI:1347244	Axl	15.649999999999999	7.22	Axl;Ark;Ufo
MGI:1347343	Usp5	15.109999999999998	144.63999999999993	Usp5;Isot
MGI:1347347	Slc27a4	20.67	68.42000000000003	Slc27a4;Acsvl4;Fatp4
MGI:1347351	Ncdn	8.39	16.949999999999996	Ncdn;Kiaa0607;Sfap75
MGI:1347359	Homer3	10.079999999999998	40.980000000000004	Homer3
MGI:1347360	Cul3	8.690000000000001	22.970000000000002	Cul3
MGI:1347469	Foxl1		2.43	Foxl1;mCG_21205;Fkh6;Fkhl11
MGI:1347470	Foxf1	3.81	6.879999999999999	Foxf2;Lun;Foxf1;Fkhl5;Foxf1a;Freac1;Hfh8
MGI:1347479	Foxf2	3.81	6.879999999999999	Foxf2;Lun;Foxf1;Fkhl5;Foxf1a;Freac1;Hfh8
MGI:1347488	Foxk1	7.059999999999999	20.619999999999997	Foxk1;Mnf
MGI:1347521	Ror2	7.570000000000001	12.840000000000002	Ror2
MGI:1349162	Sdc1	15.82	7.6800000000000015	Sdc1;Synd-1;Synd1
MGI:1349165	Sdc2	20.690000000000005	4.39	Sdc2;Hspg1;Synd2
MGI:1349216	Abcd3	10.14	144.13000000000005	Abcd3;Pmp70;Pxmp1
MGI:1349388	Cops7b	8.49	110.51000000000003	Cops7b;Csn7b
MGI:1349389	Gcat	27.079999999999995	293.4600000000001	Gcat;Kbl
MGI:1349392	Macroh2a1	12.52	204.2899999999999	H2afy
MGI:1349394	Map4k4	13.540000000000001	16.789999999999996	Map4k4;Nik;mKIAA0687
MGI:1349400	Cops7a	10.05	74.08	Cops7a;Csn7a
MGI:1349406	Ddx3y	6.2299999999999995	43.03999999999999	Ddx3x;D1Pas1-rs2;Ddx3;Dead3;Erh;Ddx3y;D1Pas1-rs1;Dead2
MGI:1349409	Cops3	7.800000000000002	79.65	Cops3;Csn3
MGI:1349410	Triobp	17.310000000000002	26.979999999999997	Triobp;Kiaa1662;Tara
MGI:1349414	Cops4	10.659999999999998	126.00999999999998	Cops4;Csn4
MGI:1349415	Cops5	10.34	75.08000000000003	Cops5;Csn5;Jab1;Kic2
MGI:1349419	Aifm1	11.469999999999999	283.20999999999987	Aifm1;Aif;Pdcd8;RP23-35N5.1-002
MGI:1349423	Racgap1	10.65	6.299999999999999	Racgap1;Mgcracgap
MGI:1349430	Eif2s3y	10.470000000000002	61.06999999999997	Eif2s3x;Eif2s3y;RP23-99I10.1-002;mCG_121151
MGI:1349431	Eif2s3x	10.470000000000002	61.06999999999997	Eif2s3x;Eif2s3y;RP23-99I10.1-002;mCG_121151
MGI:1349438	Mprip	29.89999999999999	14.240000000000002	Mprip;AA536749;RP23-180B18.4-002;Kiaa0864;Mrip;Rhoip3
MGI:1349439	Cops6	12.590000000000002	103.27999999999999	Cops6;Csn6
MGI:1349441	Mecr	10.12	688.0099999999999	Mecr;Nrbf1
MGI:1349442	Med14	14.659999999999998	43.86	Med14;Crsp2;Gm641;Trap170
MGI:1349449	Galnt7	9.040000000000001	36.029999999999994	Galnt7
MGI:1349450	Vat1	22.270000000000003	161.75000000000003	Vat1;Vat-1
MGI:1349469	Ecsit	9.809999999999999	36.589999999999996	Ecsit;Sitpec
MGI:1349473	Ppp2r5e	9.47	40.66	Ppp2r5e;Kiaa4006
MGI:1349474	Ss18l2	6.73	5.83	Ss18l2;Deb1
MGI:1349475	Ppp2r5c	12.339999999999998	25.6	Ppp2r5c;mKIAA0044
MGI:1349478	Zw10	8.33	38.69	Zw10
MGI:1349480	Scamp1	10.440000000000001	54.01	Scamp1
MGI:1349482	Nherf1	12.69	50.6	Slc9a3r1;Nherf;Nherf1
MGI:1349635	Sec23a	15.109999999999998	362.0500000000001	Sec23a;Sec23;Sec23r
MGI:1349658	Cul1	10.009999999999998	42.88999999999999	Cul1
MGI:1349717	Ncor1	13.319999999999999	23.819999999999997	Ncor1;Rxrip13;RP23-330N10.2-002;RP23-330N10.2-003
MGI:1349722	Pabpc1	18.600000000000005	79.42000000000002	Pabpc1;Pabp1
MGI:1349762	Dpysl3	8.699999999999998	70.85999999999999	Dpysl3;Drp3;Ulip
MGI:1349763	Dpysl2	6.05	106.11999999999998	Dpysl2;Crmp2;Ulip2
MGI:1349765	Rcn2	15.349999999999998	111.13999999999999	Rcn2
MGI:1349919	Ndufb11	14.96	38.279999999999994	Ndufb11;Np15
MGI:1350916	Nit1	6.64	385.37	Nit1
MGI:1350917	Rps3	26.139999999999997	159.34	Rps3
MGI:1350921	Fkbp9	27.419999999999998	96.61999999999998	Fkbp9;Fkbp60;Fkbp63
MGI:1350923	Sh3d19	13.939999999999998	10.6	Sh3d19
MGI:1350925	Sec23b	10.760000000000002	166.26000000000002	Sec23b
MGI:1350927	Rpl8	14.940000000000003	111.14999999999996	Rpl8
MGI:1350929	Asns	10.039999999999997	237.00000000000009	Asns
MGI:1350930	Srp9	5.83	33.91	Srp9
MGI:1350931	Tcirg1	6.849999999999999	295.93000000000006	Tcirg1
MGI:1350933	Bcap31	16.339999999999996	144.99999999999997	Bcap31;RP23-329M9.5-001;mCG_8084;Bap31
MGI:1351315	Eloa	7.109999999999999	46.099999999999994	Tceb3;RP23-161N17.12-001;mCG_5485
MGI:1351320	Trp53bp1	12.949999999999998	68.06000000000002	Trp53bp1;RP23-437L13.2-001;Tp53bp1;RP23-437L13.2-002
MGI:1351329	Rps11	14.91	142.47999999999993	Rps11
MGI:1351331	Chaf1a	9.169999999999998	10.32	Chaf1a;Caip150
MGI:1351333	Thoc5	14.63	120.33000000000004	Thoc5;RP23-64E17.4-002;Fmip;Kiaa0983
MGI:1351335	Atp1a4		24.839999999999993	Atp1a4;Atp1al2
MGI:1351337	Ddx24	11.02	12.840000000000002	Ddx24
MGI:1351352	Atic	13.09	102.94000000000001	Atic;Purh
MGI:1351455	Rpl13a	15.999999999999998	168.05000000000004	Rpl13a;P198;Tstap198-7
MGI:1351465	G3bp1	7.519999999999998	52.940000000000005	G3bp1;G3bp
MGI:1351477	Cars1	9.76	214.22000000000008	Cars
MGI:1351485	Phlda3	7.109999999999999	4.07	Phlda3;Tih1
MGI:1351486	Trappc3	8.4	26.97	Trappc3;Bet3
MGI:1351500	Nup62	4.17	41.879999999999995	Nup62
MGI:1351502	Nup50	6.64	23.830000000000002	Nup50;Npap60
MGI:1351511	Psmd7	8.89	136.74999999999997	Psmd7;Mov-34;Mov34
MGI:1351597	Atp5mg	9.02	171.38999999999993	Atp5l
MGI:1351602	Dguok	5.870000000000001	157.15	Dguok;Dgk;mCG_133572
MGI:1351605	Rpl3		125.97999999999998	Rpl3
MGI:1351608	Mrpl17	31.349999999999998	40.94	Mrpl17
MGI:1351613	Txnl4a	20.67	48.69897534856355	Txnl4a;D18Wsu98e;Txnl4
MGI:1351619	Abcb11		25.199999999999996	Abcb11;RP23-451M16.2-001;mCG_12936;Bsep;Spgp
MGI:1351620	Mrpl39	7.12	60.379999999999995	Mrpl39;RP24-120H1.1-001;mCG_129048
MGI:1351622	Mrpl2	12.719999999999997	52.87	Mrpl2;RP23-76I16.2-003;RP23-76I16.2-002;mCG_2358
MGI:1351623	Pald1	9.86	31.480000000000004	X99384;Pald
MGI:1351626	Fam50a	13.19	21.029999999999998	Fam50a;D0HXS9928E;Xap5
MGI:1351627	Pdhx	6.750000000000001	67.68999999999997	Pdhx
MGI:1351628	Rps26	16.86	129.16	Rps26
MGI:1351638	Mkln1	13.38	6.93	Mkln1
MGI:1351639	Mrpl15	11.1	47.400000000000006	Mrpl15
MGI:1351645	Prmt5	11.63	144.87000000000003	Prmt5;Jbp1;Skb1
MGI:1351651	Yme1l1	12.01	38.39999999999999	Yme1l1
MGI:1351652	Tbl2	7.519999999999998	69.49000000000001	Tbl2
MGI:1351656	Abcf3	11.000000000000002	42.559999999999995	Abcf3
MGI:1351657	Abcf2	14.439999999999998	31.719999999999995	Abcf2
MGI:1351658	Abcf1	16.96	62.339999999999996	Abcf1
MGI:1351660	Csnk1e	6.215625471342364	10.097128304622062	Csnk1d;mCG_2127;Csnk1e;RP23-120A4.1-002;RP23-378G22.2-006
MGI:1351661	Akr1c12	10.6	129.82	Akr1c12
MGI:1351662	Akr1c13	12.300000000000002	298.9699999999999	Akr1c13
MGI:1351663	Skp2	2.8200000000000003	3.3799999999999994	Skp2
MGI:1351744	Eif3m	12.46	63.149999999999984	Eif3m;Pcid1;RP24-297H17.12-004
MGI:1351825	Cstf3	6.980000000000001	98.95000000000003	Cstf3
MGI:1351861	Gatd3a	9.21	188.26999999999995	D10Jhu81e
MGI:1351869	Pdxk	12.089999999999998	327.6000000000001	Pdxk;Pkh
MGI:1351911	Hacl2	11.970000000000002	172.46000000000004	Ilvbl
MGI:1352451	Nr2f1	4.1	7.629999999999999	Nr2f2;Aporp1;Arp-1;Arp1;Tfcoup2;Nr2f1;Erbal3;Tfcoup1;RP23-471B6.1-001;RP23-471B6.1-003
MGI:1352452	Nr2f2	4.1	7.629999999999999	Nr2f2;Aporp1;Arp-1;Arp1;Tfcoup2;Nr2f1;Erbal3;Tfcoup1;RP23-471B6.1-001;RP23-471B6.1-003
MGI:1352480	Igfbp7	13.559999999999999	1.02	Igfbp7;Mac25
MGI:1352481	Znhit2	6.71	30.08	Znhit2;ORF6
MGI:1352483	Mga	5.260000000000001	31.799999999999997	Mga;Kiaa4252
MGI:1352493	Bag3	5.809999999999999	73.97999999999999	Bag3;Bis;MNCb-2243
MGI:1352499	Ndrg3	14.379999999999999	33.07	Ndrg3;Ndr3;RP24-482A24.9-002;RP24-482A24.9-004
MGI:1352504	Hip1r	8.109999999999998	23.43	Hip1r
MGI:1352745	Fscn1	15.329999999999998	157.35	Fscn1;Fan1;Snl
MGI:1352754	Clic4	8.849999999999998	64.7	Clic4;RP23-230K10.1-001
MGI:1352755	Gtse1	5.14	5.11	Gtse1;B99
MGI:1352757	Iqgap1	16.240000000000002	73.27000000000001	Iqgap1
MGI:1352759	Rnf11	8.19	16.81	Rnf11;N4wbp2;Sid1669
MGI:1352760	Hdgfl3	13.639999999999999	108.83999999999996	Hdgfrp3
MGI:1353418	Pmm1	10.8	9.579999999999998	Pmm1
MGI:1353424	Timm8b	11.970000000000002	39.77	Timm8b;Ddp2;Tim8b
MGI:1353427	Eif2ak4	10.1	58.91999999999999	Eif2ak4;Gcn2;Kiaa1338;RP23-450P9.2-002
MGI:1353429	Timm10	9.174170262209003	107.97178149868604	Timm13;Tim13a;Timm13a
MGI:1353433	Timm8a1		227.83000000000007	Timm8a1;Ddp1;Tim8a;Timm8a
MGI:1353436	Timm9	5.43	142.90999999999994	Timm9;Tim9;Tim9a;Timm9a
MGI:1353437	Scd3	9.290000000000001	5.24	Scd2;mCG_10078;Scd3;Scd1;Scd4;mCG_10079
MGI:1353449	Eif2ak2	9.78	90.07	Eif2ak2;Pkr;Prkr;Tik
MGI:1353452	Aldh3a2	9.09	128.15000000000003	Aldh3a2;RP23-55I2.7-001;Ahd-3;Ahd3;Aldh3;Aldh4;RP23-55I2.7-002
MGI:1353460	Fkbp3	7.7	93.91	Fkbp3;Fkbp25
MGI:1353472	Rpl7a	9.579999999999998	127.28999999999996	Rpl7a;Surf-3;Surf3
MGI:1353494	Akr1b1	17.52	84.17000000000003	Akr1b1;Akr1b3;Aldor1;Aldr1
MGI:1353495	Slc25a4	8.5	403.21000000000004	Slc25a4;Anc1;Ant1
MGI:1353496	Slc25a5	14.209999999999999	117.91999999999996	Slc25a5;Ant2
MGI:1353497	Slc25a10	23.539999999999996	76.77000000000002	Slc25a10;Dic
MGI:1353498	Slc25a3	12.54	209.34000000000006	Slc25a3
MGI:1353499	Baz1b	9.16	27.950000000000003	Baz1b;Wbscr9;Wstf
MGI:1353510	Arhgef1	11.48	54.889999999999986	Arhgef1;Lbcl2;Lsc
MGI:1353554	Mlf2	14.920000000000002	5.32	Mlf2
MGI:1353561	Vapa	6.849999999999999	117.03999999999999	Vapa;Vap33
MGI:1353568	Tor1a	7.059999999999999	46.28	Tor1a;Dyt1
MGI:1353574	Noazfp	6.46	37.12	Znf330;Noa36;Zfp330
MGI:1353586	Lmo7	11.039999999999997	34.02	Lmo7
MGI:1353589	Cbx8	2.9899999999999998	53.44	Cbx8;Pc3
MGI:1353596	Tor2a	8.169999999999998	46.769999999999996	Tor2a;RP23-17P12.9-002
MGI:1353598	Mapk8ip3	4.95	54.15999999999999	Mapk8ip3;Jip3;Jsap1;Syd2
MGI:1353605	Tor1b	7.02	64.37000000000002	Tor1b
MGI:1353633	Fus	9.489999999999998	80.68999999999997	Fus
MGI:1353636	Abt1	10.26	20.210000000000004	Abt1
MGI:1353651	Gnl3	4.21	43.459999999999994	Gnl3;Ns
MGI:1353652	Tor3a	8.599999999999998	261.0200000000001	Tor3a;Adir
MGI:1353653	Glrx3	17.219999999999995	76.48000000000003	Glrx3;Picot;Txnl2
MGI:1353654	Vps26a	12.810000000000002	52.43999999999999	Vps26a;Vps26
MGI:1353655	Usp25	9.35	18.26	Usp25
MGI:1354163	Ercc4	6.489999999999999	31.949999999999996	Ercc4
MGI:1354164	Hspa14	8.66	78.73999999999997	Hspa14;Hsp70-4
MGI:1354165	Thop1	15.839999999999996	168.62000000000006	Thop1
MGI:1354175	Txnrd1	9.040000000000001	110.37999999999998	Txnrd1;Trxr1
MGI:1354367	Mrps7	10.060000000000002	44.82999999999999	Mrps7
MGI:1354385	Ero1a	13.460000000000003	666.3499999999999	Ero1l
MGI:1354692	Lsm4	15.219999999999999	101.68	Lsm4;mCG_14793
MGI:1354697	Fbxl8	4.12	56.95000000000002	Fbxl8;Fbl8
MGI:1354713	Acsl4	9.379999999999999	9.939999999999998	Acsl4;RP23-161L11.10-001;RP23-161L11.10-002;mCG_117963
MGI:1354721	Slc25a13	7.59	289.68000000000006	Slc25a13;Aralar2
MGI:1354723	Pnpla6	12.089999999999998	29.289999999999996	Pnpla6;Nte
MGI:1354724	Sacs		48.72	Sacs;Kiaa0730
MGI:1354727	Smtn	8.28	7.59	Smtn;Smsmo
MGI:1354736	Kdm2a	4.85	13.440000000000001	Kdm2a;Fbxl11;Jhdm1a;Kiaa1004
MGI:1354742	Synrg	9.669999999999998	35.45	Ap1gbp1;Syng
MGI:1354743	Fbxo6	12.219999999999999	64.56	Fbxo6;Fbxo6b;RP23-139J21.9-006;RP23-139J21.9-002
MGI:1354944	Orc3	10.699999999999998	64.32	Orc3l;Orc3;RP23-176N13.4-008
MGI:1354948	Klf13	4.5	110.60999999999997	Klf13;Bteb3;Fklf2
MGI:1354951	Gne	13.519999999999998	85.68999999999997	Gne;RP23-209M8.6-003
MGI:1354954	Nt5c	7.639999999999998	99.72000000000004	Nt5c;Dnt1;RP23-392H19.7-003
MGI:1354961	Synj1	7.7	12.879999999999999	Synj1;Kiaa0910
MGI:1354962	Copb2	16.099999999999998	88.15000000000002	Copb2
MGI:1355272	Csnk1d	6.849999999999999	10.8	Csnk1d;mCG_2127;Csnk1e;RP23-120A4.1-002;RP23-378G22.2-006
MGI:1355274	Uchl3	11.319999999999999	108.92000000000004	Uchl3
MGI:1355295	Hmgn5	18.690000000000005	130.76000000000002	Nsbp1;Garp45
MGI:1355311	Stag3		9.95	Stag3
MGI:1355315	Tmod3	11.709999999999999	24.740000000000002	Tmod3
MGI:1355319	Exosc9	6.1	20.810000000000002	Exosc9;Pmscl1
MGI:1355322	Exosc10	10.429999999999998	20.910000000000004	Exosc10;RP23-331P21.1-001;Pmscl2;RP23-331P21.1-005;RP23-331P21.1-002
MGI:1355326	Preb	13.039999999999997	121.74	Preb;Sec12
MGI:1355328	Nasp	10.8	36.36000000000001	Nasp;RP23-233B9.9-001;mCG_19661;RP23-233B9.9-002
MGI:1355329	Mink1	12.2	21.319999999999997	Mink1;Map4k6;Mink;DN-183N8.7-003;RP23-122P1.6-003;DN-183N8.7-005;RP23-122P1.6-005;mCG_134369
MGI:1355330	Phgdh	17.529999999999998	94.09000000000005	Phgdh
MGI:1355332	Myadm	12.960000000000004	36.410000000000004	Myadm;Mug
MGI:1355333	Nckap1	17.749999999999996	79.65999999999998	Nckap1;Hem2;Kiaa0587;Nap1
MGI:1855672	Tsnax		82.65000000000003	Tsnax;Trax
MGI:1855688	Vti1b	15.210000000000003	23.609999999999996	Vti1b;Vti1l1
MGI:1855689	Hpcal1	7.9799999999999995	119.83000000000006	Hpcal1;Hpca;RP23-284L6.3-003
MGI:1855690	Snrpa	11.550000000000002	60.47	Snrpa;Rnu1a-1
MGI:1855692	Nono	15.079999999999998	74.68000000000004	Nono
MGI:1855693	Nap1l1	13.25	46.830000000000005	Nap1l1;Nrp
MGI:1855694	Isg15	10.24	16.21	Isg15;G1p2;Ucrp
MGI:1855699	Vti1a	11.169999999999998	19.44	Vti1a;Vti1;Vti1l2;mCG_140667
MGI:1858179	Nucb2	11.499999999999998	72.81999999999998	Nucb2;Nefa
MGI:1858195	Hnrnpu	11.45	149.11000000000007	Hnrnpu;Hnrpu;mCG_17220
MGI:1858197	Plrg1	9.439999999999998	31.069999999999997	Plrg1
MGI:1858199	Ccnc	9.800000000000002	33.290000000000006	Ccnc;RP23-38K18.1-004;mCG_4143;RP23-38K18.1-008
MGI:1858210	Stx7	9.939999999999998	56.769999999999996	Stx7;Syn7;Stx-7;mCG_6753
MGI:1858211	Zranb2	6.41	38.660000000000004	Zranb2;Zfp265;Zis;Znf265
MGI:1858213	Clpp	11.789999999999997	177.30000000000007	Clpp
MGI:1858216	Ube2k	18.68	73.04000000000002	Ube2k;Hip2
MGI:1858222	Septin9	9.330000000000002	135.56000000000003	Sept9;Kiaa0991;Sint1
MGI:1858230	Sart3	8.340000000000002	101.73999999999998	Sart3;Kiaa0156
MGI:1858232	Nudt5	9.2	44.620000000000005	Nudt5
MGI:1858234	Caprin1	14.35	28.08	Caprin1;Gpiap;Gpiap1;Gpip137;M11s1;G5E5
MGI:1858257	Mpp2	7.639999999999998	67.67000000000003	Mpp2;Dlgh2
MGI:1858258	Eif3g	9.09	72.02999999999997	Eif3g;Eif3p42;Eif3s4
MGI:1858259	Tomm40	10.590000000000002	95.87000000000002	Tomm40;Mom35;Tom40
MGI:1858260	Gosr1	5.19	22.810000000000002	Gosr1;Gs28
MGI:1858271	Mtmr1	10.07	65.87000000000002	Mtmr1
MGI:1858303	Srrm1	7.36	76.65999999999997	Srrm1;Pop101;RP23-138K13.3-001
MGI:1858304	Ctps1	8.449999999999998	79.74999999999997	Ctps
MGI:1858305	Pgrmc1	14.47	70.44000000000003	Pgrmc1;Pgrmc
MGI:1858313	Uba2	11.499999999999998	102.92000000000002	Uba2;Sae2;Uble1b
MGI:1858317	Timm23		38.459999999999994	Timm23;Tim23
MGI:1858330	Nxf1	6.09	52.47	Nxf1;Tap;mCG_17848
MGI:1858415	Ddx20	4.7	27.359999999999996	Ddx20;Dp103;Gemin3;mCG_10753
MGI:1858416	Stk39	14.039999999999997	63.699999999999974	Stk39;Spak
MGI:1858417	Sec61a1	17.41	47.83	Sec61a1;Sec61a
MGI:1858419	Bysl	13.870000000000001	27.629999999999995	Bysl
MGI:1858435	Gpatch11	17.0	30.48	Ccdc75
MGI:1858500	Diaph2	8.979999999999999	59.999999999999986	Diaph2;Diap2
MGI:1858600	Rasa4	6.01	34.06000000000001	Rasa4;Capri;Kiaa0538
MGI:1858622	Vamp5	8.779999999999998	14.370000000000001	Vamp5
MGI:1858683	Copg2	17.23	332.09	Copg2
MGI:1858696	Copg1	20.09	63.65999999999998	Copg;Copg1
MGI:1858730	Vamp4	7.300000000000001	24.08	Vamp4;mCG_22688
MGI:1858732	Keap1	9.939999999999998	11.869999999999997	Keap1;Inrf2;Kiaa0132
MGI:1858751	Rragc	8.22	71.09999999999997	Rragc;Rragd;Ragd;RP23-360H6.3-001;mCG_12768
MGI:1858896	Spast	6.739999999999999	31.750000000000007	Spast;Kiaa1083;Spg4
MGI:1858898	Psmd10	11.1	58.339999999999996	Psmd10;RP23-149O3.6-001;mCG_3572
MGI:1858901	Fut8	9.280000000000001	46.03	Fut8
MGI:1858959	Elovl1	10.979999999999999	30.520000000000003	Elovl1;Ssc1
MGI:1858961	Prc1	7.9399999999999995	4.83	Prc1
MGI:1858963	Gnpnat1	10.12	65.13999999999999	Gnpnat1;Gna1
MGI:1858964	Actr1a	11.48	83.40999999999995	Actr1a;Ctrn1
MGI:1858965	Atf7ip	7.42	11.289999999999997	Atf7ip;Mcaf1
MGI:1859016	Ddah2	6.990000000000001	58.739999999999995	Ddah2
MGI:1859017	Elp5	10.060000000000002	61.68000000000003	Derp6;Rai12
MGI:1859158	Pabpn1	9.729999999999999	68.61000000000003	Pabpn1;Pab2;Pabp2
MGI:1859214	Pmm2	8.809999999999999	79.49000000000001	Pmm2
MGI:1859251	Dctn3	11.82	67.71000000000002	Dctn3
MGI:1859268	Krt85		100.32000000000002	Krt85;Krt2-18;Krthb5;Krt83;Kb25;Krt2-25;Krt86;Krt2-10;Krthb6;Krt81;Krt2-19;5430421N21Rik
MGI:1859270	Exoc7	17.770000000000003	47.9	Exoc7;Exo70;RP23-184G6.2-002;RP23-184G6.2-010
MGI:1859271	Htatip2	10.849999999999998	162.41000000000005	Htatip2;Cc3;Tip30
MGI:1859293	Atxn10	18.35	12.74	Atxn10;Sca10
MGI:1859328	Cpsf3	14.7	26.440000000000005	Cpsf3;Cpsf73
MGI:1859333	Nfat5	5.719999999999999	18.320000000000004	Nfat5;mKIAA0827
MGI:1859516	Rps28		93.82999999999998	Rps28
MGI:1859607	Praf2	12.94	168.7400000000001	Praf2;DXImx39e
MGI:1859608	Ccdc22	8.609999999999998	82.04000000000002	Ccdc22;DXImx40e
MGI:1859610	Gpkow	8.839999999999998	28.15	Gpkow
MGI:1859638	Pqbp1	16.42	40.92000000000001	Pqbp1;Npw38;RP23-443E19.4-003
MGI:1859646	Golga4	10.89	102.25999999999998	Golga4
MGI:1859648	Ftsj1	16.04	49.36000000000001	Ftsj1;RP23-224M4.1-001;RP23-224M4.1-002;RP23-224M4.1-003;RP23-224M4.1-007
MGI:1859649	Ctnnal1	9.76	6.789999999999999	Ctnnal1;Catnal1
MGI:1859652	Mtx2	10.749999999999998	25.890000000000004	Mtx2;MNCb-0780
MGI:1859683	Rpp30	6.02	123.07	Rpp30;Rnasep2
MGI:1859730	Sh3glb1	11.61	26.709999999999994	Sh3glb1;Kiaa0491
MGI:1859815	Prdx4	12.290000000000001	114.02000000000002	Prdx4;RP23-395K13.3-003
MGI:1859821	Prdx5	10.299999999999999	106.86999999999999	Prdx5;Prdx6
MGI:1859854	Rcor2	6.08	10.210000000000003	Rcor2
MGI:1859920	Ebag9	9.059999999999999	107.4	Ebag9;Rcas1
MGI:1860040	Trim3	5.98	39.33	Trim3;Hac1;Rnf22
MGI:1860078	Txnl1	12.710000000000003	31.830000000000002	Txnl1;Trp32;Txnl
MGI:1860086	Crlf3	5.07	160.44000000000003	Crlf3;Creme9;Cytor4
MGI:1860188	Snx3	14.36	34.849999999999994	Snx3;mCG_121767
MGI:1860236	Rabep1	9.929999999999998	59.66	Rabep1;Rab5ep;Rabpt5;Rabpt5a;DN-279H6.1-002;RP23-83I13.2-002;mCG_21169
MGI:1860263	Psmg1	12.700000000000001	133.52000000000004	Psmg1;Dscr2
MGI:1860267	Set	10.539999999999997	233.7446555538756	Set;RP23-261D24.1-004;BC085271;RP23-261D24.1-003
MGI:1860276	Ubqln1	9.02	43.86	Ubqln1;Plic1
MGI:1860283	Ubqln2	9.08	45.67000000000001	Ubqln2;RP23-240F13.1-001;mCG_10313;Plic2
MGI:1860295	Ftsj3	12.85	18.289999999999996	Ftsj3
MGI:1860374	Mad2l1	8.730000000000002	23.88	Mad2l1;Mad2a
MGI:1860443	Rabggta	7.759999999999999	129.46000000000004	Rabggta
MGI:1860454	Phc2	8.15	16.02	Phc2;RP23-467J23.1-001;Edr2;Ph2
MGI:1860456	Pck2	12.770000000000001	566.26	Pck2
MGI:1860487	Pcdh7	11.48	6.22	Pcdh7
MGI:1860489	Ptbp2	6.05	45.79999999999999	Ptbp2;Brptb;Nptb
MGI:1860493	Arhgef7	8.19	117.78000000000004	Arhgef7;Kiaa0142;Pak3bp
MGI:1860494	Ddx21	8.24	49.47999999999999	Ddx21;mCG_11315
MGI:1860512	Prpf40a	9.269999999999998	44.71999999999999	Prpf40a;Fbp11;Fnbp3
MGI:1860513	Fnbp4	4.65	52.62999999999999	Fnbp4;Fbp30;Kiaa1014
MGI:1860603	Rpl36		170.13000000000002	Rpl36
MGI:1860611	Pdlim1	9.500000000000002	49.02000000000001	Pdlim1;Clim1
MGI:1860763	Eif3i	12.070000000000002	78.8	Eif3i;Eif3s2;Trip1;RP23-151A15.2-003
MGI:1861099	Ubr2	8.990000000000002	17.28	Ubr2;Kiaa0349
MGI:1861100	Ubr3	9.980000000000002	10.33	Ubr3;Kiaa2024;Zfp650;Znf650
MGI:1861354	Apbb1ip	11.070000000000002	24.779999999999998	Apbb1ip;Prel1
MGI:1861380	Sphk2	8.9	40.839999999999996	Sphk2
MGI:1861437	Gsk3b	6.78	32.89	Gsk3b
MGI:1861453	Actl6a	10.41	59.25999999999998	Actl6a;Actl6;Baf53a
MGI:1861457	Dynll1	36.17999999999999	49.78	Dynll1;Dlc1;Dncl1;Dnclc1;BC048507;mCG_49550
MGI:1861461	H1f5		80.34999999999997	Hist1h1b;H1f5
MGI:1861601	Cpsf2	12.87	30.609999999999996	Cpsf2;Cpsf100;Mcpsf
MGI:1861602	Cpsf4	5.06	32.650000000000006	Cpsf4;Cpsf30
MGI:1861607	Gbf1	14.659999999999998	35.24	Gbf1
MGI:1861622	Aldh9a1	18.57	284.36000000000007	Aldh9a1
MGI:1861676	Nme6	8.48	27.410000000000004	Nme6
MGI:1861712	Tssc4	4.67	65.81999999999998	Tssc4;MNCb-3063
MGI:1861727	Dkc1	11.620000000000001	170.91000000000003	Dkc1;BC068171;RP23-62O13.1-011
MGI:1861742	Gabarap	18.48	4.46	Gabarap;Gabarapl1;Gec1;MNCb-0091;RP23-172M21.5-004
MGI:1861749	Nom1	7.540000000000002	18.78	Nom1;Gm1040
MGI:1861774	Rbms1	6.950000000000001	29.67000000000001	Rbms1;Mssp;Mssp1;Rbms3;mCG_142657
MGI:1861776	Rbms2	14.600000000000001	38.94	Rbms2;scr3
MGI:1888388	H2az1	19.970000000000002	125.88	H2afv;H2av;H2afz;H2az;RP23-74L9.1-002;mCG_121516
MGI:1888520	Brd4	8.35	23.139999999999997	Brd4;Mcap
MGI:1888526	Xpo4	6.39	56.26999999999998	Xpo4;Kiaa1721
MGI:1888669	Psmd8	12.020000000000001	88.51000000000005	Psmd8
MGI:1888697	Taf9	15.419999999999996	18.559999999999995	Taf9;Taf2g
MGI:1888908	Aldh18a1	8.8	107.24999999999999	Aldh18a1;P5cs;Pycs
MGI:1888939	Septin6	19.37	46.989999999999995	Sept6;Kiaa0128
MGI:1888981	Rexo2	14.659999999999998	45.70000000000001	Rexo2;Smfn
MGI:1888993	Api5		45.84000000000001	Api5
MGI:1889001	Nub1	11.369999999999997	23.750000000000004	Nub1;Nyren18
MGI:1889073	Rangrf		23.08	Rangrf;Mog1;Rangnrf
MGI:1889208	Cks1b		13.9	EG624855;mCG_132387;Cks1b;Cks1;Sid1334
MGI:1889278	Pdss1	5.14	10.470000000000002	Pdss1;Dps1;Sps1;Tprt;RP23-436J19.1-002
MGI:1889294	Rbm38	7.810000000000001	12.599999999999996	Rbm38;Rnpc1;Seb4;Seb4l
MGI:1889341	Hacd3	13.33	115.38999999999996	Ptplad1
MGI:1889364	Akirin2	4.75	10.459999999999999	Akirin2
MGI:1889383	Ap1s2	8.24	91.83000000000001	Ap1s2;RP23-391L6.1-003;mCG_12479;RP23-391L6.1-002;RP23-391L6.1-004
MGI:1889508	Tbc1d1	7.619999999999999	31.459999999999997	Tbc1d1;Kiaa1108;Tbc1
MGI:1889574	Extl2	7.719999999999998	97.57000000000004	Extl2;Extr2
MGI:1889575	Adar	6.359999999999999	26.649999999999995	Adar
MGI:1889583	Sh3kbp1	15.599999999999998	46.34000000000001	Sh3kbp1;Ruk;Seta
MGI:1889802	Hibadh	14.51	353.3600000000002	Hibadh
MGI:1889844	Sumf1	14.379999999999999	45.31	Sumf1;Fge
MGI:1889850	Gsdme	8.630000000000003	70.03000000000003	Dfna5;Dfna5h
MGI:1890156	Stx8		42.71	Stx8
MGI:1890165	Larp1	11.180000000000001	34.11000000000001	Larp1;Kiaa0731;Larp
MGI:1890169	Erbin	9.330000000000002	23.51	Erbb2ip;Erbin;Kiaa1225;Lap2
MGI:1890357	Igf2bp1	4.69	157.16000000000003	Igf2bp1;Vickz1
MGI:1890358	Igf2bp2	7.3100000000000005	265.9799999999999	Igf2bp2;Imp2;Vickz2;RP23-50H13.1-004
MGI:1890359	Igf2bp3	9.520000000000001	138.47999999999993	Igf2bp3;Vickz3
MGI:1890404	Serhl	7.599999999999998	60.42000000000002	Serhl
MGI:1890430	Paxip1	10.079999999999998	52.43999999999999	Paxip1;Ptip
MGI:1890467	Vps35	10.839999999999998	138.41999999999996	Vps35;Mem3
MGI:1890470	Pcbp3	10.17	55.7	Pcbp3
MGI:1890471	Pcbp4	9.520000000000001	13.559999999999999	Pcbp4
MGI:1890480	Galnt10	12.290000000000001	15.0	Galnt10
MGI:1890496	Elac2	11.690000000000001	43.96	Elac2;RP23-219K7.1-005
MGI:1890508	Zmpste24	17.48	75.42	Zmpste24;Face1
MGI:1890520	Vps4a	9.55	26.860000000000007	Vps4a
MGI:1890563	Wasf1	11.390000000000002	64.79000000000002	Wasf1;Wave1
MGI:1890574	Sptbn4		47.14999999999999	Spnb4
MGI:1890577	Srsf4	4.97	109.33999999999999	Sfrs4;RP23-13A13.2-001;mCG_16265;MNCb-2616;RP23-13A13.2-002
MGI:1890602	Gabarapl2		4.74	Gabarapl2
MGI:1890613	Pes1	17.789999999999996	27.810000000000006	Pes1;Pes
MGI:1890614	Dusp12	7.24	49.43999999999999	Dusp12
MGI:1890645	Nek7	8.839999999999998	38.290000000000006	Nek7
MGI:1890695	Rab9	3.08	26.1	Rab9;RP23-408K4.3-002;Rab9a;Sid99
MGI:1890773	Actn4	16.199999999999996	92.6	Actn4;FR-17
MGI:1890889	Ndufs5	18.339999999999996	76.07000000000001	Ndufs5;RP23-247I20.4-002
MGI:1890948	Supt16	10.15	66.12000000000003	Supt16h;Fact140;Factp140
MGI:1891017	Zfpl1	7.869999999999999	67.28	Zfpl1
MGI:1891112	Gmds	16.98	172.5500000000001	Gmds
MGI:1891190	Ctsz	15.889999999999999	12.810000000000002	Ctsz
MGI:1891207	Plpbp	7.059999999999999	104.94000000000001	Prosc
MGI:1891221	Crtap	20.52	20.96	Crtap;Casp
MGI:1891227	Edf1	17.719999999999995	13.270000000000001	Edf1
MGI:1891250	Gprc5a	4.62	36.46	Gprc5a;Rai3;Raig1
MGI:1891254	Bag2	7.080000000000001	70.94	Bag2
MGI:1891258	Parp3	8.33	117.94000000000001	Parp3;Adprtl3
MGI:1891384	Mov10l1		59.039999999999985	Mov10l1;Champ
MGI:1891396	Kirrel1	12.2	5.59	Kirrel;Kirrel1;Neph1
MGI:1891410	Pacsin3	7.440000000000001	26.910000000000004	Pacsin3;RP23-42N14.1-014;RP23-42N14.1-008
MGI:1891421	Mesd	21.540000000000003	112.02999999999996	Mesdc2
MGI:1891434	Pde4dip	6.349999999999999	12.500000000000002	Pde4dip;Kiaa0454
MGI:1891435	Atp5mk	11.63	16.170000000000005	Usmg5
MGI:1891456	Ripk2	4.63	62.19999999999998	Ripk2
MGI:1891638	Nek6	9.220000000000002	18.999999999999996	Nek6;RP23-42H18.3-002
MGI:1891654	Actr10	16.700000000000003	59.12999999999999	Actr10;Act11;Actr11;Arp11
MGI:1891679	Brat1	4.99	52.87	AA881470;mCG_14490
MGI:1891689	Dctn5	9.040000000000001	31.1	Dctn5
MGI:1891690	Syncrip	8.32	107.91999999999996	Syncrip;Hnrpq;Nsap1;Nsap1l
MGI:1891691	Arpp19	14.180000000000001	43.13999999999999	Arpp19
MGI:1891692	Hnrnpr	9.379999999999999	128.24999999999997	Hnrnpr;Hnrpr;RP24-315O23.1-006
MGI:1891698	Pnkp	6.599999999999999	108.11000000000001	Pnkp
MGI:1891699	Stk25	9.64	87.36999999999998	Stk25;Sok1
MGI:1891700	Ncstn	13.779999999999998	34.32999999999999	Ncstn
MGI:1891702	Cope	13.590000000000002	137.61999999999995	Cope;Cope1
MGI:1891706	Spen	5.739999999999999	23.949999999999996	Spen;RP23-308N2.11-001;RP23-308N2.11-002;Kiaa0929;Mint;Sharp
MGI:1891731	Stub1	11.039999999999997	42.50000000000001	Stub1;Chip
MGI:1891750	Mycbp	6.250000000000001	149.15999999999994	Mycbp;RP23-29H22.2-002;Amy1
MGI:1891751	Gps2	7.890000000000001	19.48	Gps2;RP23-172M21.10-001;mCG_22494
MGI:1891763	Ppp4c	8.12	43.39	Ppp4c;Ppp4;Ppx
MGI:1891808	Tollip	6.59	20.110000000000003	Tollip;RP23-118G3.1-004;mCG_133814;RP23-118G3.1-003
MGI:1891823	Wbp11	8.370000000000001	39.73	Wbp11
MGI:1891824	Acin1	15.009999999999998	64.3525803678454	Acin1;RP23-94B13.1-001;Acinus;RP23-94B13.1-002;RP23-94B13.1-010
MGI:1891827	Gde1	13.660000000000002	59.50000000000001	Gde1;Mir16
MGI:1891828	Becn1	8.370000000000001	52.07000000000001	Becn1;RP23-281C18.12-001
MGI:1891829	Rbx1	10.019999999999998	24.96	Rbx1
MGI:1891833	Pfkp	21.630000000000003	441.8600000000002	Pfkp;Pfkc
MGI:1891835	Hdac7		20.159999999999997	Hdac7;Hdac7a
MGI:1891839	Phax	5.3	26.63	Phax;Rnuxa
MGI:1891840	Ncbp1	14.899999999999997	85.98000000000002	Ncbp1
MGI:1891917	Ywhab	15.619999999999997	71.39	Ywhab;RP23-321M14.1-002
MGI:1891925	Hnrnph1	6.580000000000001	103.48	Hnrnph1;Hnrph1;RP23-121P11.1-006;Hnrph
MGI:1913096	Jmy	5.51	118.95999999999997	Jmy
MGI:1913099	Psrc1	4.35	5.83	Psrc1;Dda3;RP23-27B23.8-009;RP23-27B23.8-006
MGI:1913125	Pias1	4.84	6.86	Pias1;Ddxbp1
MGI:1913128	Bet1l	3.3300000000000005	13.97	Bet1l;Gs15
MGI:1913129	Rbm8a	12.890000000000002	48.04999999999999	Rbm8a;Rbm8
MGI:1913144	Alyref2	8.26	54.34	Thoc4;Aly;Ref1;Refbp1;Refbp2;Ref2
MGI:1913153	Mrps31	6.13	92.82999999999998	Mrps31;Imogn38
MGI:1913208	Carm1	13.270000000000001	62.46000000000002	Carm1;Prmt4
MGI:1913224	Hs1bp3	6.33	169.22999999999996	Hs1bp3
MGI:1913275	Rcl1	6.66	29.289999999999996	Rcl1;Rnac
MGI:1913284	Psmd14	10.679999999999998	93.54	Psmd14;Pad1
MGI:1913290	Nfu1	9.400000000000002	29.359999999999992	Nfu1;Hirip5
MGI:1913293	Atp5f1d	16.899999999999995	61.52000000000002	Atp5d
MGI:1913294	Dtd1	15.390000000000002	121.11999999999995	Dtd1;Hars2
MGI:1913296	Ndufb5	15.030000000000001	46.39999999999999	Ndufb5
MGI:1913297	Mrpl54	14.240000000000002	21.949999999999996	Mrpl54
MGI:1913298	Emc6	8.309999999999999	51.38000000000001	Tmem93
MGI:1913300	Trappc2b	3.76	21.93	0610009B22Rik;RP23-79E13.7;RP23-79E13.7-001;mCG_6979
MGI:1913302	Sdhc	12.94	66.04	Sdhc
MGI:1913304	Cndp2	11.35	281.7599999999999	Cndp2;Cn2;mFLJ00064
MGI:1913305	Sf3b6	11.52	17.009999999999998	Sf3b14
MGI:1913308	Tmem176a	21.160000000000004	6.62	Tmem176a;Gs188;Keg2
MGI:1913309	Krtcap2	16.610000000000003	41.70000000000001	Krtcap2
MGI:1913318	Glmp	17.219999999999995	42.99	
MGI:1913320	Cwc15	11.830000000000002	14.620000000000003	Cwc15;Ed1
MGI:1913321	Ethe1	19.250000000000004	166.75999999999996	Ethe1;Hsco
MGI:1913322	Sdhaf2	10.26	7.300000000000001	
MGI:1913323	Txndc12	11.469999999999999	88.67999999999998	Txndc12;Tlp19
MGI:1913324	Tmem167	20.889999999999997	42.19	Tmem167a;Tmem167
MGI:1913325	Chchd3	15.439999999999998	310.63000000000005	Chchd3
MGI:1913328	Tsen34	11.879999999999999	8.21	Tsen34;Leng5;Sen34
MGI:1913335	Eif3f	16.83	46.24	Eif3s5;Eif3f
MGI:1913336	Cep20	5.98	17.41	
MGI:1913337	Emc3	11.410000000000002	22.479999999999997	Tmem111
MGI:1913341	Ndufa3	12.0	34.20000000000001	Ndufa3
MGI:1913344	Lsm7		178.72000000000003	Lsm7
MGI:1913346	Lamtor4	14.070000000000002	84.90000000000002	
MGI:1913348	Chchd6	18.850000000000005	189.45000000000002	Chchd6
MGI:1913353	Naxd		4806.600000000004	Carkd
MGI:1913355	Ube2d3	11.050000000000002	34.53999999999999	Ube2d3
MGI:1913358	Ndufa9	17.47	40.60000000000001	Ndufa9;mCG_129735
MGI:1913361	Tmed3	15.210000000000003	87.54000000000003	Tmed3
MGI:1913367	Fmc1	9.16	25.620000000000005	
MGI:1913368	Sarnp	9.610000000000001	48.74000000000001	Sarnp;Hcc1
MGI:1913370	Fkbp11	11.02	136.12000000000003	Fkbp11
MGI:1913371	Chchd1	8.289999999999997	144.04000000000002	Chchd1
MGI:1913375	Sf3b5	14.399999999999999	66.07	Sf3b5;Sf3b10
MGI:1913378	Kdg4		43.470000000000006	Mrps36
MGI:1913386	Polr1h	4.81	21.219999999999995	Znrd1;Rpa12
MGI:1913388	Bud23	10.27	11.770000000000001	Wbscr22
MGI:1913391	Ifitm3	16.440000000000005	11.180000000000001	Ifitm3;mCG_22590
MGI:1913393	Eef1e1	6.250000000000001	154.21000000000006	Eef1e1
MGI:1913394	Atp6v1f	10.89	21.470000000000002	Atp6v1f;Atp6s14;Vatf
MGI:1913397	Necap2	8.849999999999998	38.309999999999995	Necap2
MGI:1913402	Uqcr10	13.97	47.580000000000005	Uqcr10
MGI:1913404	Tmem14c	13.840000000000002	142.77	Tmem14c
MGI:1913405	Ufc1	12.119999999999997	37.699999999999996	Ufc1
MGI:1913408	Rtl8a		3.81	Cxx1a;Cxx1b;RP23-479D16.4-001;RP23-479D16.5-001;mCG_1026783
MGI:1913411	Pop4	4.88	131.04000000000002	Pop4;Rpp29
MGI:1913412	Bola2	12.61	66.49000000000002	Bola2
MGI:1913414	Nip7	11.63	109.39999999999998	Nip7
MGI:1913415	Bccip	9.320000000000002	50.63	Bccip
MGI:1913417	Tma7		29.440000000000005	Ccdc72
MGI:1913419	Tomm7	13.840000000000002	35.58	Tomm7
MGI:1913421	Pgls	11.889999999999999	133.08000000000004	Pgls
MGI:1913422	Med11	6.150000000000001	20.420000000000005	Med11
MGI:1913427	Ubl5	16.309999999999995	9.15	Ubl5
MGI:1913429	Ogfod3	14.480000000000002	44.82999999999999	RP23-349B15.2;1110031I02Rik;RP23-349B15.2-001;mCG_12376
MGI:1913430	P3h4	10.94	10.549999999999999	Sc65;1110036O03Rik
MGI:1913431	Nop10	10.859999999999998	152.57000000000002	Nop10;Nola3
MGI:1913434	Rps4l	12.279999999999998	89.03999999999999	Rps4x;Rps4;Rps4y2;1110033J19Rik;RP23-251M14.2-001;mCG_49215
MGI:1913435	Virma	10.760000000000002	30.659999999999997	1110037F02Rik;Kiaa1429
MGI:1913442	Lage3	7.499999999999999	45.32	Lage3;Itba2
MGI:1913444	Pycr3	9.88	542.1699999999998	Pycrl
MGI:1913446	Myo19	4.67	56.090000000000025	Myo19;Myohd1
MGI:1913447	Cks2	5.59	10.1	Cks2
MGI:1913449	Commd4	8.860000000000001	30.89999999999999	Commd4
MGI:1913450	Commd6	5.31	101.38000000000001	Commd6
MGI:1913458	Nenf	12.190000000000001	44.49	Nenf;Spuf
MGI:1913459	Inip	4.430000000000001	63.829999999999984	
MGI:1913462	Sec61b	14.670000000000003	39.27000000000001	Sec61b
MGI:1913463	Med7	4.01	16.139999999999997	Med7;Crsp9
MGI:1913468	Ndufb9	14.060000000000004	56.580000000000005	Ndufb9
MGI:1913475	Llph	4.5	13.619999999999997	Llph
MGI:1913479	Rpl7l1	8.64	8.599999999999998	Rpl7l1
MGI:1913480	Mrps28	11.139999999999999	74.27000000000002	Mrps28
MGI:1913481	Thoc7	7.900000000000002	177.16000000000005	Thoc7;Nif3l1bp1
MGI:1913482	Znrd2	8.64	24.760000000000005	Sssca1;C184l
MGI:1913483	Dmap1	7.91	22.830000000000002	Dmap1;Mmtr
MGI:1913484	Msmo1	5.2	21.19	Sc4mol
MGI:1913485	Eif1ax	11.950000000000001	48.39000000000001	Eif1ay;Eif1ax
MGI:1913489	Rsrc2	3.5099999999999993	21.069999999999997	Rsrc2
MGI:1913491	Tmem9	15.909999999999998	7.820000000000001	Tmem9
MGI:1913492	Mrps16	8.599999999999998	109.63999999999999	Mrps16;Rpms16
MGI:1913495	Hspbp1	15.499999999999998	36.04	Hspbp1;Hspbp
MGI:1913496	Osgep		285.38	Osgep
MGI:1913498	Alg5	8.930000000000001	57.119999999999976	Alg5
MGI:1913499	Pno1	9.08	12.1	Pno1
MGI:1913501	Arfgap3	7.529999999999999	28.009999999999998	Arfgap3
MGI:1913504	Dimt1	7.02	17.899999999999995	Dimt1l;Dimt1
MGI:1913508	Mrps17	7.719999999999998	60.23999999999998	Mrps17;Rpms17
MGI:1913521	Tmem126a	8.739999999999998	72.23999999999998	Tmem126a
MGI:1913523	Aamdc	13.77	51.8	1810020D17Rik;mCG_7056
MGI:1913526	1810009A15Rik	10.359999999999998	17.43	1810009A15Rik
MGI:1913532	Tma16	6.250000000000001	26.389999999999997	
MGI:1913536	Sec11c	9.239999999999998	33.150000000000006	Sec11c;Sec11l3;Spc21
MGI:1913538	Pdcd5	15.699999999999998	42.68999999999999	Pdcd5;Tfar19
MGI:1913540	Atp6v1g1	8.950000000000001	15.439999999999998	Atp6v1g1;Atp6g1
MGI:1913542	Mrps21	10.760000000000002	79.96000000000002	Mrps21;Rpms21
MGI:1913544	Fam3a	15.599999999999998	13.260000000000002	Fam3a
MGI:1913546	Haus2	5.03	65.78000000000002	Haus2;Cep27
MGI:1913552	Rmdn1	4.62	134.39000000000001	Fam82b;2410005O16Rik;RP23-109G18.3;RP23-109G18.3-002
MGI:1913557	Isoc1	17.570000000000004	259.84	Isoc1
MGI:1913560	Dpy30	8.449999999999998	78.08999999999999	Dpy30
MGI:1913564	Tpd52l2	12.83	42.027524314429954	Tpd52l2;RP23-33L3.2-009;RP23-33L3.2-002;mCG_23059
MGI:1913585	Atp6v1c1	11.939999999999998	21.77	Atp6v1c1;Atp6c;Atp6c1;Vatc
MGI:1913600	Pla2g12a	15.470000000000004	34.96	Pla2g12a;Pla2g12
MGI:1913604	Snw1	8.67	16.180000000000003	Snw1;Skiip
MGI:1913606	Knop1	8.88	27.230000000000004	Tsg118
MGI:1913607	Ostc	9.939999999999998	125.84999999999997	Ostc
MGI:1913609	Cox20	1.61	112.77000000000002	Fam36a
MGI:1913612	Exosc3	4.69	47.94	Exosc3;Rrp40;RP23-76I24.4-004
MGI:1913615	Ccdc90b	8.869999999999997	3295.3999999999983	Ccdc90b
MGI:1913616	Ergic3	17.350000000000005	41.309999999999995	Ergic3;Erv46;Sdbcag84;RP23-220D12.2-009;RP23-220D12.2-006
MGI:1913618	Rtca	9.489999999999998	90.50999999999996	Rtcd1;mCG_2349;Rpc1
MGI:1913623	Lsm5	15.170000000000002	189.29000000000008	Lsm5
MGI:1913624	2310011J03Rik	7.950000000000001	15.99	
MGI:1913625	Dhrs7	19.809999999999995	120.39999999999995	Dhrs7;Retsdr4
MGI:1913628	Micos10	22.459999999999997	115.33000000000004	2310028O11Rik;RP23-65B16.4-001
MGI:1913633	Iscu	8.599999999999998	12.98	Iscu;Nifun
MGI:1913634	Srp19	8.779999999999998	238.30000000000007	Srp19
MGI:1913635	Ppp1r7	13.569999999999997	79.06000000000003	Ppp1r7;Sds22
MGI:1913637	Nudt8	12.269999999999998	359.23999999999995	Nudt8
MGI:1913644	Nosip	12.87	12.290000000000001	Nosip
MGI:1913647	Sar1b	8.91	88.28	Sar1b;Sara1b;Sara2
MGI:1913648	Commd5	6.359999999999999	71.47000000000003	Commd5
MGI:1913649	Tsfm	7.470000000000001	148.56999999999996	Tsfm
MGI:1913653	Asf1a	6.750000000000001	32.15	Asf1a
MGI:1913654	Rtf2	11.620000000000001	5.27	2410001C21Rik
MGI:1913657	Mrps15	10.79	81.90999999999997	Mrps15;Rpms15
MGI:1913658	Aptx		19.469999999999995	Aptx
MGI:1913659	Rsl1d1	6.82	50.94	Rsl1d1
MGI:1913660	Mterf3	3.81	8.77	Mterfd1
MGI:1913661	Tbcb	13.530000000000003	39.86000000000001	Tbcb;Ckap1
MGI:1913663	Psmd6	9.489999999999998	172.59999999999994	Psmd6
MGI:1913664	Ndufa12	16.67	14.370000000000001	Ndufa12
MGI:1913666	Ndufa7	18.149999999999995	11.709999999999999	Ndufa7
MGI:1913667	Mat2b	6.09	114.81000000000002	Mat2b
MGI:1913670	Polr2e	10.839999999999998	24.86	Polr2e
MGI:1913671	2410004B18Rik	4.79	58.12000000000001	
MGI:1913672	Dctpp1	13.38	454.88000000000017	Dctpp1;Tdrg-TL1
MGI:1913677	Cyb5b	15.219999999999999	260.70000000000005	Cyb5b;Cyb5m
MGI:1913678	Mien1	13.739999999999998	78.50000000000003	1810046J19Rik;RP23-355L10.9-001;mCG_21898
MGI:1913679	Ufsp2	8.969999999999999	169.24999999999997	Ufsp2
MGI:1913685	Uggt2	15.030000000000001	74.38000000000001	Ugcgl2
MGI:1913687	Fis1	16.450000000000003	55.80999999999998	Fis1;Ttc11
MGI:1913690	Cdc26	7.780000000000001	70.02	Fkbp15;Fkbp133;Kiaa0674;Cdc26;RP23-64F17.7-002
MGI:1913692	Spc25	5.24	13.779999999999998	Spc25;Spbc25;RP23-431D4.3-005
MGI:1913695	Cyc1	12.729999999999999	181.48000000000002	Cyc1
MGI:1913696	Exosc7	5.39	79.67999999999998	Exosc7;mCG_23310;Rrp42
MGI:1913699	Pam16		18.18	Timm16;Magmas;Tim16
MGI:1913705	Cnpy4	10.000000000000002	91.72999999999999	Cnpy4;Prat4b
MGI:1913711	Ptpmt1	9.579999999999998	84.76000000000002	Ptpmt1;Plip
MGI:1913712	Rex1bd	16.120000000000005	50.48999999999999	
MGI:1913714	Taf12	9.339999999999998	31.839999999999993	Taf12
MGI:1913721	Anp32e	20.469999999999995	55.68000000000001	Anp32e;Cpd1
MGI:1913725	Rps23		152.89000000000001	Rps23
MGI:1913730	Rpl15	9.040000000000001	134.86999999999998	Rpl15
MGI:1913731	Rps21	14.600000000000001	141.88999999999993	Rps21
MGI:1913732	Exoc2	11.830000000000002	51.290000000000006	Exoc2;Sec5;Sec5l1
MGI:1913737	Uqcc5		8.370000000000001	Snhg8
MGI:1913738	Timcc	7.13	119.46999999999998	Fam136a
MGI:1913739	Rpl35		177.84999999999997	Rpl35
MGI:1913741	Polr2l	9.64	23.89	Polr2l
MGI:1913742	Zmat2	13.419999999999998	16.719999999999995	Zmat2
MGI:1913743	Mrpl51	11.510000000000002	46.59	Mrpl51;Mrp64
MGI:1913745	Ndufb3	9.669999999999998	86.55000000000003	Ndufb3
MGI:1913747	Cmss1	8.59	91.71999999999996	
MGI:1913748	Dda1	9.460000000000003	10.179999999999998	Dda1
MGI:1913750	Slc30a7	8.03	108.45000000000002	Slc30a7;Znt7;Zntl2
MGI:1913754	Prrc2c	9.909999999999998	27.679999999999996	Bat2d1;Bat2d;Kiaa1096
MGI:1913756	Psmg3	5.990000000000001	106.23	Psmg3;Pac3
MGI:1913758	Lamtor1	14.750000000000002	72.3	
MGI:1913761	Chtop		24.11	MNCb-1706
MGI:1913762	Dera	12.279999999999998	91.02999999999997	Dera
MGI:1913765	Cul7	19.540000000000003	11.54	Cul7;Kiaa0076
MGI:1913771	Rwdd1	11.63	93.69999999999996	Rwdd1;Dfrp2
MGI:1913773	Fsaf1	8.58	11.750000000000002	2810004N23Rik;Setd6
MGI:1913775	Timm50	10.310000000000002	57.42	Timm50;Tim50
MGI:1913779	Ptrh1	7.26	41.279999999999994	Ptrh1
MGI:1913780	Ubxn6	9.669999999999998	14.47	Ubxn6;Ubxd1;Ubxdc2;mFLJ00394
MGI:1913781	Cmc2	12.0	42.88999999999999	
MGI:1913786	Nipsnap3b	8.9	408.95	Nipsnap3a;Nipsnap3b;RP23-95M14.7-002
MGI:1913787	Pomp	10.470000000000002	4.14	Pomp
MGI:1913788	Rps19bp1	7.7299999999999995	9.269999999999998	Rps19bp1;Aros
MGI:1913789	Xpo5	8.779999999999998	40.25	Xpo5;Kiaa1291;Ranbp21
MGI:1913790	Fam107b	7.660000000000002	47.16	Fam107b
MGI:1913806	Drap1	19.320000000000004	43.74	Drap1
MGI:1913808	Lars1	15.759999999999996	261.83000000000004	Lars
MGI:1913819	Gdpd1	13.559999999999999	92.97000000000003	Gdpd1;Gde4
MGI:1913826	Uqcrh	13.489999999999998	180.86999999999992	Uqcrh
MGI:1913830	Esf1	5.539999999999999	18.21	Esf1;Abtap
MGI:1913833	Exosc1	6.679999999999999	30.520000000000003	Exosc1;Csl4
MGI:1913835	Snrnp40	8.67	103.71	Snrnp40;Wdr57
MGI:1913838	Cmpk1	11.960000000000003	86.87999999999997	Cmpk1;Cmk;Cmpk;Uck;Umk;Umpk
MGI:1913839	Ube2v1	11.269999999999998	105.01999999999997	RP23-118A2.10-001;Ube2v1;RP23-118A2.7-002;Croc1
MGI:1913840	Farsa	10.780000000000001	400.5999999999999	Farsa;Farsla
MGI:1913841	Mad2l1bp	2.64	19.970000000000002	Mad2l1bp;Mad2lbp
MGI:1913842	Stoml2	12.890000000000002	174.63999999999993	Stoml2;Slp2;RP23-124L1.8-009;RP23-124L1.8-005
MGI:1913843	Diablo	15.640000000000004	91.68999999999997	Diablo;Smac
MGI:1913850	Mgst1	14.170000000000003	105.03999999999996	Mgst1
MGI:1913853	Gemin2	3.8300000000000005	94.83000000000001	Sip1;Gemin2
MGI:1913856	Lrrc57	4.79	37.88999999999999	Lrrc57;RP23-158L6.3-001;mCG_11983;RP23-158L6.3-005
MGI:1913859	Cryzl1	6.849999999999999	180.12999999999994	Cryzl1
MGI:1913862	Ormdl3	5.809999999999999	22.360000000000003	Ormdl3
MGI:1913863	Pigk	25.38	16.490000000000002	Pigk;mCG_7289
MGI:1913865	Atg4b	10.58	33.39999999999999	Atg4b;Apg4b;Autl1;Kiaa0943
MGI:1913866	Snx9	8.409999999999998	57.37000000000001	Snx9
MGI:1913867	Ntmt1	5.539999999999999	31.110000000000003	Mettl11a;RP23-221O14.3-003
MGI:1913868	Snrnp27	8.830000000000002	18.559999999999995	Snrnp27
MGI:1913874	Spcs2	15.210000000000003	55.45999999999999	Spcs2;Spc25
MGI:1913878	Thg1l	5.93	35.39	Thg1l;RP23-298M7.6-002;mCG_22296
MGI:1913879	Golph3	7.669999999999999	23.26	Golph3;Gpp34
MGI:1913882	Dph6	16.02	13.2	Atpbd4
MGI:1913883	Nsa2		7.58	Tinp1
MGI:1913891	Sike1	8.06	8.8	Sikea
MGI:1913892	Ctnnbl1	19.049999999999997	86.14999999999998	Ctnnbl1
MGI:1913894	Uba6	7.880000000000002	139.96999999999997	Uba6;Ube1l2
MGI:1913895	Pspc1	11.369999999999997	84.03999999999999	Pspc1;Psp1
MGI:1913896	Rpe	13.879999999999997	240.22000000000003	Rpe;AC118589.1-002;mCG_121562
MGI:1913897	Nsmce3	4.06	18.060000000000002	Ndnl2;Mageg1
MGI:1913908	Ccdc51	4.8	75.90000000000002	Ccdc51
MGI:1913910	Sltm	8.27	140.65999999999997	Sltm;Met
MGI:1913913	Uba5	7.33	157.2	Uba5;Ube1dc1
MGI:1913917	Hspbap1	8.43	41.72	Hspbap1;Pass1
MGI:1913921	Ccnh	14.99	25.17	Ccnh
MGI:1913922	Chmp7	8.33	36.16	Chmp7
MGI:1913924	Spryd7	6.260000000000001	35.25999999999999	Clld6;6330409N04Rik;RP23-38F20.1;RP23-38F20.1-002
MGI:1913929	Rae1	6.370000000000001	101.09000000000005	Rae1;Mrnp41
MGI:1913932	Trappc5	6.47	16.629999999999995	Trappc5
MGI:1913937	Tbc1d15	9.09	25.04	Tbc1d15
MGI:1913941	Gapvd1	9.1	52.02	Gapvd1;Gapex5;Kiaa1521
MGI:1913944	Uqcrfs1	9.48	99.73000000000003	Uqcrfs1
MGI:1913948	Cpsf6	10.6	132.79	Cpsf6
MGI:1913950	Chmp3	16.490000000000002	28.189999999999998	Vps24;Chmp3
MGI:1913954	Rbm4b	5.819999999999999	22.08	Rbm4;Rbm4a;Rbm4b;Rbm30
MGI:1913961	Sbds	5.98	37.95	Sbds
MGI:1913963	Actr2	11.469999999999999	82.20000000000003	Actr2;Arp2
MGI:1913975	Lrrk2	14.209999999999999	3.59	Lrrk2
MGI:1913976	Nipbl	8.39	25.989999999999995	Nipbl
MGI:1913986	Emc2	9.03	45.17999999999999	Ttc35;Kiaa0103
MGI:1913989	Rcc1	6.86	121.72999999999999	Rcc1;Chc1
MGI:1914000	Mims1	7.499999999999999	67.63000000000001	
MGI:1914004	Foxp1	3.9199999999999995	18.950000000000003	Foxp1
MGI:1914007	Adat2	5.56	50.39	Adat2;Deadc1
MGI:1914050	Trp53rkb		107.33000000000001	Trp53rk;RP23-448P12.1-001;mCG_14605
MGI:1914053	Hmces	6.45	17.489999999999995	
MGI:1914059	Krt20		75.20999999999997	Krt20
MGI:1914060	Rbm22	5.529999999999999	31.0	Rbm22
MGI:1914071	Bcs1l	9.56	476.8800000000002	Bcs1l
MGI:1914077	Ttc1	6.02	43.97999999999999	Ttc1
MGI:1914080	Nacc1	11.180000000000001	9.23	Nacc1;Btbd14b;Nac1
MGI:1914090	Wdr45b	9.9	53.25000000000001	Wdr45l;Wipi3;RP23-293H17.1-004
MGI:1914094	Ormdl2	10.89	12.300000000000002	Ormdl2
MGI:1914099	Ppp1r2	16.069999999999997	40.92999999999999	Ppp1r2
MGI:1914110	Tanc1	7.26	13.739999999999998	Tanc1
MGI:1914111	Dnajc10	21.489999999999995	62.48	Dnajc10;RP23-282M14.2-001;Erdj5;Jpdi
MGI:1914116	Nhlrc2	9.680000000000001	88.10000000000001	Nhlrc2
MGI:1914117	Hmg20a	6.62	72.58000000000003	Hmg20a;Ibraf
MGI:1914120	Serbp1	31.89499020222455	30.691008455246294	Serbp1;Pairbp1
MGI:1914121	Cpne8	9.980000000000002	12.020000000000001	Cpne8
MGI:1914124	Ncbp3	8.950000000000001	27.319999999999993	RP23-263M10.5;1200014J11Rik;RP23-263M10.5-001;mCG_6640
MGI:1914127	Crnkl1	11.49	24.18	Crnkl1
MGI:1914131	Pcyox1	15.830000000000002	164.21000000000004	Pcyox1;Kiaa0908
MGI:1914132	Bzw1	11.060000000000002	41.84	Bzw1
MGI:1914134	Appbp2	4.82	5.17	Appbp2;Kiaa0228
MGI:1914135	Acadsb	20.110000000000003	125.90999999999997	Acadsb
MGI:1914140	Lman2	19.63	83.69999999999999	Lman2;mCG_3198
MGI:1914144	Wwp2	8.12	20.03	Wwp2
MGI:1914149	Fip1l1	14.519999999999998	27.239999999999995	Fip1l1
MGI:1914152	Mtap	11.38	263.79999999999995	Mtap
MGI:1914154	Pccb	17.48	63.36	Pccb
MGI:1914155	Plin3	13.97	122.55000000000003	M6prbp1;Tip47
MGI:1914161	Nudt16l1	6.63	23.55	Nudt16l1;Sdos
MGI:1914162	Bzw2	12.0	55.12	Bzw2
MGI:1914163	Kdelr2	11.559999999999999	107.43000000000002	Kdelr2
MGI:1914164	Vps28	11.150000000000002	25.620000000000005	Vps28
MGI:1914166	Ndufb7	15.199999999999998	82.58000000000001	Ndufb7
MGI:1914167	Chordc1	7.900000000000002	116.71000000000004	Chordc1;Chp1
MGI:1914171	Prpf38b	5.8	144.56	Prpf38b
MGI:1914172	Rras2	8.49	30.369999999999997	Rras2
MGI:1914175	Sdhd	9.09	93.66000000000003	Sdhd
MGI:1914176	Trmt6	9.37	46.36999999999999	Trmt6;Kiaa1153;Trm6
MGI:1914179	Asf1b	6.739999999999999	8.690000000000001	Asf1b
MGI:1914186	Asph	26.13	82.51999999999997	Asph;RP23-152A20.3-002;RP23-152A20.3-003
MGI:1914192	Ddx18	10.79	45.17999999999999	Ddx18
MGI:1914195	Sdha	17.500000000000004	93.41000000000001	Sdha
MGI:1914197	Commd7		39.040000000000006	Commd7;RP23-89H14.1-002
MGI:1914198	Acad8	8.72	172.66999999999996	Acad8
MGI:1914199	Trim59	3.26	8.15	Trim59;Mrf1
MGI:1914208	Tmx2	8.100000000000001	12.599999999999996	Tmx2;Txndc14
MGI:1914215	Ctu2	7.09	41.02	Ctu2;Ncs2
MGI:1914220	Ssbp2	15.009999999999998	14.439999999999998	Ssbp3;Last;Ssdp1;RP23-97J2.1-006;Ssbp4;mCG_23121;Ssbp2;Ssdp2;RP23-97J2.1-017
MGI:1914223	Mrps18b	7.4799999999999995	77.02000000000002	Mrps18b
MGI:1914226	2410002F23Rik	4.18	12.119999999999997	2410002F23Rik
MGI:1914227	Nuf2		8.68	Nuf2;Cdca1;Nuf2r
MGI:1914228	Luc7l	5.9	64.83000000000003	Luc7l
MGI:1914229	Pole4	10.079999999999998	5.64	Pole4
MGI:1914233	Zfp830	4.75	27.55	Znf830;Ccdc16;Omcg1;Zfp830
MGI:1914234	Med19	8.27	19.72	Med19
MGI:1914238	Lap3	17.039999999999996	149.77	Lap3;Lapep
MGI:1914247	Psmd12	8.839999999999998	112.17999999999996	Psmd12;RP23-319N7.1-002
MGI:1914248	Psmd5	7.46	120.28999999999998	Psmd5
MGI:1914249	Med28	25.389999999999997	17.36	Med28;Fksg20
MGI:1914251	Rrp8	5.700000000000001	42.01	1500003O22Rik
MGI:1914253	Uqcrc2	11.550000000000002	193.63999999999993	Uqcrc2
MGI:1914256	Cisd2	12.269999999999998	26.910000000000004	Cisd2;Cdgsh2;Noxp70;Zcd2
MGI:1914260	Rbm7	4.37	23.0	Rbm7
MGI:1914261	Mettl6	3.8199999999999994	24.279999999999998	Mettl6
MGI:1914262	Tm9sf3	21.499999999999996	32.14	Tm9sf3;Smbp
MGI:1914264	Riox2	6.599999999999999	62.52	Mina;Mina53
MGI:1914267	Mims2	9.969999999999999	291.9099999999999	2010011I20Rik
MGI:1914269	Actr6	5.48	22.900000000000002	Actr6
MGI:1914272	Acad9	12.949999999999998	175.76000000000005	Acad9
MGI:1914273	Use1	12.69	4.16	Use1;Use1l
MGI:1914275	Rpl11		129.09000000000003	Rpl11;RP23-49E16.1-002
MGI:1914278	Chmp1b2	17.219999999999995	32.120000000000005	Chmp1b2
MGI:1914285	Dnajb4	3.58	62.809999999999995	Dnajb4
MGI:1914286	Mrpl45	11.789999999999997	30.209999999999994	Mrpl45
MGI:1914287	Pmf1	11.21	10.6	Pmf1
MGI:1914289	Rbm25	7.800000000000002	56.68	Rbm25
MGI:1914290	Ddx17	11.039999999999997	89.45000000000002	Ddx17;mCG_13126
MGI:1914291	Oxct1	22.499999999999996	182.29999999999995	Oxct1;Oxct;Scot;Oxct2a
MGI:1914292	Ift27	15.759999999999996	8.65	Rabl4;Rayl
MGI:1914293	Syap1	12.380000000000003	50.28000000000001	Syap1
MGI:1914294	Higd2a	12.779999999999998	17.29	Higd2a
MGI:1914295	Riok2	6.13	8.979999999999999	Riok2
MGI:1914297	Rars1	9.77	107.21999999999996	Rars
MGI:1914298	Vma21	11.869999999999997	41.739999999999995	Vma21
MGI:1914302	Ndc80	10.26	45.32	Ndc80;Hec1;Kntc2
MGI:1914303	Rpp14	9.14	154.32999999999996	Rpp14
MGI:1914304	Paics	13.999999999999996	49.769999999999996	Paics;mCG_15858
MGI:1914306	Noa1	12.700000000000001	44.21999999999999	MNCb-4931;2610024G14Rik
MGI:1914309	Ola1	12.420000000000002	167.98999999999995	Ola1;Gtpbp9;RP23-275P21.1-005
MGI:1914314	Chmp1b	4.92	5.04	Chmp1b1;Chmp1b
MGI:1914317	Romo1	13.710000000000004	17.820000000000004	Romo1
MGI:1914318	Dynlrb1	8.44	37.65999999999999	Dynlrb1;RP23-87L24.3-003;Dncl2a;Dnlc2a
MGI:1914320	Lsm14a	5.990000000000001	47.400000000000006	Lsm14a;Fam61a
MGI:1914324	Mon2	13.99	53.81000000000001	Mon2;Kiaa1040;Sf21
MGI:1914325	Magt1	10.109999999999998	114.74000000000002	Magt1;Iag2
MGI:1914328	Pgp	7.830000000000001	115.89999999999996	Pgp
MGI:1914338	Cand2	14.19	65.57	Cand2;Kiaa0667;Tip120b
MGI:1914339	Psmc6	8.23	59.06	Psmc6;Sug2
MGI:1914347	Rps10	15.309999999999997	117.21	Rps10;RP24-535O17.1-002
MGI:1914353	Ptgr1	26.21999999999999	213.34	Ptgr1;Ltb4dh
MGI:1914356	Zbtb8os		99.67	Zbtb8os;Arch;RP23-391E6.4-001;RP23-391E6.4-002
MGI:1914357	Ankrd12	5.64	8.77	Ankrd12
MGI:1914365	Rpl14	16.42	122.22000000000006	Rpl14
MGI:1914371	Mastl	6.14	9.889999999999999	Mastl
MGI:1914378	Ube2g1	6.52	33.94	Ube2g1;Ube2g
MGI:1914380	Ndufa6	13.29	19.74	Ndufa6
MGI:1914384	Nop56	5.09	95.83999999999999	Nop56;Nol5a
MGI:1914389	Mis12	3.0000000000000004	16.98	Mis12
MGI:1914394	Lrrc40	11.889999999999999	53.13999999999999	Lrrc40
MGI:1914395	Tomm34		196.43000000000004	Tomm34
MGI:1914401	Psmd9	11.970000000000002	45.35999999999999	Psmd9;mCG_11113
MGI:1914403	Rnaseh2b	9.179999999999998	51.42000000000001	Rnaseh2b;Dleu8
MGI:1914404	Mtdh	12.97	72.14999999999999	Mtdh;Lyric
MGI:1914407	Cfap418	4.5	49.230000000000004	RP23-144K18.5-001
MGI:1914410	Eef1g	17.99	149.28	Eef1g
MGI:1914413	Ccdc47	13.809999999999999	54.21999999999999	Ccdc47;Asp4;RP23-81G14.10-005
MGI:1914416	Arl8b	10.129999999999999	88.09	Arl8b;Arl10c;Gie1
MGI:1914419	Nradd	12.83	9.729999999999999	Nradd
MGI:1914429	Ccdc25	3.73	70.06999999999996	Ccdc25
MGI:1914434	Ndufa13	22.110000000000003	53.53999999999999	Ndufa13;Grim19
MGI:1914436	Rplp2	21.990000000000002	61.07999999999999	Rplp2
MGI:1914440	Eif4e2	11.82	26.79	Eif4e2;Eif4el3
MGI:1914446	Ube2t	3.59	10.15	Ube2t
MGI:1914447	Zcrb1	7.01	41.03	Zcrb1
MGI:1914449	Pfdn1	16.739999999999995	54.71999999999998	Pfdn1
MGI:1914451	Glod4	14.260000000000002	145.79	Glod4
MGI:1914453	Nde1	5.839999999999999	6.800000000000001	Nde1;Nude
MGI:1914454	Eif2s2	10.429999999999998	80.27000000000002	Eif2s2
MGI:1914455	Utp11	5.529999999999999	8.35	Utp11l
MGI:1914457	Lsm1	12.420000000000002	78.83999999999997	Lsm1
MGI:1914461	Armc10	6.05	167.73999999999998	Armc10
MGI:1914462	Mrpl55	7.9700000000000015	86.30999999999996	Mrpl55
MGI:1914469	Med18	2.29	46.82000000000001	Med18
MGI:1914472	Srfbp1	2.8	22.76	Srfbp1
MGI:1914473	Rrp15	7.599999999999998	70.53000000000003	Rrp15
MGI:1914475	Rnpc3	4.36	169.28	Rnpc3;Kiaa1839;Rbm40
MGI:1914476	Tmem19	10.760000000000002	129.93	Tmem19
MGI:1914486	Cinp	11.03	39.07	Cinp;2810452K22Rik
MGI:1914487	Cul4a	9.729999999999999	16.360000000000003	Cul4a
MGI:1914489	Rpf2	7.440000000000001	77.09000000000003	Bxdc1;MNCb-4285
MGI:1914490	Taok1	7.830000000000001	27.0	Taok1;Kiaa1361
MGI:1914491	Smc6	11.02	33.48	Smc6;Kiaa4103;Smc6l1
MGI:1914492	Gemin6	8.779999999999998	23.099999999999998	Gemin6
MGI:1914497	Mtarc2	24.68	41.04999999999999	Mosc2;Mg87
MGI:1914500	Ube2l6	12.140000000000002	74.17000000000002	Ube2l6;Ubce8;RP23-399J8.4-001;RP23-399J8.4-002
MGI:1914505	Zfp422	5.650000000000001	6.0	Znf22;Krox25;Krox26;Zfp422
MGI:1914514	Ndufb8	15.519999999999998	294.33	Ndufb8
MGI:1914517	Uqcc2	16.8	32.970000000000006	
MGI:1914518	Myl12a	14.55	44.440000000000005	2900073G15Rik;mCG_5400
MGI:1914523	Ndufa10	14.2	65.57	Ndufa10
MGI:1914526	Eri1	9.500000000000002	19.46	Eri1;3'exo;Thex1
MGI:1914529	Med31	5.98	19.569999999999997	Med31;Soh1
MGI:1914532	Washc3	12.269999999999998	40.21	Ccdc53
MGI:1914535	Cwc27	10.590000000000002	146.73000000000005	Sdccag10
MGI:1914536	Ift22	8.35	31.219999999999995	Rabl5
MGI:1914541	Ccdc137	6.78	29.680000000000003	Ccdc137
MGI:1914544	Elp1	11.64	28.890000000000004	Ikbkap;Elp1;Ikap
MGI:1914545	Rab3c		2272.12	Rab3d;Rab3a;Rab3c
MGI:1914549	Dock7	13.06	64.05000000000001	Dock7;RP23-329P19.2-001;Gm430;Kiaa1771
MGI:1914552	Zc3h13	9.77	30.65	Zc3h13
MGI:1914556	Zc2hc1a	5.04	58.51000000000002	Fam164a
MGI:1914558	Mrpl46	5.360000000000001	50.53999999999999	Mrpl46
MGI:1914561	Nanp		154.63000000000005	Nanp;Hdhd4
MGI:1914576	Adissp	12.370000000000001	73.61000000000003	1700037H04Rik;RP23-32L15.2;RP23-32L15.2-002;RP23-32L15.2-001;mCG_18506;RP23-32L15.2-005
MGI:1914582	Snrpd3	10.699999999999998	45.34	Snrpd3
MGI:1914587	Cstf1	3.67	48.58	Cstf1
MGI:1914595	Herc4	7.920000000000001	142.15	Herc4
MGI:1914603	Rab31	11.410000000000002	35.27	Rab31
MGI:1914617	Paxbp1	4.05	84.78000000000002	Gcfc
MGI:1914631	Med4	4.41	26.350000000000005	Med4;Vdrip
MGI:1914632	Brd3	7.59	12.309999999999999	Brd3;Fsrg2
MGI:1914633	Carnmt1		189.30999999999995	
MGI:1914640	Mrm3	4.46	40.839999999999996	Rnmtl1
MGI:1914641	Fundc2	27.050000000000004	41.14	Fundc2;Hcbp6
MGI:1914647	Erp29	12.46	86.35999999999999	Erp29
MGI:1914648	Srpra	15.189999999999998	88.66000000000003	Srpr
MGI:1914649	Pdlim7	8.529999999999998	30.729999999999997	Pdlim7;Enigma
MGI:1914664	Mfn1	14.820000000000004	10.849999999999998	Mfn1
MGI:1914667	Ears2	6.9399999999999995	50.28000000000001	Ears2;Kiaa1970
MGI:1914668	Ppil4	5.25	36.52000000000001	Ppil4
MGI:1914670	Far1	9.55	19.709999999999997	Far1;Mlstd2
MGI:1914677	Rps20	10.989999999999998	185.8700000000001	Rps20
MGI:1914679	Nudcd1	19.220000000000002	120.71000000000005	Nudcd1
MGI:1914683	Ccdc127	7.290000000000001	83.34000000000003	Ccdc127
MGI:1914687	Ssr3	12.660000000000002	24.359999999999996	Ssr3
MGI:1914688	Rfk	13.209999999999999	19.85	Rfk
MGI:1914689	Xab2	8.609999999999998	35.31999999999999	Xab2;Syf1
MGI:1914693	Map1lc3b	14.59	5.88	Map1lc3b;Map1alc3;Map1lc3
MGI:1914694	Ilkap	6.1	79.71000000000001	Ilkap
MGI:1914707	Frmd8	10.5	9.850000000000001	Frmd8
MGI:1914708	Ergic1	19.320000000000004	83.99000000000001	Ergic1;Ergic32
MGI:1914709	Nvl	6.97	44.07000000000001	Nvl
MGI:1914715	Sf3a1	10.52	46.35	Sf3a1
MGI:1914716	Pdcl	4.45	18.49	Pdcl;RP23-464H12.4-003
MGI:1914719	Abhd5	13.409999999999997	12.599999999999996	Abhd5
MGI:1914721	Gpatch1	6.33	36.43	Gpatch1;Gpatc1
MGI:1914722	Mtfr1	7.9700000000000015	10.65	Mtfr1;Kiaa0009
MGI:1914724	Snap29	7.989999999999999	26.159999999999997	Snap29
MGI:1914731	Alg2	8.49	130.98999999999998	Alg2;MNCb-5081
MGI:1914735	Pwp1	10.509999999999998	26.920000000000005	Pwp1
MGI:1914736	Polr3g	5.41	60.36000000000001	Polr3g
MGI:1914740	Ufl1	11.550000000000002	124.18000000000005	Kiaa0776
MGI:1914743	Mettl16	8.309999999999999	61.259999999999984	Mett10d;RP23-174M12.2-003
MGI:1914750	Ccar1	9.64	60.85999999999998	Ccar1;Carp1
MGI:1914758	Akr1e1	17.45	108.64	Akr1e1;Akr1cl2
MGI:1914761	Tmed9	11.869999999999997	110.81999999999998	Tmed9;Gp25l2
MGI:1914765	Ttc33	6.62	39.14999999999999	Ttc33
MGI:1914769	Dennd4c	6.34	64.35	Dennd4c;RP24-468M3.1-001
MGI:1914779	Fgfr1op2	7.599999999999998	101.08000000000004	Fgfr1op2;RP23-158O11.2-002;RP23-158O11.2-001;RP23-158O11.2-004
MGI:1914780	Uqcrb	7.450000000000001	38.459999999999994	Uqcrb;mCG_67985
MGI:1914782	Mfap1a		9.939999999999998	Mfap1
MGI:1914783	Ppfibp1	11.459999999999999	21.049999999999997	Ppfibp1;Kiaa1230
MGI:1914789	Dock6	13.650000000000002	89.90999999999997	Dock6;Kiaa1395
MGI:1914792	Cog6	11.050000000000002	52.63999999999999	Cog6;Kiaa1134
MGI:1914804	Slc25a30	2.9300000000000006	14.72	Slc25a30;Kmcp1
MGI:1914818	Mrfap1	9.939999999999998	2.25	Mrfap1;Pam14;MNCb-1039
MGI:1914823	Loxl4	20.29	2.45	Loxl4;Loxc
MGI:1914824	Alg13	6.45	7.849999999999998	Alg13;Glt28d1
MGI:1914831	Tbc1d23	7.34	14.790000000000001	Tbc1d23
MGI:1914848	Uchl5	11.070000000000002	68.72000000000001	Uchl5;Uch37
MGI:1914852	Necap1	3.8400000000000003	28.619999999999994	Necap1
MGI:1914854	Get4	12.9	38.24000000000001	
MGI:1914855	Akt1s1	10.479999999999999	38.1	Akt1s1;Pras
MGI:1914859	4930453N24Rik	3.89	10.949999999999998	4930453N24Rik
MGI:1914862	Mettl9	9.829999999999998	16.75	Mettl9;drev;MNCb-5680
MGI:1914864	Atp6v1h	9.719999999999999	12.020000000000001	Atp6v1h
MGI:1914865	Ube2r2	13.030000000000001	14.270000000000001	Ube2r2;Cdc34b;Ubc3b
MGI:1914868	Aasdhppt	9.009999999999998	16.56	Aasdhppt
MGI:1914869	Nob1	5.789999999999999	18.75	Nob1
MGI:1914872	Mxra7	11.53	264.48999999999995	Mxra7;Tmap1;RP23-468A19.4-002
MGI:1914878	Anp32b	15.869999999999997	77.51000000000002	Anp32b;Pal31
MGI:1914879	Spc24	8.919999999999998	10.699999999999998	Spc24;Spbc24
MGI:1914886	Etfrf1	6.750000000000001	31.080000000000002	Lyrm5
MGI:1914907	Rabl3	4.68	92.76000000000005	Rabl3
MGI:1914915	Dctn4	6.2299999999999995	43.93	Dctn4
MGI:1914917	Alkbh8	3.79	30.470000000000006	Alkbh8
MGI:1914921	Rpl38	9.55	121.61000000000003	Rpl38
MGI:1914923	Elob	12.91	30.99	Tceb2
MGI:1914924	Trmt112	9.530000000000001	25.56	0610038D11Rik;mCG_130245
MGI:1914925	Cuta	10.89	189.87000000000006	Cuta
MGI:1914928	Lsm3	6.82	123.14	Lsm3
MGI:1914930	Sdhb	14.7	133.82	Sdhb
MGI:1914933	Pbdc1	22.53	67.04000000000003	2610029G23Rik;RP23-250A14.3-001;mCG_2182
MGI:1914934	Luc7l3	6.14	75.70999999999997	Crop
MGI:1914943	Hypk	13.229999999999999	45.940000000000005	Hypk
MGI:1914947	Gadd45gip1	10.27	61.540000000000006	Gadd45gip1
MGI:1914954	Arln	7.6800000000000015	8.23	
MGI:1914957	Mrpl24	5.700000000000001	126.91999999999999	Mrpl24
MGI:1914960	Polr2g	7.21	40.45000000000001	Polr2g
MGI:1914961	Nsmce1	13.209999999999999	16.229999999999997	Nsmce1
MGI:1914963	Dnajc19	9.76	140.41	Dnajc19;Tim14;Timm14
MGI:1914971	Atxn7l3b	5.63	33.17	4921506J03Rik
MGI:1914974	Pop1	8.570000000000002	28.71	Pop1
MGI:1914977	Stx17	7.550000000000001	30.039999999999996	Stx17;RP23-122N18.3-002
MGI:1914978	Dph2	5.360000000000001	23.68	Dph2;Dph2l2
MGI:1914980	Gabarapl1	18.48	4.46	Gabarap;Gabarapl1;Gec1;MNCb-0091;RP23-172M21.5-004
MGI:1914982	Iah1	8.66	13.790000000000003	Iah1
MGI:1914988	Ppid	8.969999999999999	176.87	Ppid
MGI:1915005	Ddx47	7.25	44.269999999999996	Ddx47
MGI:1915009	Plgrkt	9.000000000000002	302.35	
MGI:1915010	Slc38a2	3.81	9.13	Slc38a2;Ata2;Kiaa1382;Sat2;Snat2
MGI:1915013	Prpsap1	11.289999999999997	94.84000000000002	Prpsap1;RP23-193A16.1-004
MGI:1915017	Jagn1	6.73	97.62999999999997	Jagn1
MGI:1915018	Hemk2	6.03	43.42	N6amt1;Hemk2;mCG_130002
MGI:1915021	Arpc5	9.13	50.010000000000005	Arpc5
MGI:1915022	Chd8	7.029999999999999	10.25	Chd8;Kiaa1564
MGI:1915026	Vwa5a	19.499999999999996	261.32999999999987	Loh11cr2a
MGI:1915031	Ilf2	9.51	124.30000000000003	Ilf2;Nf45
MGI:1915033	Ahctf1	8.109999999999998	31.469999999999995	Ahctf1;Elys
MGI:1915035	Zmym4	8.46	33.37	Zmym4;Kiaa0425;Zfp262;Znf262
MGI:1915038	Sfr1	6.510000000000001	9.42	6330577E15Rik
MGI:1915040	Rab39b	6.250000000000001	71.29000000000002	Rab39b
MGI:1915054	Snx2	9.460000000000003	67.04000000000003	Snx2
MGI:1915058	Tprg1l	11.199999999999998	10.420000000000002	Tprg1l;Fam79a;Mover;Tprgl;RP23-254N4.13-005
MGI:1915059	Rmdn3	8.44	81.59999999999997	Fam82a2;Fam82c
MGI:1915061	Poldip2	10.359999999999998	18.600000000000005	Poldip2
MGI:1915062	Ubxn4	15.339999999999998	21.67	Ubxn4;Ubxd2;Ubxdc1
MGI:1915069	Derl1	11.939999999999998	35.79999999999999	Derl1;Der1
MGI:1915070	Tmed4	11.269999999999998	85.06000000000002	Tmed4;Ers25;RP23-198N14.6-002
MGI:1915074	Nmral1	10.379999999999999	118.80000000000001	Nmral1
MGI:1915076	Snap47	16.03	8.8	Snap47;RP23-378H5.4;RP23-378H5.4-006
MGI:1915080	Rer1	10.32	181.95999999999998	Rer1
MGI:1915082	Brix1	6.89	28.630000000000003	Bxdc2;Brix
MGI:1915084	Idh3a	11.98	183.56	Idh3a
MGI:1915087	Tiprl	11.259999999999998	63.19000000000002	Tiprl
MGI:1915088	Dnajb11	20.3	97.95999999999998	Dnajb11
MGI:1915089	Gpsm1	8.559999999999999	90.64	Gpsm1;RP23-306D20.1-003;mCG_18763;Ags3;C10a;RP23-306D20.1-004;RP23-306D20.1-009
MGI:1915090	Mrpl57	19.790000000000003	66.69	Mrp63
MGI:1915092	Nop9	13.750000000000002	38.63999999999999	2610027L16Rik
MGI:1915094	Rab32	7.669999999999999	90.84999999999997	Rab32
MGI:1915098	Ddx55	2.9	14.419999999999998	Ddx55;Kiaa1595
MGI:1915101	Mtres1	6.370000000000001	52.61000000000001	
MGI:1915106	Echdc3	8.3	78.82999999999997	Echdc3;RP23-413M3.3-003
MGI:1915107	Ppp6c	5.85	114.26999999999998	Ppp6c
MGI:1915111	Akr1b10	4.1	270.5600000000001	2310005E10Rik
MGI:1915113	Slc25a11	11.150000000000002	296.8499999999999	Slc25a11;DN-183N8.13-002;RP23-326P7.2-002
MGI:1915114	Yipf4	10.65	15.050000000000004	Yipf4
MGI:1915115	Rgs10	8.44	40.82000000000001	Rgs10
MGI:1915119	Paip2	6.55	12.9	Paip2
MGI:1915120	Enoph1	8.22	195.41	Enoph1;Masa
MGI:1915121	Mrrf	15.699999999999998	155.00000000000003	Mrrf
MGI:1915122	Nsmce4a	7.86	27.559999999999995	Nsmce4a
MGI:1915123	Mri1	8.419999999999998	54.23	Mri1
MGI:1915127	Naa20	5.360000000000001	90.55000000000003	Nat5;RP23-125A1.5-002;mCG_10160
MGI:1915128	Tmem33	15.95	19.310000000000002	Tmem33;Db83
MGI:1915130	Dcxr		47.21	Dcxr;RP23-84C12.19-002;mCG_2129
MGI:1915131	Mdp1	5.739999999999999	66.57999999999998	Mdp1
MGI:1915140	Ufm1	12.269999999999998	46.71	Ufm1
MGI:1915141	Rpl4	16.199999999999996	153.27000000000004	Rpl4
MGI:1915142	Coa6	7.950000000000001	67.05000000000003	1810063B05Rik;mCG_10083
MGI:1915144	Dennd10	8.32	39.82000000000001	Fam45;1810055E12Rik;mCG_23044
MGI:1915147	Rnmt	9.339999999999998	67.94	Rnmt;Kiaa0398
MGI:1915148	Pef1	8.8	67.58000000000003	Pef1
MGI:1915149	Cmc1	5.07	59.349999999999994	Cmc1
MGI:1915152	Sumf2	13.06	70.09999999999998	Sumf2
MGI:1915164	Coq9	6.81	45.35999999999999	Coq9
MGI:1915166	Plpp3	4.5	9.600000000000001	Ppap2b;Lpp3
MGI:1915170	Mak16	5.459999999999999	19.110000000000003	Mak16;Rbm13
MGI:1915171	Ube2f	6.379999999999999	34.96	Ube2f;Ube2fa
MGI:1915172	Fam32a	11.390000000000002	8.249999999999998	Fam32a;MNCb-3154
MGI:1915173	Eloc	8.959999999999999	63.33000000000002	Tceb1
MGI:1915186	Wdr55	9.79	73.46	Wdr55
MGI:1915189	Prorsd1	3.26	112.11999999999996	
MGI:1915191	Rps27l	10.479999999999999	130.10999999999996	Rps27l
MGI:1915199	Nifk	6.01	33.279999999999994	Mki67ip;Nifk
MGI:1915201	Tubb6	8.48	78.90000000000002	Tubb6
MGI:1915202	Tomm20	11.8	36.92999999999999	Tomm20
MGI:1915205	Sugt1	12.250000000000002	29.590000000000003	Sugt1
MGI:1915207	Marchf5	12.479999999999999	16.930000000000003	March5
MGI:1915208	U2surp	9.39	40.96999999999999	Sr140
MGI:1915209	Puf60	8.21	20.800000000000004	Puf60
MGI:1915213	Npc2	27.51	50.669999999999995	Npc2
MGI:1915217	Pold3	7.56	21.61	Pold3
MGI:1915223	Mphosph10	5.63	36.849075972132596	Mphosph10
MGI:1915224	Ccny	12.54	51.109999999999985	Ccny;Cfp1
MGI:1915226	Trabd	8.91	38.92	Trabd
MGI:1915229	Atad1	7.470000000000001	25.299999999999997	Atad1
MGI:1915237	Ppcs	3.98	107.86	Ppcs;Coab
MGI:1915240	Mpc1		220.42000000000004	Brp44l
MGI:1915244	Mrps11	10.039999999999997	75.29999999999998	Mrps11
MGI:1915246	Srsf6	8.48	56.02	Sfrs6;mCG_1675
MGI:1915251	Cfap298	11.600000000000001	15.0	1110004E09Rik;mCG_11454
MGI:1915255	Naa10	11.42	94.262076149425	Ard1a;Ard1;Te2;RP23-252M19.3-007;RP23-252M19.3-012;RP23-252M19.3-008;RP23-252M19.3-004;mCG_8092
MGI:1915261	Snrpg	5.650000000000001	81.15000000000003	Snrpg
MGI:1915264	Zwilch	5.14	59.349999999999994	Zwilch
MGI:1915265	Trap1	11.63	103.54	Trap1;Hsp75
MGI:1915268	Cert1	8.690000000000001	48.040000000000006	Col4a3bp;Stard11
MGI:1915269	Med8	8.730000000000002	40.56000000000001	Med8;MNCb-2386;RP23-145E1.3-002;RP23-145E1.3-003;mCG_8872
MGI:1915278	Rpl22l1	3.81	26.479999999999993	Rpl22l1
MGI:1915282	Emc4	12.159999999999998	21.77	Tmem85
MGI:1915285	Rbm42	12.859999999999998	7.989999999999999	Rbm42
MGI:1915290	Zfp593	7.86	13.340000000000003	Znf593;Zfp593
MGI:1915291	Mid1ip1	5.17	5.360000000000001	Mid1ip1;Mig12
MGI:1915293	Eef1akmt1	10.869999999999997	45.67000000000001	N6amt2
MGI:1915294	Chac2	3.1399999999999997	141.68	Chac2
MGI:1915295	Rtraf	16.04	67.86999999999999	2700060E02Rik;mCG_140066
MGI:1915296	Rmp24	4.22	165.79000000000005	
MGI:1915298	Aen	7.7	15.88	Aen;Isg20l1
MGI:1915301	Nutf2	6.349999999999999	139.71	Nutf2;Ntf2
MGI:1915302	Rps13		131.75	Rps13
MGI:1915309	Tm9sf2	17.730000000000004	23.769999999999996	Tm9sf2
MGI:1915312	Btf3l4		176.87	Btf3l4
MGI:1915326	Dnajc9	11.42	23.68	Dnajc9
MGI:1915333	Pak1ip1	8.419999999999998	28.169999999999998	Pak1ip1
MGI:1915337	Dcakd	13.750000000000002	45.20000000000001	Dcakd
MGI:1915339	Arpc4	15.780000000000003	93.17	Arpc4;Arc20
MGI:1915340	Yif1a	16.290000000000003	32.599999999999994	Yif1a
MGI:1915342	Ncbp2	9.059999999999999	52.050000000000004	Ncbp2
MGI:1915344	Smarcc2	15.039999999999997	113.78000000000003	Smarcc2;Baf170
MGI:1915345	Ociad1	10.949999999999998	11.61	Ociad1;Asrij
MGI:1915347	Dynll2		76.12999999999997	Dynll2;Dlc2
MGI:1915356	Nt5c3b	9.819999999999999	61.35999999999998	Nt5c3l
MGI:1915363	Cops8	6.700000000000001	121.37000000000005	Cops8;Csn8
MGI:1915365	Maip1	5.360000000000001	161.79000000000005	
MGI:1915367	Apool	12.650000000000004	697.42	Apool;Fam121a;RP23-436F2.1-003
MGI:1915384	Upf3b	6.800000000000001	40.330000000000005	Upf3b;RP23-43O20.2-001
MGI:1915385	Eif3h	18.529999999999998	28.43	Eif3h;Eif3s3
MGI:1915387	Kdelr1	13.470000000000002	86.82	Kdelr1
MGI:1915401	Wls	12.47	12.710000000000003	Gpr177;Wls
MGI:1915402	Fam133b	5.2	14.56	Fam133b;5830415L20Rik
MGI:1915403	Gtf2e2		16.300000000000004	Gtf2e2
MGI:1915406	Brk1	9.290000000000001	26.33	
MGI:1915408	Tecr	16.400000000000002	54.62	Gpsn2
MGI:1915433	Bcas2	10.299999999999999	74.28000000000002	Bcas2;Dam1
MGI:1915434	Denr	10.25	16.54	Denr
MGI:1915438	Sympk	17.52	34.61000000000001	Sympk
MGI:1915443	Rpl24		87.11000000000001	Rpl24
MGI:1915444	Ndufb4		204.78999999999994	Ndufb4
MGI:1915445	Rnaset2a		6.06	Rnaset2;Rnase6pl
MGI:1915452	Ndufa5	10.93	50.27	Ndufa5
MGI:1915455	Urm1	10.739999999999998	30.800000000000008	Urm1
MGI:1915459	Rnaseh2c	12.089999999999998	29.54	Rnaseh2c;Ayp1
MGI:1915465	Fam98b	8.33	43.38	Fam98b
MGI:1915467	Prrc2a	13.619999999999997	65.04000000000002	Bat2
MGI:1915469	Nudt21	10.14	88.60999999999997	Nudt21;Cpsf5
MGI:1915490	Rpa3	8.419999999999998	60.08000000000003	Rpa3
MGI:1915508	Fam111a	5.21	7.4799999999999995	Fam111a;Kiaa1895
MGI:1915512	Agpat4	12.070000000000002	24.27	Agpat4
MGI:1915513	Pdhb	9.56	583.52	Pdhb
MGI:1915517	Slc25a22	7.04	207.35999999999996	Slc25a22;Gc1
MGI:1915525	Rpa1	12.57	16.03	Rpa1
MGI:1915526	Toe1	4.91	74.10000000000002	Toe1
MGI:1915527	2310057M21Rik	3.24	18.300000000000004	
MGI:1915528	Ddx39a	10.93	160.49999999999997	Ddx39
MGI:1915542	Stt3b	22.030000000000005	59.629999999999995	Stt3b;Simp
MGI:1915544	Slc75a1	9.829999999999998	60.930000000000014	Mfsd10;Tetran
MGI:1915545	Aar2	5.789999999999999	10.079999999999998	0610011L14Rik;RP23-55C8.2;RP23-55C8.2-001;mCG_5236
MGI:1915546	Smu1	13.0	27.35	Smu1
MGI:1915548	Ncapd2	14.170000000000003	39.64999999999999	Ncapd2;Capd2;Cnap1;Kiaa0159
MGI:1915549	Vps53	15.830000000000002	46.49999999999999	Vps53
MGI:1915553	Fam114a1	16.469999999999995	300.7200000000001	Fam114a1;Noxp20
MGI:1915566	Apoo		340.38999999999993	Apoo;Fam121b;RP23-272D10.2-004;RP23-272D10.2-001;mCG_51135
MGI:1915571	Erg28	9.55	48.42000000000001	ORF11
MGI:1915581	Stn1	10.459999999999999	47.68	Obfc1
MGI:1915585	Ift20	10.03	9.41	Ift20
MGI:1915592	Ndufb10	15.570000000000002	53.81999999999999	Ndufb10
MGI:1915597	Mettl26	7.920000000000001	170.22999999999993	
MGI:1915599	Ndufs3	12.130000000000003	72.98000000000003	Ndufs3
MGI:1915609	Bacc1		23.729999999999997	0610010K14Rik;RP23-198E14.7;DN-160I24.7-008;mCG_140453;DN-160I24.7-012;RP23-198E14.7-012;DN-160I24.7-003;RP23-198E14.7-003;DN-160I24.7-001;RP23-198E14.7-001;DN-160I24.7-004;RP23-198E14.7-004
MGI:1915615	Rab14	7.470000000000001	52.59000000000001	Rab14;RP23-186B18.6-002
MGI:1915625	Ndufa8	13.489999999999998	33.03	Ndufa8
MGI:1915651	G6pc3	9.809999999999999	137.67000000000002	G6pc3;Ugrp
MGI:1915670	Ankrd13a	13.93	12.599999999999996	Ankrd13a;Ankrd13
MGI:1915678	Steap3	16.58	20.52	Steap3;Tsap6
MGI:1915681	Fbxl15	7.28	27.130000000000003	Fbxl15;Fbxo37
MGI:1915685	Dpy19l1	19.080000000000002	90.96000000000001	Dpy19l1
MGI:1915686	Rpl34		122.46999999999998	Rpl34
MGI:1915691	Rraga	6.82	48.43999999999999	Rraga;Rragb
MGI:1915699	Tbc1d10b	8.76	24.73	Tbc1d10b
MGI:1915720	Bpnt2	7.669999999999999	47.33	Impad1;Impa3
MGI:1915722	Tmem126b	3.65	26.47	Tmem126b
MGI:1915725	Ssna1	8.789999999999997	7.33	Ssna1;MNCb-2711
MGI:1915730	Card19	9.56	52.85999999999999	1110007C09Rik;mCG_15663
MGI:1915743	Ndufaf4	7.37	51.120000000000005	Hrpap20;1110007M04Rik;RP23-372J10.1;RP23-372J10.1-003
MGI:1915749	Mrpl53	7.529999999999999	15.889999999999999	Mrpl53
MGI:1915751	Nsmce2	9.489999999999998	10.880000000000003	Nsmce2;Mms21
MGI:1915755	Vps51	12.63	54.98999999999998	Ffr
MGI:1915760	Ints1	23.400000000000002	6.4799999999999995	Ints1
MGI:1915762	Tomm5	9.530000000000001	113.10999999999997	Tomm5;Tom5
MGI:1915764	Micu2	11.44	36.71000000000001	Efha1
MGI:1915769	Eml1	7.920000000000001	147.51000000000005	Eml1
MGI:1915773	Ciao2b	8.82	24.370000000000005	Fam96b
MGI:1915783	Mphosph6	4.660000000000001	16.73	Mphosph6
MGI:1915789	Tmem109	15.489999999999998	85.85	Tmem109
MGI:1915800	Tefm	3.19	41.11999999999999	1110002N22Rik;RP23-7J19.1;RP23-7J19.1-002
MGI:1915804	Cebpzos		20.800000000000004	1110001A16Rik
MGI:1915809	Pdrg1	4.68	16.85	Pdrg1;Pdrg
MGI:1915813	Dpm3	10.780000000000001	30.910000000000007	Dpm3
MGI:1915814	Nufip2	3.44	30.719999999999995	Nufip2;Kiaa1321
MGI:1915815	Mrps18a	10.27	56.540000000000006	Mrps18a;mCG_2525
MGI:1915822	Mrpl58	9.980000000000002	49.660000000000004	Ict1;RP23-380B14.1-003;mCG_6606
MGI:1915826	Lamtor5	10.25	63.51000000000002	Hbxip;Xip
MGI:1915831	Tmed10	18.28	148.35000000000005	Tmed10;Tmp21
MGI:1915835	Rtn4	21.160000000000004	45.38	Rtn4;Kiaa0886;Nogo
MGI:1915842	Syf2	8.289999999999997	9.74	Syf2;Cbpin;Gcipip
MGI:1915843	Polrmt	9.379999999999999	42.56999999999999	Polrmt
MGI:1915847	Ccdc167	5.24	50.15	
MGI:1915848	Dnajc8	9.339999999999998	26.910000000000004	Dnajc8;RP23-63D8.7-009;RP23-63D8.7-008;RP23-63D8.7-006;RP23-63D8.7-003
MGI:1915851	Qars1	16.300000000000004	101.38999999999997	Qars
MGI:1915853	Pmvk	9.339999999999998	172.01999999999998	Pmvk
MGI:1915861	Mrpl28	11.950000000000001	95.41999999999996	Mrpl28
MGI:1915862	Ube2c	7.6499999999999995	5.15	Ube2c;Ubch10;RP23-370H21.6-002
MGI:1915889	Smyd2	6.260000000000001	30.470000000000006	Smyd2
MGI:1915896	Nadk2	11.259999999999998	158.24000000000004	1110020G09Rik
MGI:1915903	Samm50	12.550000000000002	215.82000000000002	Samm50
MGI:1915921	Pcyt2	6.3100000000000005	374.33000000000004	Pcyt2;RP23-84C12.6-002;mCG_2151
MGI:1915932	Slc44a2	11.809999999999999	27.28	Slc44a2;Ctl2
MGI:1915943	Hnrnpul2		83.6	Hnrnpul2;Hnrpul2;Manp
MGI:1915945	Hddc3		69.29999999999998	Hddc3
MGI:1915955	Gtf2f2	8.65	53.220000000000006	Gtf2f2
MGI:1915958	Rabl2	7.510000000000001	23.43	Rabl2a
MGI:1915964	Dohh	11.44	29.599999999999998	Dohh
MGI:1915974	Arl8a	4.97	48.75999999999999	Arl8a;Arl10b;Gie2
MGI:1915980	Dus1l	6.980000000000001	17.4	Dus1l
MGI:1915981	Rbfa	10.129999999999999	12.620000000000001	1110032A13Rik;mCG_18176
MGI:1915982	Carmil1	9.11	49.35	Lrrc16a;Carmil;Lrrc16
MGI:1915984	Ppp4r3a	3.81	71.18999999999998	Smek1;Kiaa2010;Pp4r3a;Ppp4r3a
MGI:1915985	Mrps18c	7.9700000000000015	54.94000000000002	Mrps18c;mCG_1083
MGI:1916017	Washc1	11.550000000000002	91.30000000000003	ORF19
MGI:1916023	Zc3hc1	6.46	21.72	Zc3hc1;Nipa
MGI:1916043	Rab3gap2	13.25	87.50000000000003	Rab3gap2;Kiaa0839
MGI:1916046	Tmem214	10.989999999999998	21.809999999999995	Tmem214
MGI:1916051	Elovl5	12.119999999999997	16.38	Elovl5
MGI:1916066	Ppil1	7.23	129.47000000000003	Ppil1
MGI:1916082	Ldah	9.520000000000001	45.300000000000004	
MGI:1916083	Pdcl3	9.829999999999998	14.7	Pdcl3;Viaf1
MGI:1916086	Mrpl52	13.099999999999998	37.800000000000004	Mrpl52
MGI:1916087	Foxk2	11.49	15.210000000000003	Foxk2;Ilf1
MGI:1916089	Ankrd46	8.739999999999998	5.09	Ankrd46
MGI:1916095	Pih1d1	12.840000000000002	50.31000000000001	Pih1d1;Nop17
MGI:1916111	Dipk2a	4.77	26.25	1190002N15Rik
MGI:1916114	Lgalsl	4.67	54.739999999999995	Grpa
MGI:1916119	Imp3	5.119999999999999	28.580000000000002	Imp3
MGI:1916133	Ahsa2	8.050000000000002	31.88	Ahsa2;RP23-188K3.2-006;RP23-188K3.2-004;RP23-188K3.2-005
MGI:1916167	Hint2	10.65	399.32999999999987	Hint2
MGI:1916175	Rpap1	10.949999999999998	45.83	Rpap1;Kiaa1403
MGI:1916176	Ubap2	11.250000000000002	46.75999999999999	Ubap2;Lig1
MGI:1916177	Ptcd2	6.65	22.260000000000005	Ptcd2
MGI:1916185	Trmt1l		49.42999999999999	Trm1l
MGI:1916188	Aspscr1	10.14	48.07999999999999	Aspscr1;Tug
MGI:1916192	Chmp2b	9.35	21.08	Chmp2b
MGI:1916203	Chmp2a	13.360000000000003	23.400000000000002	Chmp2a
MGI:1916216	Ngdn	6.359999999999999	43.720000000000006	Ngdn;Ngd
MGI:1916218	Cdan1	5.32	51.509999999999984	Cdan1
MGI:1916219	Eif1b	4.95	20.250000000000004	Eif1b
MGI:1916221	Tamm41	9.839999999999998	136.64999999999998	
MGI:1916225	Med27	8.919999999999998	28.789999999999996	Med27;Crsp8
MGI:1916229	Nol11	11.44	39.77	Nol11
MGI:1916231	Snrpa1	10.8	78.87000000000003	Snrpa1
MGI:1916233	Rint1	5.9	13.309999999999999	Rint1
MGI:1916238	Prpf31	16.56	27.419999999999998	Prpf31;Prp31
MGI:1916241	Ssu72	8.930000000000001	13.77	Ssu72
MGI:1916245	Mcts1	5.07	112.93000000000002	Mcts1
MGI:1916249	Anapc10		29.910000000000007	Anapc10;Apc10
MGI:1916262	Sestd1	9.189999999999998	9.669999999999998	Sestd1
MGI:1916278	Mitd1	5.18	76.45000000000003	Mitd1
MGI:1916279	Smdt1	13.260000000000002	14.050000000000002	
MGI:1916288	Tmem258	13.97	165.59000000000006	1810006K21Rik;mCG_1963
MGI:1916295	Trappc2l	12.500000000000002	48.959999999999994	Trappc2l
MGI:1916296	Isca1	6.66	7.890000000000001	Isca1;Hbld2
MGI:1916321	Tmem97	11.31	414.47999999999996	Tmem97
MGI:1916322	Ebna1bp2	16.67	28.56	Ebna1bp2;Ebp2;RP23-154A15.1-004
MGI:1916327	Psmd11	5.94	72.71000000000001	Psmd11
MGI:1916330	Gmppa	11.000000000000002	46.160000000000004	Gmppa
MGI:1916334	Slx9	6.879999999999999	8.44	1810008A18Rik
MGI:1916335	Zcchc9	3.89	11.039999999999997	Zcchc9
MGI:1916339	Oxa1l	11.98	28.42	Oxa1l
MGI:1916340	Ascc1	14.93	21.880000000000003	Ascc1
MGI:1916344	Tmem160	17.780000000000005	253.9399999999999	Tmem160
MGI:1916348	Tmem176b	24.289999999999996	6.299999999999999	Tmem176b;Clast1;Lr8
MGI:1916349	1810009N02Rik		69.00000000000001	1810009N02Rik
MGI:1916363	Alkbh3	6.84	26.47	Alkbh3;Abh3;RP23-375N21.4-002
MGI:1916366	Ubr4	23.600000000000005	38.040000000000006	Ubr4;Kiaa0462;Zubr1
MGI:1916375	Cnot8	5.24	12.949999999999998	Cnot8
MGI:1916394	Slirp	11.050000000000002	35.849999999999994	Slirp
MGI:1916396	Gsdmd	9.2	76.45000000000003	Gsdmdc1;Gsdmd
MGI:1916400	Snx4	12.329999999999998	87.95999999999998	Snx4
MGI:1916401	Lzic	6.66	86.82999999999998	Lzic
MGI:1916403	Ccdc124	18.74	47.61000000000001	Ccdc124
MGI:1916405	1810030O07Rik	8.930000000000001	40.62	1810030O07Rik;RP24-392J24.4-001
MGI:1916406	Comtd1	11.31	410.3000000000001	Comtd1
MGI:1916411	Manbal	9.14	39.989999999999995	Manbal;RP23-264F3.1-001
MGI:1916412	Sec31a	19.049999999999997	167.98000000000005	Sec31a;Sec31l1
MGI:1916413	Mrpl44	4.61	96.76000000000002	Mrpl44
MGI:1916417	Ppp1r12b	4.59	39.86000000000001	Ppp1r12b;Mypt2
MGI:1916418	Bola1	9.47	49.3	Bola1
MGI:1916428	Snx5	7.01	37.93	Snx5
MGI:1916442	Dhx16	15.0	25.71	Dhx16;mKIAA0577
MGI:1916452	Ptms	26.38	289.4399999999999	Ptms
MGI:1916457	Srsf11	6.700000000000001	62.17999999999997	Sfrs11;mCG_11658
MGI:1916469	Ddah1	18.090000000000003	63.480000000000004	Ddah1
MGI:1916476	Snx24	4.06	59.38999999999998	Snx24
MGI:1916477	Selenot	14.580000000000004	28.020000000000003	Selt
MGI:1916482	Qrich1	5.61	12.489999999999998	Qrich1
MGI:1916487	Gtpbp4	6.86	36.089999999999996	Gtpbp4;Crfg;Nog1
MGI:1916491	Polr2d	4.67	41.620000000000005	Polr2d
MGI:1916507	Elf2		7.499999999999999	Elf2;Nerf
MGI:1916509	Kctd5	5.31	24.530000000000005	Kctd5
MGI:1916513	Rfc3	6.910000000000001	38.83	Rfc3
MGI:1916520	Gins1	7.25	45.980000000000004	Gins1;Psf1;Gins4;mCG_16318
MGI:1916523	Tmt1a	9.220000000000002	138.55999999999997	Mettl7a1;Mettl7a;UbiE1;Aam-B;Mettl7a2;UbiE2;Ubie;mCG_20149
MGI:1916526	Sec62	13.809999999999999	30.670000000000005	Sec62;Tloc1
MGI:1916555	Dcps	12.749999999999996	197.83000000000007	Dcps;Dcs1;Hint5
MGI:1916559	Slc16a13	7.999999999999998	66.94000000000003	Slc16a13;Mct13
MGI:1916617	Glrx2	17.160000000000004	8.789999999999997	Glrx2;Grx2;AL592403.1-008;mCG_19762
MGI:1916622	Mocs3	3.4099999999999997	80.80000000000003	Mocs3;Uba4
MGI:1916658	Dnajc17	10.640000000000002	28.470000000000006	Dnajc17;RP23-15I21.7-001
MGI:1916706	Commd10	12.1	131.89999999999995	Commd10
MGI:1916709	Ubl7	11.709999999999999	15.100000000000003	Ubl7
MGI:1916724	Vps37b	4.26	13.7	Vps37b
MGI:1916732	Nup35		22.29	Nup35;Mp44;Nup53
MGI:1916737	Ndufaf5	12.660000000000002	1186.0000000000005	
MGI:1916749	Tsr2	10.179999999999998	23.380000000000003	Tsr2
MGI:1916777	Mrps9	7.719999999999998	132.97999999999993	Mrps9;mg637
MGI:1916785	Ten1	13.110000000000001	50.58	2310004N24Rik;RP23-174D24.1;RP23-174D24.1-001
MGI:1916800	Bst2	19.149999999999995	8.89	Bst2
MGI:1916801	2310022B05Rik	13.18	10.679999999999998	
MGI:1916806	Bod1	9.809999999999999	15.3	Fam44b;2310022M17Rik
MGI:1916818	Vkorc1l1		88.93999999999997	Vkorc1l1
MGI:1916840	Gpx8	8.24	14.240000000000002	Gpx8
MGI:1916847	Afg3l2	10.849999999999998	95.66	Afg3l2
MGI:1916851	Dab2ip	8.3	48.980000000000004	Dab2ip;RP23-4L24.1-004;Kiaa1743;RP23-4L24.1-002;RP23-4L24.1-010;RP23-4L24.1-009;RP23-4L24.1-003;RP23-4L24.1-012
MGI:1916858	Sec24d	10.060000000000002	28.990000000000002	Sec24d
MGI:1916863	Pofut2	11.64	75.29999999999998	Pofut2
MGI:1916867	Pitrm1	18.16	494.27000000000015	Pitrm1;Kiaa1104;Ntup1
MGI:1916882	Arhgef12	11.669999999999998	41.61	Arhgef12;Kiaa0382;Larg
MGI:1916889	Exosc8	8.559999999999999	34.690000000000005	Exosc8;Rrp43;mKIAA4013
MGI:1916906	Pir	15.970000000000002	63.829999999999984	Pir;RP23-202H24.1-004
MGI:1916913	Ddx51	9.86	20.750000000000004	Ddx51
MGI:1916916	Psmg4	14.87	127.91999999999999	Psmg4;Pac4
MGI:1916918	Vma22	4.63	26.280000000000005	Ccdc115
MGI:1916922	Txndc15	12.140000000000002	5.41	Txndc15
MGI:1916924	Mif4gd	8.449999999999998	37.43999999999999	Mif4gd;RP23-392H19.14-006;RP23-392H19.14-005
MGI:1916925	Pxdn	21.099999999999998	5.03	Pxdn;Kiaa0230
MGI:1916933	Emc10	23.06	22.560000000000002	
MGI:1916934	Aarsd1	9.62	23.920000000000005	Aarsd1;RP23-124N11.1-001;RP23-124N11.1-002
MGI:1916937	Ypel5	5.949999999999999	14.750000000000002	Ypel5
MGI:1916942	Hddc2	11.11	102.14000000000001	Hddc2
MGI:1916944	Tatdn1	4.79	572.8900000000001	Tatdn1
MGI:1916951	Slc7a6os	5.52	13.19	Slc7a6os
MGI:1916952	Ndufaf1	3.88	169.17	Ndufaf1;Cia30
MGI:1916953	Oxnad1	7.610000000000002	83.93000000000004	Oxnad1
MGI:1916960	Arap1	15.74	23.139999999999997	Arap1;Centd2;Kiaa0782
MGI:1916962	Prpf38a	7.749999999999999	25.72	Prpf38a
MGI:1916963	Pin4		44.709999999999994	Pin4
MGI:1916966	Trip13	8.13	58.25000000000002	Trip13
MGI:1916969	Cad	26.890000000000004	85.59000000000002	Cad;mCG_23490
MGI:1916974	Rnaseh2a	12.63	21.74	Rnaseh2a;Rnasehi
MGI:1916976	Smyd3	16.490000000000002	29.1	Smyd3;Zmynd1
MGI:1916977	Usp46	8.72	45.20000000000001	Usp12;Ubh1;Usp46
MGI:1916981	Gemin7	6.45	23.609999999999996	Gemin7
MGI:1916983	Paox		79.52999999999999	Paox;Pao
MGI:1916987	Ttl	7.37	24.67	Ttl
MGI:1916990	Dph5	5.3	180.57999999999998	Dph5;mCG_4661
MGI:1916996	Znhit6	11.770000000000001	9.460000000000003	Znhit6
MGI:1917023	Timm29	5.29	278.74000000000007	
MGI:1917029	Pphln1	8.91	6.45	Pphln1
MGI:1917036	Tprkb	6.06	34.17999999999999	Tprkb
MGI:1917040	Med30	9.87	21.470000000000002	Med30;Thrap6;Trap25
MGI:1917042	Med6	4.33	31.960000000000004	Med6
MGI:1917052	Cox11	5.45	64.38999999999997	Cox11;RP23-171O21.1-002
MGI:1917056	Slc39a11	17.139999999999997	41.73	Slc39a11;Zip11;RP23-326P8.2-007;RP23-326P8.2-003
MGI:1917057	Trim32	3.8199999999999994	18.2	Trim32
MGI:1917084	Rab43	7.77	36.11	Rab43;mCG_141535
MGI:1917110	Eif1ad	8.72	8.18	Eif1ad
MGI:1917113	Ttc39b	6.33	20.4	Ttc39b
MGI:1917118	Ppie	7.759999999999999	70.21000000000001	Ppie;Cyp33
MGI:1917125	Ndufa11	32.65999999999999	50.63999999999999	Ndufa11
MGI:1917128	Snrpf	10.630000000000003	90.16000000000001	Snrpf
MGI:1917129	Golph3l	4.37	38.87	Golph3l
MGI:1917132	Ints14	7.669999999999999	53.34999999999999	
MGI:1917143	Coa7	10.07	98.71	
MGI:1917152	Mrto4	8.58	47.83	Mrto4;Mrt4;2610012O22Rik;RP23-247I1.8-002;mCG_122343
MGI:1917156	Slc25a32	3.9299999999999997	39.39000000000001	Slc25a32;Mftc
MGI:1917160	Slc25a24	8.4	506.1400000000001	Slc25a24;Scamc1
MGI:1917162	Nup43	6.34	124.09999999999997	Nup43
MGI:1917164	Ints4	14.050000000000002	21.219999999999995	Ints4
MGI:1917170	Polr2i	13.240000000000002	31.199999999999996	Polr2i
MGI:1917171	Hnrnpa3	7.510000000000001	186.17626889590417	Hnrnpa3;Hnrpa3;RP23-374O4.1-003
MGI:1917172	Vrk2	7.28	54.53000000000001	Vrk2
MGI:1917205	Fars2	18.22	18.47	Fars2;Fars1
MGI:1917206	Ptcd3	6.920000000000001	69.27999999999999	Ptcd3
MGI:1917207	Cdc16	9.23	39.11000000000001	Cdc16;Anapc6
MGI:1917211	Rpp25l	4.48	33.95000000000001	2810432D09Rik;RP23-167I12.3;RP23-167I12.3-001;mCG_141965
MGI:1917226	Galk2	17.0	211.24000000000007	Galk2;RP23-386I21.1-004
MGI:1917244	Ddi2	4.49	35.32999999999999	Ddi2
MGI:1917271	Nt5dc2	18.37	40.02	Nt5dc2
MGI:1917275	Acot7		148.60999999999999	Acot7;Bach
MGI:1917278	Dop1b		145.59	Dopey2;Kiaa0933
MGI:1917285	Rab28	8.89	35.75999999999999	Rab28
MGI:1917294	Tut1	4.92	12.54	Tut1;Rbm21
MGI:1917297	Trnt1	6.72	121.85000000000004	Trnt1
MGI:1917302	Prpf4	6.1	118.96999999999996	Prpf4
MGI:1917328	Nol7	13.38	13.540000000000001	Nol7;MNCb-1192
MGI:1917329	Golm1	15.410000000000002	9.680000000000001	Golm1;Golph2
MGI:1917338	Meaf6	4.77	35.61999999999999	Eaf6
MGI:1917343	Ube2q1	9.059999999999999	29.75	Ube2q1;Ube2q
MGI:1917345	Zfp512	6.45	58.22999999999998	Znf512;Kiaa1805;Zfp512
MGI:1917349	Smc4	8.94	48.769999999999996	Smc4;Capc;Smc4l1
MGI:1917351	Cyp4f16	11.289999999999997	15.400000000000002	Cyp4f16;677156;Cyp4f37;EG623748;mCG_125471
MGI:1917360	Ifi35	11.289999999999997	174.41	Ifi35
MGI:1917370	Yars2	6.14	69.99	Yars2
MGI:1917374	Trim47	4.999999999999999	26.18	Trim47
MGI:1917378	Oxsr1	6.489999999999999	96.68	Oxsr1;Osr1;mKIAA1101
MGI:1917394	Lrch3	4.61	13.17	Lrch3;mCG_130130
MGI:1917410	Vps36	11.58	104.16000000000004	Vps36
MGI:1917431	Ythdf1	5.260000000000001	39.589999999999996	Ythdf1;RP23-359C15.7-002;mCG_6742
MGI:1917436	Fam162a	15.050000000000004	126.30999999999996	Fam162a;E2ig5
MGI:1917446	Actr1b	12.250000000000002	86.82	Actr1b
MGI:1917447	Srp68	8.23	117.62000000000002	Srp68;RP23-174D24.5-001;mCG_6849;RP23-174D24.5-002
MGI:1917457	Taco1	4.59	67.18000000000004	Ccdc44
MGI:1917458	Med23	7.029999999999999	69.71999999999997	Med23;Crsp3;Kiaa1216;Sur2
MGI:1917473	Nars1	12.74	667.35	Nars
MGI:1917475	Ppil3	8.370000000000001	22.929999999999996	Ppil3;Cyp10l
MGI:1917483	Cd2bp2	6.299999999999999	21.630000000000003	Cd2bp2
MGI:1917489	Gtf3c5	7.12	30.470000000000006	Gtf3c5
MGI:1917493	Skic8	9.530000000000001	95.24000000000004	Wdr61
MGI:1917497	Psmd1	19.69	63.12000000000002	Psmd1
MGI:1917498	Dazap1	9.189999999999998	209.47	Dazap1
MGI:1917507	Atp5mj	10.89	36.3	Mp68
MGI:1917535	Rpf1	4.24	9.31	Bxdc5;Rpf1
MGI:1917547	Gcc2	11.48	29.920000000000005	Gcc2;Kiaa0336
MGI:1917560	Plscr3	12.890000000000002	31.589999999999993	Plscr3;RP23-422L16.10-003
MGI:1917562	Cactin	7.300000000000001	25.940000000000005	2510012J08Rik
MGI:1917564	Rabep2	7.6800000000000015	69.10000000000001	Rabep2;Rabpt5b
MGI:1917566	Ndufab1	6.45	60.23999999999998	Ndufab1
MGI:1917580	Bclaf1	10.620000000000001	74.62999999999998	Bclaf1;Btf;Kiaa0164
MGI:1917583	Polr1g	5.17	29.110000000000007	Cd3eap;Ase1;Paf49
MGI:1917585	Reep6	13.7	56.360000000000014	Reep6;Dp1l1;Tb2l1
MGI:1917592	Ptges2	10.820000000000002	88.03999999999998	Ptges2;RP23-375I1.1-001;mCG_17426;Gbf1;Pges2
MGI:1917598	Ube3d	9.579999999999998	29.71999999999999	Ube2cbp;H10bh
MGI:1917599	Copb1	12.54	89.80999999999997	Copb1;Copb
MGI:1917600	Basp1	14.460000000000003	65.59000000000003	Basp1;Nap22
MGI:1917601	Ppp4r1	10.199999999999998	74.59	Ppp4r1
MGI:1917606	St13	13.870000000000001	105.37	St13;Fam10a1;Hip
MGI:1917608	Steap1	12.309999999999999	12.030000000000001	Steap1;Steap
MGI:1917611	Lman1	17.48	135.87000000000006	Lman1;Ergic53
MGI:1917629	Fam114a2		113.98000000000005	Fam114a2
MGI:1917637	Ttc9c	6.05	44.85999999999999	Ttc9c
MGI:1917649	Wwtr1	8.360000000000001	5.990000000000001	Wwtr1;Taz
MGI:1917655	Calml3	10.1	115.89000000000003	Calm1;Calm;Cam;Cam1;Calm2;Cam2;Camb;Calm3;Cam3;Camc;Calml3
MGI:1917656	Vps26b	15.229999999999997	101.35000000000004	Vps26b
MGI:1917670	Arpin	13.39	50.96999999999999	
MGI:1917672	Ints2	7.989999999999999	9.66	Ints2;Kiaa1287
MGI:1917678	Polr3b	14.170000000000003	21.749999999999996	Polr3b
MGI:1917680	Tbce	3.4200000000000004	108.63000000000004	Tbce
MGI:1917682	Rufy2	8.419999999999998	22.76	Rufy2;Kiaa1537
MGI:1917685	Inf2	9.3	42.85999999999999	Inf2
MGI:1917689	Taf15	6.789999999999999	64.28000000000003	Taf15
MGI:1917701	Dhrs13	5.37	48.970000000000006	Dhrs13
MGI:1917715	Wdr77	9.320000000000002	56.02	Wdr77;Mep50
MGI:1917720	Rprd1b	5.07	111.59000000000003	Rprd1b;Crept
MGI:1917722	Atad2	5.839999999999999	5.11	Atad2
MGI:1917728	Mipep	18.409999999999997	265.7499999999999	Mipep
MGI:1917745	Atp6ap2	22.29	6.349999999999999	Atp6ap2;Atp6ip2
MGI:1917747	Arhgap17	6.21	51.13	Arhgap17
MGI:1917770	Glipr2	9.66	33.290000000000006	Glipr2;Gapr1
MGI:1917777	Stambp	5.78	39.29999999999999	Stambp;Amsh
MGI:1917789	Myl6b		78.22000000000003	Myl6b
MGI:1917794	Tmem242	11.499999999999998	8.88	
MGI:1917799	Tln2	25.880000000000003	75.84691819711594	Tln2
MGI:1917806	Slc25a33	6.09	22.57	Slc25a33
MGI:1917810	Wars2	7.510000000000001	131.77	Wars2
MGI:1917814	Prxl2a		278.08000000000004	5730469M10Rik
MGI:1917818	Cpne3	11.869999999999997	66.61	Cpne3;Kiaa0636
MGI:1917819	Wdr36	12.639999999999999	54.39000000000001	Wdr36;mCG_119970
MGI:1917822	Ipo5	16.02	86.82999999999998	Ipo5;Kpnb3;Ranbp5
MGI:1917826	Cpsf7	5.33	51.42000000000001	Cpsf7
MGI:1917829	Zc3h11a	5.48	27.610000000000007	Zc3h11a;Kiaa0663
MGI:1917834	Pak4	8.46	37.339999999999996	Pak4;Kiaa1142
MGI:1917849	Itprid2	7.7	23.51	Ssfa2;Kiaa1927;Krap;RP23-20E18.1-003
MGI:1917862	Tmem230	6.260000000000001	23.299999999999997	5730494N06Rik;RP23-74B12.3;RP23-74B12.3-001;mCG_15179
MGI:1917870	Ube2v2		96.39000000000001	Ube2v2;Mms2;Uev2;RP23-310H3.1-003;mCG_126823;RP23-310H3.1-004
MGI:1917900	Zcchc8	4.18	27.55	Zcchc8
MGI:1917903	Gmpr2	8.2	269.91	Gmpr2;mCG_22065
MGI:1917925	Vcpip1	3.1200000000000006	25.299999999999997	Vcpip1;Vcip135
MGI:1917933	Utp20	12.879999999999999	25.919999999999998	Utp20;Drim
MGI:1917955	Fyttd1	8.449999999999998	7.12	Fyttd1
MGI:1918007	Hacd2	22.720000000000002	48.91	Ptplb
MGI:1918017	Prpf3	8.28	28.450000000000003	Prpf3
MGI:1918019	Nolc1	12.170000000000002	51.71	Nolc1;mKIAA0035
MGI:1918025	Zmynd8	7.26	34.38000000000001	Prkcbp1;RP23-108D12.1-014;RP23-108D12.1-001;RP23-108D12.1-015;RP23-108D12.1-007
MGI:1918040	Ubr5	12.789999999999997	7.930000000000001	Ubr5;Edd;Edd1;Kiaa0896
MGI:1918041	Hars2	5.16	65.11000000000001	Hars2;Harsl
MGI:1918047	Ankib1	11.169999999999998	13.879999999999997	Ankib1;Kiaa1386
MGI:1918054	Pgrmc2	15.560000000000004	95.20999999999997	Pgrmc2
MGI:1918066	Rpusd2	4.39	29.270000000000003	Rpusd2
MGI:1918079	Ccdc93	9.280000000000001	64.83999999999999	Ccdc93
MGI:1918084	Spag9	12.810000000000002	78.59999999999998	Spag9;Jip4;Jsap2;Kiaa0516;Mapk8ip4
MGI:1918110	Septin10	6.379999999999999	31.180000000000007	Sept10
MGI:1918115	Lnpk	10.15	71.86	Lnp;Kiaa1715;Uln;RP23-313J15.1-004;mCG_13964;RP23-313J15.1-012;RP23-313J15.1-009
MGI:1918135	Ints10	9.250000000000002	23.739999999999995	Ints10
MGI:1918175	Cdkn2aip	4.02	389.27999999999986	Cdkn2aip;Carf
MGI:1918177	Setd2	5.15	10.749999999999998	Setd2;BC031601;mKIAA1732
MGI:1918180	Nol8	5.48	28.259999999999998	Nol8
MGI:1918234	Bkgd	15.329999999999998	77.11999999999999	
MGI:1918248	Phf6	9.489999999999998	29.89999999999999	Phf6;Kiaa1823
MGI:1918249	Naa40	4.5	19.709999999999997	Nat11
MGI:1918294	Trp53rka	3.6400000000000006	110.42000000000002	2810408M09Rik;RP23-395E18.2;Trp53rk;RP23-395E18.2-002;mCG_14616
MGI:1918305	Nemf	8.839999999999998	50.209999999999994	Sdccag1
MGI:1918348	Cep170	4.46	42.77	Cep170;Kiaa0470
MGI:1918366	Stx18	6.46	28.229999999999997	Stx18
MGI:1918367	Rbbp5	5.48	49.769999999999996	Rbbp5
MGI:1918419	Nbas	17.899999999999995	73.49999999999997	4933425L03Rik
MGI:1918427	Ints13	12.300000000000002	20.210000000000004	RP23-158O11.1;4933424B01Rik;RP23-158O11.1-001;mCG_15019;RP23-158O11.1-003
MGI:1918464	Ppm1f	9.850000000000001	95.87000000000002	Ppm1f
MGI:1918478	Dlg5	12.209999999999999	16.339999999999996	Dlg5
MGI:1918518	Lrrfip2	17.809999999999995	23.89	Lrrfip2
MGI:1918568	Pmpca	11.53	68.22000000000001	Pmpca;Inpp5e;RP23-306D20.8-002;mCG_18769
MGI:1918590	Riok1	6.09	16.759999999999998	Riok1
MGI:1918611	Aifm2	8.619999999999997	17.33	Aifm2;Amid
MGI:1918614	Jmjd1c	3.29	13.679999999999998	Jmjd1c;Jhdm2c;Kiaa1380
MGI:1918615	Pdss2	8.24	42.31999999999999	Pdss2;Dlp1
MGI:1918632	Pex1	6.43	27.139999999999997	Pex1
MGI:1918667	Gpatch8	4.91	24.54	Gpatch8;Gpatc8;Kiaa0553
MGI:1918677	Ibtk	6.96	17.749999999999996	Ibtk;mCG_128548;Kiaa1417
MGI:1918699	Mettl13	6.47	94.51999999999995	Mettl13;Kiaa0859
MGI:1918711	Ptk7	20.889999999999997	14.060000000000004	Ptk7
MGI:1918722	Usp19	9.09	11.239999999999998	Usp19;Kiaa0891
MGI:1918732	Rdh13	4.44	81.65999999999998	Rdh13
MGI:1918764	Sfpq	13.860000000000001	621.6999999999999	Sfpq
MGI:1918767	Vps35l		12.039999999999997	
MGI:1918771	Pds5a	8.570000000000002	41.96999999999999	Pds5a;Kiaa0648
MGI:1918843	Llgl2	10.749999999999998	23.099999999999998	Llgl2;Llglh2;RP23-332L17.1-004
MGI:1918850	Ythdf3	4.89	39.470000000000006	Ythdf3
MGI:1918867	Armh3	9.379999999999999	62.60999999999998	
MGI:1918898	Optn	5.789999999999999	20.229999999999997	Optn
MGI:1918920	Acy3	15.189999999999998	173.46999999999997	Acy3;Aspa2
MGI:1918928	Brox		40.25999999999999	Brox
MGI:1918929	Atp5pd	16.75	384.6899999999998	Atp5h;RP23-380B14.2-007
MGI:1918944	Ipo9	16.390000000000004	105.97000000000003	Ipo9;Imp9;Ranbp9
MGI:1918951	Pnpt1	7.160000000000001	12.67	Pnpt1;Pnpase
MGI:1918952	Cdc5l	9.009999999999998	34.06000000000001	Cdc5l;Kiaa0432
MGI:1918959	Syde1	4.94	7.960000000000001	Syde1
MGI:1918961	Mus81	5.73	14.54	Mus81
MGI:1918963	Cdc40	5.37	30.360000000000007	Cdc40;Prp17;Prpf17
MGI:1918968	Telo2	7.719999999999998	39.589999999999996	Telo2;Kiaa0683
MGI:1918970	Osbpl3	9.929999999999998	45.59000000000001	Osbpl3;mKIAA0704;Orp3
MGI:1918976	Smug1	4.94	79.28000000000002	Smug1
MGI:1918982	Vps11	8.23	4.47	Vps11
MGI:1918985	Lrwd1	11.269999999999998	19.64	Lrwd1
MGI:1918993	Coasy	11.44	1701.9499999999998	Coasy;Ukr1
MGI:1918995	Cul2	13.440000000000001	47.440000000000005	Cul2
MGI:1919008	Vwa8	25.19	90.58999999999997	Kiaa0564
MGI:1919016	Raver1	10.670000000000002	25.449999999999996	Raver1;Kiaa1978
MGI:1919020	Ap2b1	20.72	129.07999999999998	Ap2b1;Clapb1
MGI:1919022	Plbd2	21.550000000000004	174.26	Plbd2
MGI:1919030	Isyna1	15.270000000000001	71.84000000000002	Isyna1;Ino1
MGI:1919043	Ints12	6.160000000000001	6.9	Ints12;Phf22
MGI:1919049	Ptcd1	7.12	7.080000000000001	Ptcd1
MGI:1919055	Nup93	13.340000000000003	77.35999999999997	Nup93;Cip4;Kiaa0095
MGI:1919057	Tars2	7.91	73.91999999999997	Tars2;Tarsl1
MGI:1919060	Ranbp3	8.08	48.42000000000001	Ranbp3
MGI:1919064	Mrps27	11.390000000000002	200.52999999999992	Mrps27
MGI:1919069	Kif23	10.809999999999999	7.540000000000002	Kif23
MGI:1919082	Csl	16.739999999999995	132.76999999999998	Csl;mCG_19869
MGI:1919083	Dcaf7	13.300000000000002	10.49	Wdr68;Han11
MGI:1919085	Lancl2	12.580000000000002	48.58	Lancl2;Tasp
MGI:1919094	Nup58	5.11	55.380000000000024	Nupl1
MGI:1919103	Pdia6	22.459999999999997	65.11000000000001	Pdia6;Txndc7
MGI:1919129	Acsl5	19.91	67.55	Acsl5;Facl5
MGI:1919131	Apmap	11.659999999999998	73.53000000000003	Apmap
MGI:1919156	Zswim8	10.109999999999998	12.300000000000002	Kiaa0913
MGI:1919159	Haus5	6.669999999999999	43.75999999999999	Haus5;Kiaa0841
MGI:1919191	Cars2	11.49	121.44000000000004	Cars2
MGI:1919192	Myof	22.130000000000003	51.629999999999995	Myof;Fer1l3;Kiaa1207
MGI:1919196	Endod1	9.719999999999999	70.43000000000002	Endod1;Kiaa0830
MGI:1919199	Cers5	9.77	29.790000000000006	Lass5;Trh4
MGI:1919205	Ist1	4.96	26.749999999999996	Ist1;Kiaa0174
MGI:1919207	Ints11	11.4	20.990000000000002	Cpsf3l;Ints11;RP23-242K15.19-004
MGI:1919210	Myh14		63.03	Myh14
MGI:1919214	Atad3a	9.040000000000001	137.42000000000004	Atad3;Atad3a;Kiaa1273
MGI:1919218	Wdr73	5.18	23.569999999999997	Wdr73
MGI:1919220	Chchd2l2		14.379999999999999	2410018M08Rik;Scand3;mCG_130675;Chchd2
MGI:1919223	Rbpms2	9.77	16.679999999999996	Rbpms2
MGI:1919224	Prmt3	9.850000000000001	43.54	Prmt3;Hrmt1l3
MGI:1919228	Ppp2r2a	4.85	81.84000000000002	Ppp2r2a
MGI:1919230	Utp3	5.37	21.029999999999998	Utp3;Crl1;Crlz1;Sas10
MGI:1919239	Rpusd4	3.8999999999999995	21.74	Rpusd4
MGI:1919240	Ddx54	15.509999999999998	20.680000000000003	Ddx54
MGI:1919244	Cnn3	11.319999999999999	25.340000000000003	Cnn3
MGI:1919247	Smg9	8.43	41.989999999999995	Smg9
MGI:1919257	Fndc3b	5.839999999999999	10.459999999999999	Fndc3b;Fad104;Kiaa4164;Ns5abp37
MGI:1919267	Cyb5r1	6.24	398.19000000000005	Cyb5r1;Nqo3a2
MGI:1919268	Fundc1	11.910000000000002	9.9	Fundc1
MGI:1919279	Cnpy3	14.429999999999996	108.26999999999997	Cnpy3;Prat4a;Tnrc5
MGI:1919282	Pdxp	4.32	325.87	Pdxp;Plp;Plpp
MGI:1919286	Eny2	16.240000000000002	28.089999999999996	Eny2
MGI:1919289	Mccc1	16.060000000000002	530.71	Mccc1;Mcca
MGI:1919292	Cotl1	15.160000000000002	76.13999999999999	Cotl1;Clp
MGI:1919297	Ddx42	6.499999999999999	31.030000000000005	Ddx42
MGI:1919300	Poglut2	12.409999999999998	48.480000000000004	Kdelc1;Ep58
MGI:1919307	Phf10	6.700000000000001	49.13999999999999	Phf10
MGI:1919315	Rap2c	9.31	28.520000000000007	Rap2c
MGI:1919318	Cnot2	5.09	41.58	Cnot2
MGI:1919325	Ogfr	12.219999999999999	86.13000000000002	Ogfr
MGI:1919331	Snx12	8.35	55.990000000000016	Snx12;RP23-356J7.1-003;RP23-356J7.1-001;mCG_2194;RP23-356J7.1-002
MGI:1919334	Pigx	13.05	66.36000000000001	Pigx
MGI:1919346	Eef1akmt2	7.42	72.11000000000003	Mettl10
MGI:1919349	Elp6	7.400000000000001	94.47999999999998	Tmem103
MGI:1919357	Dscc1	5.98	26.920000000000005	DSCC1;DCC1
MGI:1919367	Naa50	10.17	18.240000000000002	Nat13;Mak3
MGI:1919369	Tpx2	12.810000000000002	4.85	Tpx2;RP23-414F8.1-001;mCG_3724
MGI:1919386	Chst14	8.22	6.980000000000001	Chst14;D4st1;RP23-286G12.2-002
MGI:1919391	Adpgk	6.05	172.16	Adpgk
MGI:1919401	Rfc5	6.59	74.19000000000003	Rfc5
MGI:1919412	Dhx36	8.869999999999997	24.580000000000002	Dhx36;Ddx36;Kiaa1488;Mlel1
MGI:1919420	Chchd4	5.75	122.86999999999999	Chchd4;Mia40
MGI:1919421	Shq1	7.86	19.020000000000003	Shq1
MGI:1919431	Nsun4	8.950000000000001	29.130000000000006	Nsun4
MGI:1919433	Snx6	9.14	81.12999999999997	Snx6
MGI:1919439	Bag6	16.440000000000005	24.159999999999997	Bat3
MGI:1919443	Scaf11	10.849999999999998	25.25	Sfrs2ip;mKIAA3013
MGI:1919448	Mtrex	8.340000000000002	39.21	Skiv2l2;mKIAA0052
MGI:1919449	Mms19	9.51	65.04000000000002	Mms19;Mms19l
MGI:1919451	Otud6b	11.189999999999998	70.95999999999997	Otud6b
MGI:1919488	Tbc1d5	15.219999999999999	60.219999999999985	Tbc1d5
MGI:1919494	1600014C10Rik	10.6	24.7	
MGI:1919515	Tram1	12.300000000000002	69.64999999999998	Tram1
MGI:1919519	Cda	10.959999999999999	96.89000000000003	Cda;Cdd
MGI:1919522	Dnajc24	10.189999999999998	28.020000000000003	Dnajc24;Dph4;Zcsl3;RP23-232D1.6-005
MGI:1919537	Plekhf1	3.1200000000000006	42.029999999999994	Plekhf1;Lapf
MGI:1919563	Fryl	10.770000000000001	41.879999999999995	Fryl;mKIAA0826
MGI:1919570	Kifbp	8.44	28.48999999999999	Kbp;Kiaa1279
MGI:1919573	Asb6	4.07	8.22	Asb6
MGI:1919579	Pcf11	3.28	17.269999999999996	Pcf11
MGI:1919583	Palld	5.94	13.7	Palld;Kiaa0992
MGI:1919586	Iars2	13.010000000000002	141.51000000000005	Iars2
MGI:1919592	Lsm12	4.11	73.64999999999999	Lsm12
MGI:1919594	Usp36	4.84	31.309999999999995	Usp36;Kiaa1453;RP23-394O9.1-003
MGI:1919598	Aif1l		147.56	Aif1l;Iba2
MGI:1919599	Dusp3	4.0	66.46999999999998	Dusp3;RP23-398F7.3-003
MGI:1919604	Ttc4	6.700000000000001	20.17	Ttc4;RP23-97O7.5-008;RP23-97O7.5-009
MGI:1919605	Cdpf1	8.15	17.21	
MGI:1919619	Ehd4	11.459999999999999	39.830000000000005	Ehd4;Past2
MGI:1919637	Psme3ip1	8.03	20.550000000000004	Nip30
MGI:1919647	Rbm12b1		9.800000000000002	Rbm12bb;Rbm12ba;Rbm12b
MGI:1919649	Brap	9.42	22.720000000000002	Brap
MGI:1919654	Wdr44	4.85	27.400000000000002	Wdr44
MGI:1919666	Lrpprc	15.540000000000001	144.54000000000002	Lrpprc;Lrp130
MGI:1919668	Thoc1	9.31	155.83999999999997	Thoc1
MGI:1919670	Rbm33	7.6499999999999995	41.59	Rbm33;Prr8
MGI:1919679	Dnajc25	12.020000000000001	130.42999999999998	Dnajc25
MGI:1919686	Tbcd	21.4	72.07999999999997	Tbcd
MGI:1919709	Htatsf1	13.039999999999997	49.769999999999996	Htatsf1
MGI:1919712	Rrp1b	5.48	83.77	Rrp1b
MGI:1919725	Ssbp3	15.009999999999998	14.439999999999998	Ssbp3;Last;Ssdp1;RP23-97J2.1-006;Ssbp4;mCG_23121;Ssbp2;Ssdp2;RP23-97J2.1-017
MGI:1919732	Acbd6	14.439999999999998	11.669999999999998	Acbd6
MGI:1919737	Aida		49.050000000000004	Aida
MGI:1919742	Smg1	7.23	41.88999999999999	Smg1;Kiaa0421
MGI:1919746	Sec24c	12.039999999999997	55.370000000000005	Sec24c;mKIAA0079;mCG_121333
MGI:1919747	Zc3h15	6.17	31.41	Zc3h15;Dfrp1
MGI:1919752	Cwf19l1	5.679999999999999	51.25000000000001	Cwf19l1
MGI:1919762	Sting1	14.880000000000004	41.739999999999995	Tmem173;Mita;Mpys;Sting
MGI:1919765	Wdr43	7.430000000000001	28.360000000000003	Wdr43;Kiaa0007
MGI:1919769	Pip4p2	9.1	50.17	Tmem55a
MGI:1919782	Sap130	9.95	30.99	Sap130
MGI:1919784	Rcc2	8.849999999999998	48.7	Rcc2;Kiaa1470
MGI:1919786	Tagap1	3.29	26.60000000000001	Tagap1;Fksg15;Tagap;Fgfr1op
MGI:1919790	Heatr6	9.189999999999998	29.71999999999999	Heatr6
MGI:1919792	Pgam5	7.810000000000001	55.97000000000001	Pgam5
MGI:1919794	Exosc6	5.5	79.10000000000001	Exosc6;Mtr3
MGI:1919804	Utp14a	7.820000000000001	24.580000000000002	Utp14a;JsdX;Kiaa0266
MGI:1919812	Pcbd2	15.319999999999999	242.94000000000008	Pcbd2;Dcoh2;Dcohm
MGI:1919815	Uaca	13.77	31.58	Uaca;Kiaa1561
MGI:1919822	Spats2	6.03	35.56000000000001	Spats2;Scr59
MGI:1919824	Zc3h14	13.09	13.220000000000002	Zc3h14
MGI:1919831	Edrf1	3.17	24.709999999999997	Edrf1
MGI:1919834	Cul4b	10.72	22.49	Cul4b;RP23-193O17.3-001;mCG_10889
MGI:1919840	Ppme1	9.809999999999999	60.88	Ppme1;Pme1
MGI:1919849	Pdia5	15.439999999999998	131.16000000000005	Pdia5;Pdir
MGI:1919862	Hpf1	7.869999999999999	27.059999999999995	
MGI:1919871	Pdzd11	8.730000000000002	6.739999999999999	Pdzd11;Pdzk11
MGI:1919880	Hspa12b	8.2	31.78	Hspa12b
MGI:1919891	Mob2	5.459999999999999	125.23000000000003	Mob2;Mmh
MGI:1919904	Ccdc12	9.689999999999998	38.39999999999999	Ccdc12
MGI:1919906	Ints8	7.629999999999999	52.330000000000005	Ints8;RP23-343F17.6-003
MGI:1919907	Selenoh	11.390000000000002	31.92	Selh
MGI:1919908	Mettl28	4.81	577.6099999999999	2700097O09Rik;mCG_21241
MGI:1919912	Dis3	10.05	54.24	Dis3;Kiaa1008;Rrp44
MGI:1919936	Usp24	10.33	70.82	Usp24
MGI:1919942	Hnrnpll	13.863419491597304	37.88708487070495	Gpx4;Hnrpll;PHGPx
MGI:1919964	Nup37	6.43	81.7	Nup37;mCG_16783
MGI:1919972	Fam98a	9.79	52.28999999999999	Fam98a
MGI:1919976	Tbcc	5.719999999999999	28.099999999999998	Tbcc
MGI:1919979	Cdc42se2	9.630000000000003	12.990000000000002	Cdc42se2
MGI:1919986	Tmx1	16.58	45.83	Tmx1;Txndc;Txndc1
MGI:1919998	Hdhd3	4.13	2292.3000000000006	Hdhd3
MGI:1919999	Tonsl	8.68	13.030000000000001	Nfkbil2;Ikbr
MGI:1920004	Arhgef10l	7.26	69.53	Arhgef10l;Kiaa1626;RP23-125D6.2-004
MGI:1920018	Topbp1	8.469999999999999	11.1	Topbp1;Kiaa0259
MGI:1920036	Tdp1	13.409999999999997	33.41	Tdp1;RP24-311F12.2-001;mCG_14730
MGI:1920037	Ndc1	12.700000000000001	37.24999999999999	Tmem48;Ndc1
MGI:1920040	Ssbp1	12.240000000000002	764.1299999999999	Ssbp1;mCG_15097
MGI:1920045	Ttc19	10.670000000000002	15.999999999999998	Ttc19;RP23-330N10.4-004
MGI:1920076	Fam76b	3.0000000000000004	70.67999999999999	Fam76b
MGI:1920081	Dhx30	9.54	36.50000000000001	Dhx30;Helg
MGI:1920112	Cox15	7.719999999999998	95.20000000000003	Cox15
MGI:1920136	Yju2	4.38	44.07000000000001	Ccdc94
MGI:1920150	Ndufv2	15.540000000000001	38.510000000000005	Ndufv2
MGI:1920159	Chmp1a	11.74	24.340000000000003	Chmp1a;Chmp1;Pcoln3
MGI:1920174	Anln	12.859999999999998	6.34	Anln
MGI:1920181	Swi5	11.550000000000002	5.73	2900010J23Rik;RP23-161B9.6;RP23-161B9.6-004;mCG_17447
MGI:1920185	Ddx41	11.340000000000002	40.99	Ddx41
MGI:1920188	Ift25	5.52	54.37	Hspb11;mCG_16085
MGI:1920196	Lrrc47	10.83	113.14	Lrrc47;Kiaa1185
MGI:1920230	Wdr11	8.89	212.94000000000008	Brwd2;Kiaa1351;Wdr11
MGI:1920243	Appl1	10.23	39.5	Appl1;Dip13a;Kiaa1428
MGI:1920274	Emc7	10.590000000000002	14.379999999999999	ORF3
MGI:1920296	Glrx5	12.91	30.390000000000008	Glrx5
MGI:1920328	Pmpcb	14.419999999999998	15.560000000000004	Pmpcb
MGI:1920353	3110009E18Rik		48.00999999999999	
MGI:1920362	Abracl	10.009999999999998	71.33999999999999	
MGI:1920374	Golim4	16.520000000000003	17.589999999999996	Golim4;Df10;Golph4
MGI:1920393	Wdr37	4.74	119.85	Wdr37;Kiaa0982
MGI:1920402	Rdh14	6.039999999999999	169.6	Rdh14
MGI:1920407	Gulp1	12.779999999999998	38.91	Gulp1;Ced6
MGI:1920421	Trmt10a	9.86	114.27999999999996	Rg9mtd2
MGI:1920428	Wasl	5.62	40.96000000000001	Wasl
MGI:1920442	Xpot	13.750000000000002	68.38000000000002	Xpot
MGI:1920455	C9orf72	3.9400000000000004	77.58	3110043O21Rik;RP23-307M2.1;RP23-307M2.1-002;mCG_141727
MGI:1920460	Nup54	5.48	48.22999999999999	Nup54
MGI:1920462	Chlsn	12.35	49.790000000000006	
MGI:1920475	Siral2	4.48	16.5	Fam118a
MGI:1920497	Mrgbp	3.24	36.54999999999999	1600027N09Rik;RP23-74K21.4;RP23-74K21.4-001;mCG_6726;Mrgbp
MGI:1920501	Setd7	8.779999999999998	22.25	Setd7;Kiaa1717;Set7;Set9
MGI:1920538	Vps50	11.64	41.27000000000001	Ccdc132;Kiaa1861
MGI:1920563	Rpgrip1l		22.94	Rpgrip1l;Ftm
MGI:1920590	Nptxr	8.22	3.6899999999999995	Cbx6;Nptxr;Npcd
MGI:1920635	Fam177a		11.220000000000002	Fam177a1
MGI:1920717	1700066M21Rik	3.72	25.97	
MGI:1920720	Kif2b		57.56999999999999	Kif2b
MGI:1920723	Iws1	9.959999999999999	29.53	Iws1;Iws1l
MGI:1920895	Ddx46	19.259999999999998	57.38000000000002	Ddx46;Kiaa0801
MGI:1920909	Pdxdc1	16.71	56.880000000000024	Pdxdc1
MGI:1920916	Thoc3	9.520000000000001	70.79999999999997	Thoc3
MGI:1920924	Wdr75	7.749999999999999	80.22999999999999	Wdr75;mCG_116076
MGI:1920939	Bloc1s2	5.78	29.849999999999998	Bloc1s2;Blos2
MGI:1920944	Ndufaf7	10.05	26.699999999999996	2410091C18Rik
MGI:1920949	Ppp2r1b	8.55	35.67	Ppp2r1b
MGI:1920960	Tubb2b	11.330000000000002	649.8399999999998	Tubb2b
MGI:1920961	Mvb12a	13.0	19.970000000000002	Fam125a
MGI:1920977	Mcmbp	10.05	15.210000000000003	
MGI:1920986	Fcf1	9.430000000000001	5.22	Fcf1
MGI:1920988	Haus7	9.669999999999998	16.509999999999998	Uchl5ip;Uip1;RP23-95K12.6-001;mCG_119885;RP23-95K12.6-002;Haus7
MGI:1920989	Cby1	12.420000000000002	8.289999999999997	Cby1;Cby;Pgea1
MGI:1920992	Lima1	6.370000000000001	29.050000000000004	Lima1;D15Ertd366e;Eplin
MGI:1921019	Gins2	8.559999999999999	35.56000000000001	Gins2;Psf2
MGI:1921020	Wdr70	10.849999999999998	22.35	Wdr70
MGI:1921054	Kif2c	7.58	9.54	Kif2c;RP23-59L24.10-003
MGI:1921075	Ppp1r21	11.960000000000003	34.650000000000006	Klraq1;Ccdc128
MGI:1921076	Poldip3	7.059999999999999	6.150000000000001	Poldip3;RP23-25N17.1-003;RP23-25N17.1-005
MGI:1921080	Eif3k	15.06	39.77	Eif3k;Eif3s12
MGI:1921084	Atp6v1d	8.409999999999998	24.56	Atp6v1d;Atp6m;Vatd
MGI:1921086	Slc35b2	9.51	18.54	Slc35b2;J207;Papst1
MGI:1921173	Tmco1	24.740000000000002	26.58	Tmco1
MGI:1921197	Rlig1	6.370000000000001	26.760000000000005	
MGI:1921256	Dnm1l	7.17	121.20999999999997	Dnm1l;Drp1
MGI:1921262	Rap2b	4.73	57.72	Rap2b
MGI:1921268	Als2	11.72	27.0	Als2
MGI:1921272	Glyr1	9.92	19.37	Np60
MGI:1921285	Nol9	6.45	24.999999999999996	Nol9
MGI:1921294	Ttf2	9.800000000000002	55.77	Ttf2;DN-358O3.2-002
MGI:1921344	Tjap1	4.77	16.139999999999997	Tjap1;Pilt;Tjp4
MGI:1921347	Pop7	4.47	31.0	Pop7;Rpp20
MGI:1921348	Czib	8.09	58.88000000000002	0610037L13Rik;RP23-40G2.3;RP23-40G2.3-007;RP23-40G2.3-013;RP23-40G2.3-002;mCG_17970;RP23-40G2.3-006;RP23-40G2.3-005
MGI:1921355	Gga2	15.499999999999998	6.1	Gga2;Kiaa1080
MGI:1921357	Cep55	4.47	21.499999999999996	Cep55
MGI:1921358	Parn		69.03	Parn
MGI:1921361	Rbm19	16.240000000000002	19.999999999999996	Rbm19
MGI:1921364	Crot	10.280000000000001	35.92	Crot;Cot
MGI:1921367	Actr3	12.679999999999998	76.44	Actr3;Arp3
MGI:1921372	Tmem43	14.449999999999998	98.38999999999997	Tmem43
MGI:1921375	Armc8	9.14	91.49000000000004	Armc8
MGI:1921376	Syvn1	6.739999999999999	21.78	Syvn1;Hrd1;Kiaa1810
MGI:1921383	Smg8	3.54	27.340000000000003	Smg8
MGI:1921392	Lonp1	15.279999999999998	550.3700000000001	Lonp1;Prss15
MGI:1921393	Opa1	13.590000000000002	100.64000000000003	Opa1
MGI:1921398	Cluh	12.079999999999998	24.130000000000006	Kiaa0664
MGI:1921407	Cmtr1	11.189999999999998	57.13000000000001	Ftsjd2;Kiaa0082
MGI:1921409	Acbd5	13.340000000000003	39.88999999999999	Acbd5
MGI:1921417	Nudt9	12.45	51.400000000000006	Nudt9;RP23-102H7.1-003
MGI:1921435	Gbe1	14.530000000000001	137.13	Gbe1
MGI:1921442	Arpc5l	5.41	107.85000000000004	Arpc5l
MGI:1921443	Ccdc9	6.97	42.40999999999999	Ccdc9
MGI:1921445	Elp3	12.489999999999998	21.330000000000002	Elp3
MGI:1921446	Ttc27	20.08	51.43000000000001	Ttc27
MGI:1921447	Gtf2e1	4.999999999999999	31.379999999999995	Gtf2e1;AU015228
MGI:1921450	Khdc4	3.4	25.239999999999995	Kiaa0907
MGI:1921452	Fblim1	9.239999999999998	21.210000000000004	Fblim1;RP23-291H3.1-001;mCG_20002;Cal
MGI:1921455	Acsl3	7.79	26.879999999999992	Acsl3;mCG_118403;Acs3;Facl3
MGI:1921456	Sipa1l3	9.02	40.74	Sipa1l3
MGI:1921463	Rbm26	7.629999999999999	54.850000000000016	Rbm26
MGI:1921487	Tubgcp2	11.989999999999998	77.98	Tubgcp2;Gcp2
MGI:1921494	Atg7	17.160000000000004	61.35000000000002	Atg7;Apg7l
MGI:1921502	Armc1	8.65	24.56	Armc1
MGI:1921504	Gpn1	7.740000000000002	28.409999999999997	Gpn1;Mbdin;Xab1
MGI:1921506	Cyld	11.59	97.23	Cyld;Cyld1;Kiaa0849
MGI:1921537	Kcmf1	8.959999999999999	58.42999999999998	Kcmf1;Debt91
MGI:1921552	Mtmr3	6.9	11.38	Mtmr3;RP23-173M6.1-003
MGI:1921566	Isca2	3.9600000000000004	21.239999999999995	Isca2;Hbld1
MGI:1921570	Wdr33	8.529999999999998	50.73	Wdr33
MGI:1921575	Cltb	15.199999999999998	120.13000000000001	Cltb
MGI:1921586	Tmed5	11.729999999999999	66.42000000000002	Tmed5
MGI:1921590	Ahcyl2	11.960000000000003	56.38415202873944	Ahcyl2
MGI:1921599	Fhip1b	6.12	105.01	Fam160a2;Kiaa1759
MGI:1921605	Smchd1	11.080000000000002	48.58	Smchd1;Kiaa0650
MGI:1921620	Rptor	13.83	7.56	Rptor;Raptor
MGI:1921625	Gcc1	3.9700000000000006	40.230000000000004	Gcc1
MGI:1921633	Ubap2l	11.910000000000002	35.050000000000004	Ubap2l
MGI:1921636	Rmi1	3.6899999999999995	124.89999999999996	Rmi1
MGI:1921642	Specc1l	6.81	18.79	Cytsa;Kiaa0376;Specc1l
MGI:1921662	Gle1	10.000000000000002	22.139999999999997	Gle1;Gle1l
MGI:1921664	Polr3c	8.809999999999999	18.97	Polr3c
MGI:1921694	Tasor	4.430000000000001	12.91	D14Abb1e;Kiaa1105
MGI:1921701	Pgs1	7.26	32.580000000000005	Pgs1;Saf
MGI:1921717	Pus10	6.150000000000001	98.78	Pus10;Ccdc139
MGI:1921730	Samd4	5.35	40.35	Samd4a;Samd4;Smaug1
MGI:1921733	Ankhd1	7.069999999999999	22.28	Ankhd1;mFLJ00246
MGI:1921736	Osbpl10	6.32	109.35000000000001	Osbpl11;Osbpl10
MGI:1921772	Morc2a	5.8	18.7	Morc2a;Kiaa0852;Zcwcc1
MGI:1921799	Mau2	6.96	29.15	Kiaa0892
MGI:1921807	Ppp6r3	8.71	40.68000000000001	Saps3;D19Ertd703e;Kiaa1558;Pp6r3
MGI:1921818	Mlkl	7.660000000000002	79.12999999999998	Mlkl
MGI:1921850	Mrpl47	4.47	142.73000000000002	Mrpl47
MGI:1921867	Scpep1	17.2	1274.4000000000005	Scpep1;Risc;RP23-176J13.1-001;mCG_1482
MGI:1921981	Cnep1r1	5.66	30.199999999999996	Tmem188
MGI:1922004	Dhcr24	14.689999999999998	25.59	Dhcr24;Kiaa0018
MGI:1922014	Klc4	15.210000000000003	34.81	Klc4;Knsl8
MGI:1922019	Pik3cb	6.09	40.03	Pik3cb
MGI:1922026	Ppa2	10.780000000000001	287.94000000000005	Ppa2
MGI:1922028	Rrp7a	9.23	24.500000000000004	Rrp7a
MGI:1922035	Miga2	10.659999999999998	34.099999999999994	Fam73b;5730472N09Rik;mFLJ00199;RP23-395P6.6;RP23-395P6.6-005
MGI:1922063	Eva1b	12.710000000000003	10.109999999999998	Fam176b
MGI:1922066	Tpr	20.7	36.629148229244976	Tpr
MGI:1922083	Ciapin1	14.820000000000004	29.659999999999993	Ciapin1
MGI:1922088	Naa15	8.520000000000001	95.05000000000001	Narg1;Nat1;Tbdn-1;Tubedown
MGI:1922090	Manf	26.780000000000005	105.29	Armet
MGI:1922118	Tmem65	7.17	616.0300000000002	Tmem65
MGI:1922139	Timmdc1	11.319999999999999	66.42000000000002	
MGI:1922194	Qtrt2	4.33	23.520000000000003	Qtrtd1;mCG_128590
MGI:1922246	Usp47	9.980000000000002	17.880000000000003	Usp47
MGI:1922250	Stk38l	3.89	22.85	Stk38l;RP23-359M3.3-002;Ndr2;RP23-359M3.3-001;mCG_15023
MGI:1922257	Mindy1	12.46	15.699999999999998	Fam63a;Ni
MGI:1922312	Sf3a3	7.710000000000001	37.04999999999999	Sf3a3;Sap61
MGI:1922368	Lrrc8d	6.06	51.84	Lrrc8d;Lrrc5
MGI:1922387	Rprd2	4.16	25.64	Rprd2;Kiaa0460
MGI:1922434	Camsap2	4.999999999999999	54.38000000000001	Camsap1l1;mCG_130966;Kiaa1078
MGI:1922462	Rnf121	8.33	217.5999999999999	Rnf121
MGI:1922471	Dpp3	13.650000000000002	188.63698099789454	Dpp3
MGI:1922523	Pelp1	11.36	135.01999999999995	Pelp1;Mnar
MGI:1922546	Cep43	3.29	26.60000000000001	Tagap1;Fksg15;Tagap;Fgfr1op
MGI:1922570	Etnk1	7.610000000000002	9.47	Etnk1;Eki1
MGI:1922656	Ndufs7	12.639999999999999	45.35000000000001	Ndufs7
MGI:1922664	Ccnl1	2.21	89.03999999999999	Ccnl1;Ania6a;Ccn1
MGI:1922666	Nop14	10.94	15.120000000000001	Nop14;Nol14
MGI:1922675	Tti1	8.44	22.270000000000003	2610036D13Rik;RP23-91I20.4;RP23-91I20.4-001;mCG_15747
MGI:1922702	Ascc2	9.35	15.089999999999998	Ascc2;Asc1p100
MGI:1922721	1700009N14Rik		112.78999999999999	1700009N14Rik;RP23-143B14.1;RP23-143B14.1-001;mCG_49183
MGI:1922815	Sgf29	10.679999999999998	51.93	Ccdc101;Sgf29
MGI:1922816	Ing5	3.5099999999999993	32.580000000000005	Ing5
MGI:1922822	Acyp2	10.15	57.839999999999996	Acyp2;RP23-145N4.2-001;Acyp
MGI:1922832	Relch	6.489999999999999	93.33000000000004	Kiaa1468
MGI:1922833	Trir	9.120000000000001	13.670000000000002	
MGI:1922843	Malsu1	6.28	28.39	
MGI:1922845	Mzt2	13.079999999999998	49.83	Fam128
MGI:1922847	Ndufaf2	12.799999999999999	68.52999999999997	Ndufaf2;Ndufa12l
MGI:1922858	Chmp4b	18.610000000000003	32.75	Chmp4b
MGI:1922862	Gns	16.02	207.27999999999994	Gns
MGI:1922867	Rps25	3.13	139.90999999999994	Rps25
MGI:1922873	Tex30	4.15	10.000000000000002	
MGI:1922874	Metap1	8.06	72.64000000000001	Metap1
MGI:1922896	Rai14	8.449999999999998	57.670000000000016	Rai14;Kiaa1334;Norpeg
MGI:1922901	Psmg2	7.28	124.18000000000005	Psmg2;Clast3;Tnfsf5ip1
MGI:1922919	Pik3r4	12.020000000000001	64.41	Pik3r4
MGI:1922937	Ripor1	8.370000000000001	10.03	Fam65a;Kiaa1930
MGI:1922945	Rilpl1	6.32	25.74	Rilpl1;MNCb-2440
MGI:1922946	Prpf6	13.340000000000003	31.92	Prpf6
MGI:1922960	Rbm12	5.94	237.74999999999997	Rbm12
MGI:1922967	Cul5	9.400000000000002	68.00999999999999	Cul5
MGI:1922984	Mff	10.630000000000003	25.239999999999995	Mff
MGI:1923001	Ipo4	10.459999999999999	66.79000000000003	Ipo4;Imp4a;Ranbp4
MGI:1923012	Aftph	5.23	24.389999999999997	Aftph;Afth
MGI:1923017	Rab11fip1	5.11	89.85999999999997	Rab11fip1;mFLJ00294;mCG_2247;Rcp
MGI:1923036	Ckap5	11.61	17.809999999999995	Ckap5
MGI:1923055	Nln	14.600000000000001	222.39000000000001	Nln
MGI:1923151	Dcp1a	3.2299999999999995	46.730000000000004	Dcp1a;Mitc1;Smif
MGI:1923159	Vmp1	5.42	40.88000000000001	Tmem49;Vmp1;RP23-467J12.4-008
MGI:1923164	Exoc6b	11.76	68.85000000000001	Exoc6b;mCG_141526
MGI:1923173	Dnttip2	5.539999999999999	16.58	Dnttip2
MGI:1923206	Srrm2		33.94423367819637	Srrm2
MGI:1923224	Dock11	17.540000000000003	82.12	Dock11;Ziz2;RP23-339O19.3-003
MGI:1923235	Rab30	5.1	32.17	Rab30;Rsb30
MGI:1923241	Slain2	9.809999999999999	46.56000000000001	Slain2;Kiaa1458
MGI:1923257	Zmym2	4.23	40.470000000000006	Zmym2;Zfp198;Znf198
MGI:1923264	Zc3h18	11.28	77.22000000000003	Zc3h18;Nhn1
MGI:1923294	Ncapg2	9.889999999999999	13.2	Ncapg2;Luzp5;Mtb
MGI:1923304	Prrc2b	14.899999999999997	76.83000000000003	Bat2l;RP23-161B9.1-003;Kiaa0515
MGI:1923310	Isy1	11.86	28.29	Isy1;Kiaa1160
MGI:1923334	Ptbp3	6.599999999999999	101.6	Rod1
MGI:1923380	Las1l	14.399999999999999	34.81	Las1l;RP23-476N7.1-007
MGI:1923387	Mcur1	8.06	232.9399999999999	Ccdc90a
MGI:1923389	Haus6	4.33	32.51	6230416J20Rik;mKIAA1574
MGI:1923396	Stx16	4.71	44.82999999999999	Stx16;RP23-477F4.3-003;RP23-477F4.3-005
MGI:1923402	Utp18	8.67	20.29	Utp18;Wdr50
MGI:1923422	Cavin3	9.909999999999998	106.58999999999999	Prkcdbp;Srbc
MGI:1923442	Abhd12	17.489999999999995	28.520000000000007	Abhd12
MGI:1923469	Arxes1	8.570000000000002	168.47	Spcs3;Spc22
MGI:1923484	Magi3	7.12	26.429999999999996	Magi3;Kiaa1634
MGI:1923485	Dtd2	13.260000000000002	295.86000000000007	
MGI:1923488	Grhpr	15.540000000000001	687.2699999999998	Grhpr;Glxr;RP23-218A4.1-006
MGI:1923512	Pfdn4	6.63	97.42	Pfdn4;RP23-43J11.1-001;RP23-43J11.1-002
MGI:1923520	Cyrib	9.269999999999998	68.81000000000003	Fam49b
MGI:1923531	Tax1bp3	8.950000000000001	36.49	Tax1bp3;RP23-263M10.10-004
MGI:1923539	Phf14	20.650000000000002	53.50999999999999	Phf14
MGI:1923547	Kti12	4.13	29.120000000000005	Kti12
MGI:1923549	Erp44	20.82	43.06	Erp44;Kiaa0573;Txndc4
MGI:1923552	Pcnp	7.91	51.87999999999999	Pcnp
MGI:1923558	Rab1b	15.570000000000002	71.70000000000003	Rab1b
MGI:1923576	Exosc4	8.01	40.52	Exosc4;Rrp41
MGI:1923578	Ints5	6.19	30.800000000000008	Ints5
MGI:1923580	Sephs1	10.470000000000002	259.7699999999999	Sephs1;Sps1
MGI:1923582	Cog2	7.42	22.49	Cog2;Ldlc
MGI:1923596	Rars2	9.809999999999999	66.13999999999997	Rars2;Rarsl
MGI:1923607	Trmt5	3.02	108.16000000000001	Trmt5;Kiaa1393
MGI:1923616	Mtif3	5.719999999999999	42.52	Mtif3
MGI:1923675	Gid8	6.999999999999999	82.29000000000003	2310003C23Rik;RP24-209P15.2;RP24-209P15.2-001;mCG_6738
MGI:1923679	Lhpp	18.639999999999997	134.98000000000002	Lhpp
MGI:1923686	Tufm	20.229999999999997	420.0799999999999	Tufm
MGI:1923698	Ppp1r18	4.44	53.7	2310014H01Rik
MGI:1923729	Smndc1	6.89	14.790000000000001	Smndc1;Smnr;Spf30
MGI:1923731	Eif4a3	8.3	48.43	Eif4a3;Ddx48;RP23-13O17.1-003
MGI:1923735	Glt8d1	7.800000000000002	18.42	Glt8d1
MGI:1923741	Abhd14b	6.4799999999999995	111.78999999999998	Abhd14b;Cib
MGI:1923747	Ppp1r11	18.68	41.03	Ppp1r11;Tctex5
MGI:1923749	Clasp2	9.680000000000001	32.239999999999995	Clasp2;Kiaa0627
MGI:1923751	Commd9	6.07	34.519999999999996	Commd9
MGI:1923765	Poglut3	13.020000000000001	79.73000000000003	Kdelc2
MGI:1923772	Lsm8	7.869999999999999	85.36	Lsm8
MGI:1923784	Osbpl9	10.32	48.27000000000001	Osbpl9;Orp9
MGI:1923792	Hibch	10.000000000000002	472.61999999999995	Hibch
MGI:1923809	Atg2b	11.729999999999999	25.160000000000004	Atg2b
MGI:1923816	Rflnb		9.239999999999998	Fam101b
MGI:1923825	Wdr26	9.35	35.06	Wdr26
MGI:1923827	Faf2	10.22	64.88000000000001	Faf2;Kiaa0887;Ubxd8
MGI:1923831	Wipi2	10.429999999999998	39.74999999999999	Wipi2
MGI:1923847	Gins4	9.460000000000003	36.20000000000001	Gins4;Sld5
MGI:1923848	Gtf2f1	9.36	51.57999999999999	Gtf2f1;mCG_5591
MGI:1923858	Hectd3	17.33	17.969999999999995	Hectd3
MGI:1923864	Immt	16.26	225.89	Immt
MGI:1923935	Eif4g3		161.94000000000003	Eif4g3
MGI:1923937	Spcs3	13.17	77.33999999999997	Spcs3
MGI:1923938	Arfrp1	6.45	19.68	Arfrp1
MGI:1923957	Clasp1	9.379999999999999	34.46	Clasp1;Kiaa0622
MGI:1923959	Arpc2	11.259999999999998	98.67999999999998	Arpc2
MGI:1923987	Creld2	15.129999999999999	56.599999999999994	Creld2
MGI:1923988	Paf1	9.939999999999998	43.4	Paf1
MGI:1923990	Efr3a	19.900000000000002	9.600000000000001	Efr3a;Kiaa0143
MGI:1923992	Snx27	8.449999999999998	60.88	Snx27;Kiaa0488
MGI:1923998	Pbrm1	9.460000000000003	30.639999999999997	Pbrm1;Pb1
MGI:1924015	Mlec	18.830000000000002	350.5900000000001	Mlec;Kiaa0152
MGI:1924034	Mtif2	7.13	117.31999999999995	Mtif2;RP23-92B18.1-002;RP23-92B18.1-003;RP23-92B18.1-006;RP23-92B18.1-005
MGI:1924045	Tbc1d9b	15.349999999999998	51.62	Tbc1d9b;Kiaa0676
MGI:1924058	Rpl18a	21.499999999999996	144.80999999999995	Rpl18a
MGI:1924059	Bri3bp	20.759999999999998	75.82	Bri3bp
MGI:1924063	Armc6	7.550000000000001	67.68000000000002	Armc6
MGI:1924074	Mtfr1l	10.15	24.140000000000004	Fam54b
MGI:1924076	Nubpl		244.27999999999994	Nubpl
MGI:1924096	Rps9	15.3	172.08999999999995	Rps9
MGI:1924113	Dcun1d5	10.109999999999998	11.42	Dcun1d5
MGI:1924140	Memo1	9.3	66.49999999999999	Memo1
MGI:1924143	Cers2	11.830000000000002	38.3	Lass2;Trh3
MGI:1924145	Bicd2	9.3	24.68	Bicd2;Kiaa0699
MGI:1924149	Golga1	7.930000000000001	34.4	Golga1
MGI:1924150	Ssbp4	15.009999999999998	14.439999999999998	Ssbp3;Last;Ssdp1;RP23-97J2.1-006;Ssbp4;mCG_23121;Ssbp2;Ssdp2;RP23-97J2.1-017
MGI:1924161	Brd1	4.539999999999999	22.65	Brd1;mKIAA4191
MGI:1924182	Arfip2	11.600000000000001	27.64	Arfip2
MGI:1924188	Rbm17	7.029999999999999	55.21	Rbm17;Spf45
MGI:1924209	Chmp5	9.400000000000002	25.09	Chmp5;Snf7dc2
MGI:1924223	Fbxo21	9.09	7.749999999999999	Fbxo21;Fbx21;Kiaa0875
MGI:1924233	Scfd1	12.329999999999998	68.25999999999999	Scfd1;Stxbp1l2
MGI:1924237	Hdhd2	8.43	137.51	Hdhd2
MGI:1924256	Ddrgk1	15.920000000000002	18.650000000000002	Ddrgk1
MGI:1924258	Ppp1r12c	7.400000000000001	82.16999999999999	Ppp1r12c;Mbs85
MGI:1924270	Atl3	7.499999999999999	44.57	Atl3
MGI:1924282	Tstd3	6.879999999999999	71.48999999999997	2610029I01Rik;RP23-38K18.2;RP23-38K18.2-001
MGI:1924284	2510039O18Rik	8.419999999999998	63.91999999999999	Kiaa2013
MGI:1924288	Arfgap2	7.610000000000002	23.79	Arfgap2;Zfp289;Znf289
MGI:1924290	Atg16l1	4.26	68.78999999999998	Atg16l1;Apg16l
MGI:1924303	Sun1	10.05	21.38	Unc84a;Sun1
MGI:1924305	Krt76		2582.800000000001	Krt76
MGI:1924311	Garre1	5.34	18.079999999999995	4931406P16Rik;mCG_17486
MGI:1924315	Ints7	6.910000000000001	36.849999999999994	Ints7
MGI:1924337	Ankrd11	6.489999999999999	33.23	Ankrd11
MGI:1924344	Adat3	3.4	83.51000000000003	Adat3
MGI:1924348	Colgalt1	17.87	91.51999999999998	Glt25d1
MGI:1924366	Mtmr2	9.439999999999998	37.93	Mtmr2;RP23-133A3.2-001;mCG_16810;mKIAA1073
MGI:1924384	Hnrnpa0	13.710000000000004	40.52	Hnrnpa0;Hnrpa0;Klhl3
MGI:1924393	Trip11	6.800000000000001	49.03	Trip11
MGI:1924407	Dpcd	10.79	7.36	Dpcd
MGI:1924483	Sir2l1	7.23	89.55000000000001	Fam118b
MGI:1924486	Sccpdh	11.64	167.26000000000005	Sccpdh
MGI:1924504	Yif1b	22.730000000000004	42.37	Yif1b
MGI:1924536	Nkrf	3.1	173.44000000000003	Nkrf;RP23-286I5.5-001;Nrf
MGI:1924555	Wdr82	6.46	43.809999999999995	Wdr82;Cdw5
MGI:1924621	Sec24a	6.47	63.29	Sec24a;RP23-79E13.2-006
MGI:1924657	Rab35	7.12	51.75	Rab35
MGI:1924730	Kidins220	11.12	19.520000000000003	C330002I19Rik;mKIAA1250;Kidins220
MGI:1924750	Ppfia1	11.169999999999998	53.31	Ppfia1
MGI:1924809	Agl	17.100000000000005	13.540000000000001	Agl
MGI:1924823	Vps33a	11.939999999999998	40.17	Vps33a
MGI:1924832	Mboat7	10.32	100.75000000000003	Mboat7;Bb1;Leng4;Oact7
MGI:1924836	Mthfd1l		273.03999999999996	Mthfd1l;Fthfsdc1
MGI:1924841	Ddx10	14.320000000000002	28.730000000000004	Ddx10
MGI:1924854	Rbm12b2		9.800000000000002	Rbm12bb;Rbm12ba;Rbm12b
MGI:1924855	H2az2	19.970000000000002	125.88	H2afv;H2av;H2afz;H2az;RP23-74L9.1-002;mCG_121516
MGI:1924876	Smpd4	8.529999999999998	36.43	Smpd4;Kiaa1418
MGI:1924894	Steep1	10.32	15.429999999999998	
MGI:1924933	Ehmt1	5.66	32.86999999999999	Ehmt1;RP23-358I10.1-001;RP23-358I10.1-002
MGI:1924971	Mrps5	12.0	137.67999999999998	Mrps5
MGI:1925016	Elp4	16.469999999999995	39.739999999999995	Elp4;Paxneb;RP23-232D1.5-003
MGI:1925031	Epm2aip1	3.9400000000000004	36.69	Epm2aip1;Kiaa0766
MGI:1925112	Thyn1	11.11	63.06000000000002	Thyn1;Thy28
MGI:1925141	Ube2s	7.410000000000001	4.57	Ube2s;E2epf
MGI:1925152	Prune1	6.02	112.55999999999999	Prune
MGI:1925177	Ccdc88a	9.260000000000002	56.279999999999994	Ccdc88a;Grdn;Kiaa1212
MGI:1925201	Cyp20a1	6.54	82.96000000000001	Cyp20a1
MGI:1925212	Scaf8	6.03	36.3	Rbm16
MGI:1925225	Tmem50b	10.359999999999998	27.8	Tmem50b
MGI:1925230	Sbf1	16.13	27.439999999999994	Sbf1;Kiaa3020;Mtmr5
MGI:1925237	Ascc3	14.130000000000004	83.03	Ascc3
MGI:1925255	Rrn3	9.92	4.59	Rrn3
MGI:1925288	Mccc2	14.96	169.44	Mccc2
MGI:1925301	Them6	13.110000000000001	57.7	
MGI:1925371	Dnajc21	9.179999999999998	25.499999999999996	Dnajc21
MGI:1925482	Trappc6b	3.8699999999999997	86.67999999999999	Trappc6b
MGI:1925496	Phf23	3.8999999999999995	6.999999999999999	Phf23;RP23-172M21.13-007
MGI:1925503	Map4k5	6.920000000000001	60.39999999999999	Map4k5
MGI:1925516	Zfp687	6.750000000000001	24.880000000000003	Znf687;Kiaa1441;Zfp687
MGI:1925544	Rps27a	10.26	11.230000000000002	Rps27a;Uba80;Ubcep1
MGI:1925554	Naa38	14.56	59.359999999999985	Lsmd1
MGI:1925638	Mvp	21.630000000000003	120.62999999999998	Mvp
MGI:1925642	Fnbp1l	10.379999999999999	49.500000000000014	Fnbp1l;Toca1
MGI:1925644	Ddx52	6.879999999999999	15.039999999999997	Ddx52;Rok1
MGI:1925678	Pym1	5.7700000000000005	84.87999999999997	Wibg;Pym
MGI:1925705	Helz	8.59	67.92000000000002	Helz;Kiaa0054;RP23-338K8.3-003
MGI:1925764	Arhgap10	15.039999999999997	17.540000000000003	Arhgap10
MGI:1925771	B230219D22Rik	5.94	4.1	
MGI:1925828	Cnih4	17.809999999999995	289.14000000000004	Cnih4
MGI:1925831	Utp23	5.58	29.14	Utp23
MGI:1925836	Srbd1		18.409999999999997	Srbd1
MGI:1925868	Acap2	6.9399999999999995	30.58	Acap2;Centb2;Kiaa0041
MGI:1925901	Lsm6	9.320000000000002	251.66000000000003	Lsm6
MGI:1925905	Eif3j1		92.16000000000001	Eif3j;Eif3s1;ENSMUSG00000043424
MGI:1925927	Rnf20	12.1	28.83	Rnf20;Bre1a;Kiaa4116;RP23-134A17.1-002
MGI:1925939	Naa35	11.31	87.16000000000001	Mak10;Egap
MGI:1925941	C030006K11Rik	11.11	77.23000000000002	
MGI:1925947	Pus7	8.12	52.959999999999994	Pus7
MGI:1925999	Filip1l	4.65	9.31	Filip1l;Doc1
MGI:1926007	Rictor	3.07	26.590000000000003	Rictor;Kiaa1999
MGI:1926014	Fbxo22	5.679999999999999	17.420000000000005	Fbxo22;Fbx22;mCG_9673
MGI:1926020	Arl14ep	3.7799999999999994	12.859999999999998	2700007P21Rik;RP23-12N7.2;RP23-12N7.2-001;mCG_22890
MGI:1926031	Zc3hav1	8.54	15.799999999999997	Zc3hav1
MGI:1926048	Eml4	6.33	186.88000000000002	Eml4
MGI:1926078	Rhot1	10.760000000000002	54.459999999999994	Rhot1;Arht1
MGI:1926080	Slc25a12	15.889999999999999	234.0399999999999	Slc25a12;Aralar1
MGI:1926081	Ncln	17.65	44.74	Ncln
MGI:1926083	Gins3	2.87	72.80999999999999	Gins3;Psf3
MGI:1926129	Arid1b	9.040000000000001	178.41000000000005	Arid1b
MGI:1926143	Cnot10	13.7	43.75999999999999	Cnot10
MGI:1926144	Aacs	10.000000000000002	141.5	Aacs
MGI:1926145	Pus7l	4.8	112.91999999999996	Pus7l
MGI:1926153	Wrnip1	9.520000000000001	15.329999999999998	Wrnip1;Whip
MGI:1926159	Mdn1	9.280000000000001	53.220000000000006	Mdn1;RP23-69G24.2-001
MGI:1926163	Ltn1	10.699999999999998	22.040000000000003	Rnf160;Kiaa0714;Zfp294;Znf294
MGI:1926170	Dlst	8.71	127.44000000000001	Dlst
MGI:1926178	Pigt	20.690000000000005	34.95	Pigt;Ndap7;RP23-140D14.4-003
MGI:1926179	Polr3h	10.949999999999998	9.610000000000001	Polr3h
MGI:1926185	Saal1	14.180000000000001	80.29	Saal1
MGI:1926187	Avl9	4.430000000000001	21.990000000000002	Avl9;Kiaa0241
MGI:1926209	Dek	8.950000000000001	39.02000000000001	Dek
MGI:1926210	Cenpk	4.74	33.7	Cenpk;Solt
MGI:1926211	Trappc4	8.309999999999999	42.459999999999994	Trappc4;Sbdn
MGI:1926212	Med12	19.93	13.98	Med12;Kiaa0192;Mopa;Tnrc11;Trap230;RP23-440J15.3-005;RP23-440J15.3-004
MGI:1926224	Rbfox1	6.349999999999999	25.439999999999998	Rbm9;Fox2;Fxh;Hrnbp2;Fox1;A2bp;A2bp1;MNCb-3035
MGI:1926227	Nup160	6.78	89.29	Nup160;Gtl1-13;Kiaa0197
MGI:1926232	Srsf7	9.729999999999999	107.63999999999999	Sfrs7
MGI:1926233	Fibp	5.700000000000001	8.340000000000002	Fibp
MGI:1926235	Stx6	9.699999999999998	12.840000000000002	Stx6
MGI:1926237	Mrps30	7.290000000000001	33.10999999999999	Mrps30
MGI:1926245	Ube2j1	8.309999999999999	14.580000000000004	Ube2j1;Ncube1;RP23-12I24.8-002;RP23-12I24.8-003
MGI:1926249	Ca5b	14.5	10.09	Ca5b;Car5b
MGI:1926252	Gipc1	10.58	57.17000000000001	Gipc1;Gipc;Rgs19ip1;Semcap1
MGI:1926259	Iigp1		140.98999999999995	Iigp1
MGI:1926263	Gbp3	18.289999999999996	347.6799999999999	Gbp4;Gbp3
MGI:1926264	Tspan6	16.66	23.529999999999998	Tspan6;Tm4sf6
MGI:1926268	Mrpl37	10.109999999999998	66.87000000000002	Mrpl37
MGI:1926269	Mrpl38	8.809999999999999	89.94	Mrpl38
MGI:1926273	Mrpl12	10.820000000000002	69.89	Mrpl12;Rpml12
MGI:1926274	Mrpl19	9.55	45.910000000000004	Mrpl19
MGI:1926334	Ppp2r1a	15.069999999999999	50.35999999999999	Ppp2r1a
MGI:1926395	Wtap	2.9499999999999997	36.769999999999996	Wtap
MGI:1926421	Tcerg1	8.309999999999999	85.08	Tcerg1;Taf2s
MGI:1926424	Nelfcd	10.570000000000002	28.72	Th1l;RP23-59M10.1-002;Nelfd;Th1
MGI:1926465	Hnrnpm	12.710000000000003	151.76999999999995	Hnrnpm;Hnrpm;RP24-225N8.1-003;RP24-225N8.1-004
MGI:1926788	Apip	10.440000000000001	82.08999999999999	Apip;Mmrp19
MGI:1926790	Fzr1	8.520000000000001	6.21	Fzr1;Fyr;Fzr
MGI:1926884	Huwe1	18.45	21.200000000000003	Huwe1;Kiaa0312;Ureb1
MGI:1926953	Ctdp1	6.65	36.05	Ctdp1;Fcp1
MGI:1926966	Eif3c	17.789999999999996	47.22999999999999	Eif3c;Eif3s8
MGI:1926967	Hsd17b12	18.51	81.35999999999999	Hsd17b12;Kik1
MGI:1927073	Slc29a1	13.110000000000001	9.009999999999998	Slc29a1;Ent1
MGI:1927086	Ube4b	13.0	12.278762152595027	Ube4b;RP23-173D8.1-003
MGI:1927099	Rplp1	27.910000000000004	107.36000000000001	Rplp1
MGI:1927110	Tmem131	17.049999999999997	33.64999999999999	Tmem131;D1Bwg0491e;Kiaa0257;Rw1
MGI:1927133	Gmfb	9.269999999999998	105.67999999999998	Gmfb
MGI:1927136	Arl6	8.380000000000003	59.13999999999999	Arl6
MGI:1927140	Git1	10.34	57.31999999999999	Git1
MGI:1927152	Syne1	8.979999999999999	71.97000000000001	Syne1
MGI:1927155	Clptm1	23.720000000000002	14.950000000000001	Clptm1;N14
MGI:1927167	Morf4l2		2.05	Morf4l2;Kiaa0026;Sid393;RP23-197O15.4-007;RP23-197O15.4-006;RP23-197O15.4-009
MGI:1927168	Dusp14	4.59	6.39	Dusp14;Mkp6
MGI:1927170	Afg2a	5.66	26.110000000000003	Spata5;Spaf;SPAF
MGI:1927185	Chp1	21.11	33.36	Chp;Sid470;RP23-22A15.1;RP23-22A15.1-002
MGI:1927186	Nt5c3	6.200000000000001	25.420000000000005	Nt5c3
MGI:1927197	Shoc2	7.23	53.34	Shoc2
MGI:1927204	Gosr2	9.520000000000001	26.5	Gosr2;Gs27;RP23-272P17.5-002;mCG_19158
MGI:1927222	Diaph3	10.73	7.069999999999999	Diaph3;Diap3
MGI:1927224	Yeats4	5.02	42.419999999999995	Yeats4
MGI:1927230	Trio	5.789999999999999	26.060000000000002	Trio
MGI:1927232	Rab13	9.92	18.810000000000002	Rab13
MGI:1927234	Suclg1	12.990000000000002	84.45000000000002	Suclg1
MGI:1927241	Wdr12	12.85	61.30999999999999	Wdr12;MNCb-5414
MGI:1927243	Rala	16.060000000000002	40.39	Rala;Ral;Ral-a
MGI:1927244	Ralb	9.45	44.07999999999999	Ralb
MGI:1927246	Zfp326	9.379999999999999	72.06	Znf326;Zan75;Zfp326
MGI:1927339	Pals1	3.0500000000000003	32.36999999999999	Mpp5;Pals1
MGI:1927340	Pals2	9.15	30.240000000000002	Mpp6;Dlgh4;Pals2
MGI:1927347	Smarce1	11.459999999999999	28.6	Smarce1;Baf57
MGI:1927468	Samhd1	18.400000000000002	115.82	Samhd1;Mg11
MGI:1927470	Spag5	7.109999999999999	6.78	Spag5
MGI:1927479	Sap30bp	6.93	34.00999999999999	Sap30bp;Hcngp
MGI:1927489	Pdlim5	8.340000000000002	35.60000000000001	Pdlim5;Enh
MGI:1927542	Pitpnb	11.839999999999998	49.250772582772754	Pitpnb
MGI:1927550	Ykt6	10.189999999999998	53.73	Ykt6
MGI:1927558	Atp5mf	11.830000000000002	153.62999999999994	Atp5j2
MGI:1927580	Bloc1s6	9.330000000000002	109.36000000000004	Pldn;P2;Pa
MGI:1927593	Ptges	9.040000000000001	99.78999999999999	Ptges;Pges;RP23-221O14.6-002
MGI:1927616	Trps1	4.13	19.82	Trps1;mCG_20645
MGI:1927617	Dhx38	12.219999999999999	28.259999999999998	Dhx38
MGI:1927636	Rplp0	25.74	111.05999999999996	Rplp0;Arbp
MGI:1927654	Scoc		9.819999999999999	Scoc;Scoco
MGI:1927868	Pex14	11.559999999999999	61.92	Pex14
MGI:1927947	Selenof	18.45	24.169999999999998	Sep15
MGI:1928097	Tspan4	13.440000000000001	7.4799999999999995	Tspan4;Tm4sf7
MGI:1928137	Mrps22	6.980000000000001	113.88000000000004	Mrps22;Rpms22
MGI:1928138	Mrps23	6.54	75.78999999999999	Mrps23;RP23-199A2.5-002;mCG_7673;RP23-199A2.5-003;RP23-199A2.5-004;RP23-199A2.5-005
MGI:1928139	Mrps10	5.16	80.50999999999999	Mrps10
MGI:1928140	Mrps25	10.09	91.84000000000003	Mrps25;Rpms25
MGI:1928141	Mrps14	15.329999999999998	78.46999999999998	Mrps14
MGI:1928142	Mrps24	15.160000000000002	87.07999999999997	Mrps24
MGI:1928277	Afg3l1	14.91	32.21999999999999	Afg3l1
MGI:1928323	Nisch	14.480000000000002	6.45	Nisch;Kiaa0975
MGI:1928344	Vps29	9.290000000000001	135.21000000000004	Vps29
MGI:1928368	Nmi	8.8	158.95	Nmi
MGI:1928370	Rhog	5.679999999999999	70.5	Rhog;Arhg;Sid10750
MGI:1928373	Dnajc7	9.669999999999998	16.97	Dnajc7;Ttc2;RP23-390D17.1-010
MGI:1928375	Arpc3	13.2	65.21	Arpc3
MGI:1928376	Ptpn9	11.63	82.69	Ptpn9
MGI:1928379	Get3	12.250000000000002	59.06	Asna1;Arsa
MGI:1928393	Arl2	7.6899999999999995	143.98000000000005	Arl2
MGI:1928394	Mtor	15.74	37.35000000000001	Frap1;Frap;RP23-423L9.1-001
MGI:1928395	Snx1	11.510000000000002	81.28	Snx1
MGI:1928396	Pdcd10	6.260000000000001	47.36000000000001	Pdcd10;Tfar15
MGI:1928401	Clip1	10.450000000000001	60.89000000000002	Clip1;Kiaa4046;Rsn
MGI:1928469	Trip4	13.530000000000003	32.040000000000006	Trip4
MGI:1928477	Cnpy2	12.1	108.22999999999998	Cnpy2;Msap;Tmem4;Zsig9
MGI:1928481	Lgals8	8.839999999999998	7.069999999999999	Lgals8
MGI:1928482	Mbnl1	8.809999999999999	44.50000000000001	Mbnl1;mKIAA0428;Exp;Mbnl;mCG_19416
MGI:1928483	Stx5a	5.690000000000001	26.979999999999997	Stx5;Stx5a
MGI:1928484	Nudt3	10.640000000000002	75.19000000000003	Nudt3;Dipp;Dipp1;RP23-189L19.1-003
MGI:1928487	Stk3	8.32	25.550000000000004	Stk3;Mess1;Mst2
MGI:1928488	Akap8	6.7700000000000005	47.56	Akap8;Akap95
MGI:1928676	Htra2	8.469999999999999	103.86999999999999	Htra2;Omi;Prss25
MGI:1928738	Slc25a20	12.990000000000002	363.77999999999986	Slc25a20;Cac
MGI:1928740	Fads3	14.079999999999998	7.6499999999999995	Fads3;MNCb-0629
MGI:1928741	Ranbp9	7.1000000000000005	34.29	Ranbp9;Ranbpm
MGI:1928744	Vapb	21.319999999999997	94.93999999999997	Vapb
MGI:1928750	Rab2a	11.61	64.44000000000003	Rab2a;Rab2
MGI:1928753	Pfdn5	11.85	42.07000000000001	Pfdn5;Eig1;Mm1;Pfd5
MGI:1928760	Ruvbl1	14.580000000000004	118.68000000000005	Ruvbl1;Tip49;Tip49a
MGI:1928858	Krt81		100.32000000000002	Krt85;Krt2-18;Krthb5;Krt83;Kb25;Krt2-25;Krt86;Krt2-10;Krthb6;Krt81;Krt2-19;5430421N21Rik
MGI:1928894	Rpl35a		109.73	Rpl35a
MGI:1928895	Isg20	9.320000000000002	25.570000000000004	Isg20
MGI:1928896	Arpc1a	12.4	22.030000000000005	Arpc1a;Sid329
MGI:1928898	Usp14	13.48	43.99999999999999	Usp14
MGI:1928899	Tacc2		31.379999999999995	Tacc2;MNCb-3527
MGI:1928902	Cnot9	7.930000000000001	79.43000000000002	Rqcd1;Rcd1
MGI:1928939	Acot9	11.789999999999997	666.0000000000001	Acot9;Acate2;Acot10
MGI:1928940	Acot10	11.789999999999997	666.0000000000001	Acot9;Acate2;Acot10
MGI:1929004	Stk4	7.04	18.55	Stk4;Mst1
MGI:1929008	Copz2	10.609999999999998	159.21	Copz2
MGI:1929022	Polr1e	13.460000000000003	37.61	Polr1e;Paf53;Praf1;RP23-218A4.4-005
MGI:1929063	Copz1	13.25	52.36000000000001	Copz1;Copz
MGI:1929092	Rbm14	10.9	199.34	Rbm14;p16
MGI:1929095	Uso1	11.53	164.08000000000007	Uso1;Vdp
MGI:1929100	Stam2	13.9	27.570000000000004	Stam2;Hbp
MGI:1929129	Sap30	5.97	10.699999999999998	Sap30
MGI:1929183	Tsc1	5.679999999999999	52.300000000000004	Tsc1;Kiaa0243
MGI:1929212	Ap3m1	10.56	225.61999999999995	Ap3m1
MGI:1929215	Vps41	18.620000000000005	22.900000000000002	Vps41
MGI:1929230	Bloc1s4	5.260000000000001	78.63999999999997	Cno
MGI:1929237	Pus1	5.870000000000001	38.17000000000001	Pus1;MNCb-0873
MGI:1929242	Ivd	13.91	223.6	Ivd
MGI:1929253	Gltp	12.789999999999997	40.28000000000001	Gltp
MGI:1929260	Mtch2	15.95	289.50000000000006	Mtch2;RP23-147D3.1-003
MGI:1929264	Sae1	9.47	69.79000000000003	Sae1;Aos1;Sua1;Ubl1a1;Uble1a
MGI:1929266	Snd1	22.090000000000003	62.319999999999986	Snd1
MGI:1929269	Tmed2	13.679999999999998	57.300000000000004	Tmed2;Rnp24;Sid394
MGI:1929270	Dstn	11.600000000000001	59.42000000000002	Dstn;Dsn;Sid23
MGI:1929274	1110004F10Rik	10.590000000000002	36.7	Smap;Sid2057
MGI:1929278	Tmem59	15.219999999999999	3.66	Tmem59;ORF18;Tdcf1
MGI:1929282	Ptges3	9.689999999999998	119.45999999999994	Ptges3;Sid3177;Tebp
MGI:1929285	Orc6	5.62	4.07	Orc6l;Orc6
MGI:1929286	Amotl2	3.79	12.580000000000002	Amotl2;RP24-221A14.1-002;RP24-221A14.1-007;RP24-221A14.1-006;RP24-221A14.1-010;RP24-221A14.1-008
MGI:1929289	Adrm1	7.12	36.879999999999995	Adrm1;Gp110
MGI:1929455	Rpl23	9.630000000000003	130.24999999999997	Rpl23
MGI:1929459	Rabgef1	3.5699999999999994	24.7	Rabgef1;Rabex5
MGI:1929464	Sec11a	10.659999999999998	98.20999999999998	Sec11a;Sec11l1;Sid2895;Spc18
MGI:1929467	Lamtor3	5.21	211.45000000000005	Mapksp1;Map2k1ip1;Mapbp
MGI:1929468	Txn2	13.070000000000004	50.17	Txn2
MGI:1929472	Uqcc1	6.66	60.46000000000002	Uqcc;Bfzb;RP23-380B10.2-012;RP23-380B10.2-009;RP23-380B10.2-011;RP23-380B10.2-010;RP23-380B10.2-013
MGI:1929485	Nif3l1	7.33	179.3199999999999	Nif3l1
MGI:1929492	Atl2	5.690000000000001	13.83	Atl2;Arl6ip2
MGI:1929494	Arhgap35	13.369999999999996	45.08	Grlf1;Kiaa1722
MGI:1929501	Arl6ip5	9.08	53.44	Arl6ip5;Aip5;Jwa;Pra2;Praf3
MGI:1929520	Eef1b2	19.059999999999995	96.79000000000003	Eef1b;Eef1b2
MGI:1929538	Dap3	21.97	29.639999999999997	Dap3;Mrps29
MGI:1929608	Aatf	9.339999999999998	42.29999999999999	Aatf;Che1;Trb
MGI:1929619	Nxt1	3.8699999999999997	48.61999999999999	Nxt1
MGI:1929648	Med20	5.07	59.78	Med20;Trfp
MGI:1929658	Tbk1	4.75	11.180000000000001	Tbk1
MGI:1929699	Arl3	17.28	108.11000000000001	Arl3
MGI:1929701	Metap2	21.66	29.130000000000006	Metap2;Mnpep;P67eif2
MGI:1929705	Xpo7		117.96999999999998	Xpo7;Kiaa0745;Ranbp16
MGI:1929711	Anapc7	10.620000000000001	23.030000000000005	Anapc7;Apc7
MGI:1929721	Rrs1	4.67	33.290000000000006	Rrs1;Rrr;MNCb-2643
MGI:1929722	Anapc5	20.72	54.92999999999998	Anapc5;MNCb-2778
MGI:1929742	Timm22	12.550000000000002	14.339999999999998	Timm22;Tim22
MGI:1929763	Cdc42ep1	4.86	18.129999999999995	Cdc42ep1;Borg5;Cep1
MGI:1929864	Myg1	8.830000000000002	119.98	Myg1
MGI:1929865	Nampt	16.89	117.17999999999999	Nampt;Pbef1
MGI:1929872	Mogs	7.91	203.82000000000008	Mogs;Gcs1
MGI:1929895	Clstn1	21.4	6.45	Clstn1;Cs1;Cstn1;Kiaa0911
MGI:1929899	Sqor	14.760000000000002	10.549999999999999	Sqrdl
MGI:1929955	Akr1a1	16.330000000000002	98.01000000000002	Akr1a1;Akr1a4;RP23-177C18.1-003
MGI:1930075	Tfip11	8.32	19.499999999999996	Tfip11;Stip;Tip39
MGI:1930076	Rps6ka4	11.410000000000002	29.379999999999995	Rps6ka4;Msk2
MGI:1930079	Fads2	12.639999999999999	9.62	Fads2;Fadsd2
MGI:1930089	Mcm3ap	13.0	17.12	Mcm3ap
MGI:1930140	Wdr6	14.620000000000003	10.549999999999999	Wdr6
MGI:1930187	Maged1	16.350000000000005	2.25	Maged1;Nrage;mFLJ00163
MGI:1930188	Mrps34	9.829999999999998	174.1500000000001	Mrps34;Tce2
MGI:1930197	Ncapg	11.250000000000002	43.32999999999999	Ncapg
MGI:1930628	Hgh1	6.160000000000001	35.11	Brp16;MNCb-5873
MGI:1930666	Higd1a	10.26	21.430000000000003	Higd1a;Hig1;mCG_50003
MGI:1930715	Ube2d2a	8.26	40.330000000000005	Ube2d2;Ubc4
MGI:1930780	Myh10	20.24	64.25999999999999	Myh10;RP23-396M19.2-008;RP23-396M19.2-002
MGI:1930842	Ankrd49	2.7	48.91	Ankrd49;Fgif;Gbif
MGI:1930849	Sh3bgrl	13.590000000000002	56.800000000000004	Sh3bgrl
MGI:1930948	Gar1	5.870000000000001	72.47000000000001	Gar1;Nola1
MGI:1931010	Acp6	12.67	101.11000000000004	Acp6;Acpl1;Lpap
MGI:1931013	Abhd1	7.7	19.149999999999995	Abhd1;Labh1
MGI:1931027	Stx12	7.499999999999999	40.70000000000001	Stx12
MGI:1931028	Recql4	5.96	15.339999999999998	Recql4;Recq4
MGI:1931029	Golga7	7.38	15.489999999999998	Golga7;MNCb-1213
MGI:1931035	Nelfb	10.869999999999997	96.18999999999997	Cobra1;Nelfb;MNCb-5210;mKIAA1182
MGI:1931051	Noc2l		83.08000000000003	Noc2l
MGI:1931071	Sec61a2	6.93	51.43000000000001	Sec61a2
MGI:1931144	Parva	20.96	13.110000000000001	Parva;Actp;MNCb-0301
MGI:1931148	Nme4	14.600000000000001	152.53	Nme4
MGI:1931322	Ca13	12.85	90.74	Ca13;Car13
MGI:1931352	Slc43a1		8.49	Slc43a1;RP23-399J8.7-003;RP23-399J8.7-004
MGI:1931520	Dbr1	4.27	56.53000000000001	Dbr1
MGI:1931523	H1f1		85.82999999999997	Hist1h1a;H1f1
MGI:1931526	H1f2	3.85	56.98000000000002	Hist1h1c;H1f2
MGI:1931527	H1f4		72.78	Hist1h1e;H1f4
MGI:1931744	Uck2	6.299999999999999	8.88	Uck2;Umpk
MGI:1931749	Pum1	4.89	23.55	Pum1;Kiaa0099
MGI:1931751	Pum2	5.789999999999999	22.589999999999996	Pum2;Kiaa0235
MGI:1931787	Scyl1	10.979999999999999	47.94	Scyl1
MGI:1931797	Ckap2	6.87	7.26	Ckap2
MGI:1931834	Nckipsd	7.440000000000001	18.42	Nckipsd;Spin90;Wasbp
MGI:1931838	Dbn1	13.33	361.3500000000001	Dbn1;Drba
MGI:1931871	Wdr46	9.969999999999999	19.259999999999998	Wdr46;Bing4
MGI:1931874	Dnajb1	5.39	45.38	Dnajb1;Hsp40;Hspf1
MGI:1931881	Dnajb12	6.41	13.279999999999998	Dnajb12;mCG_11302
MGI:1931882	Dnaja2	11.510000000000002	28.940000000000005	Dnaja2
MGI:1932075	Agpat1	14.2	68.52999999999997	Agpat1
MGI:1932101	Ankrd17	7.490000000000002	15.410000000000002	Ankrd17;Foe;Gtar;Kiaa0697
MGI:1932115	Papolb	13.720000000000002	34.67999999999999	Papola;Pap;Plap;Papolb;Papt;Tpap
MGI:1932139	Oga	8.48	39.42	Mgea5;Hexc;Kiaa0679
MGI:1932339	Sf3b1	12.840000000000002	23.79	Sf3b1;Sap155
MGI:1932395	Rrbp1	16.25	61.80000000000002	Rrbp1;RP23-77A2.2-002
MGI:1932404	Phip	5.539999999999999	15.98	Phip;Ndrp;Wdr11
MGI:1932557	Letm1	20.61	154.95000000000002	Letm1
MGI:1932610	Noc3l	9.169999999999998	46.2	Noc3l;Ad24;Fad24
MGI:1932622	Cstf2t	4.78	15.050000000000004	Cstf2t;Kiaa0689
MGI:1932697	Lamtor2	14.530000000000001	107.62999999999997	Robld3;Mapbpip
MGI:1933105	Ublcp1	6.9	48.49999999999999	Ublcp1
MGI:1933107	Cptp	8.77	34.21	Gltpd1
MGI:1933111	Apobec3	10.609999999999998	75.97000000000001	Apobec3
MGI:1933114	Bcl9l	8.12	10.49	Bcl9l;B9l
MGI:1933126	Cdk5rap3	11.03	73.38999999999997	Cdk5rap3
MGI:1933134	Tusc3	17.219999999999995	43.790000000000006	Tusc3
MGI:1933137	Cttnbp2nl	4.38	32.71999999999999	Cttnbp2nl;Kiaa1433
MGI:1933141	Smim12	6.669999999999999	42.71	BC003266;mCG_10900
MGI:1933158	Impa1	10.970000000000002	122.22000000000006	Impa1
MGI:1933159	Rnf114	5.47	20.28	Rnf114;Zfp228;Zfp313;Znf228;Znf313
MGI:1933162	Lrba	18.39	46.09000000000001	Lrba;Lba
MGI:1933169	Sacm1l	8.289999999999997	86.44000000000001	Sacm1l;Kiaa0851;Sac1
MGI:1933181	Eif3d	9.74	24.340000000000003	Eif3d;Eif3s7
MGI:1933184	Nop58	8.2	117.47	Nop58;Nol5
MGI:1933185	Ctps2		125.87000000000003	Ctps2
MGI:1933204	Rbm5	4.21	14.219999999999997	Rbm5;Luca15
MGI:1933213	Dpp7	7.880000000000002	151.15000000000006	Dpp7;Dpp2;Qpp;RP23-47P18.2-001;mCG_20304
MGI:1933277	Gtf2a1	5.06	45.92000000000001	Gtf2a1
MGI:1933289	Gtf2a2	6.150000000000001	53.839999999999996	Gtf2a2;mCG_2938
MGI:1933378	Pole3	7.740000000000002	28.9	Pole3
MGI:1933382	Ifitm2	17.58	12.35	Ifitm2
MGI:1933391	Maged2	18.75	15.180000000000001	Maged2;RP23-448K19.1-006
MGI:1933403	Erap1	18.73	127.78	Erap1;Appils;Arts1;mCG_15004
MGI:1933527	Srrt	12.0	145.54999999999998	Srrt;Ars2;Asr2
MGI:1933532	Slc12a9	12.559999999999999	50.45000000000001	Slc12a9;Cip1;Slc12a8
MGI:1933621	Smarcd2	8.690000000000001	49.84000000000001	Smarcd2;RP23-418O11.4-001;Baf60b
MGI:1933623	Smarcd1	6.52	15.249999999999998	Smarcd1;Baf60a;D15Kz1
MGI:1933754	Nedd4l	12.67	86.89999999999999	Nedd4l;Kiaa0439;Nedd4b
MGI:1933786	Dnaja3	10.24	25.399999999999995	Dnaja3;Tid1
MGI:1933972	Tra2a	5.73	44.14999999999999	Tra2a
MGI:1933973	Rbfox2	6.349999999999999	25.439999999999998	Rbm9;Fox2;Fxh;Hrnbp2;Fox1;A2bp;A2bp1;MNCb-3035
MGI:1934029	Usp8	14.920000000000002	18.25	Usp8;RP23-130L11.1-002;Kiaa0055;Ubpy
MGI:1934031	Pi4k2a	6.950000000000001	25.890000000000004	Pi4k2a
MGI:1934229	Setdb1	7.319999999999999	17.67	Setdb1;Eset;Kiaa0067
MGI:1934234	Pip4k2b	8.839999999999998	62.799999999999976	Pip4k2b;Pip5k2b
MGI:1934604	Lias	8.159999999999998	21.160000000000004	Lias;Lip1
MGI:1934606	Alms1	8.54	31.530000000000005	Alms1;Kiaa0328
MGI:1934754	Kars1	15.780000000000003	163.47999999999993	Kars
MGI:1934835	Ube2n		114.44000000000004	Ube2n;Blu
MGI:1934860	Lztfl1	7.430000000000001	62.049999999999976	Lztfl1
MGI:1934950	Csnk1a1	6.9399999999999995	22.18	Csnk1a1
MGI:1935127	Smarca1		119.91999999999997	Smarca1;Snf2l;RP23-274H16.1-003;RP23-274H16.1-004
MGI:1935129	Smarca5	10.640000000000002	56.95000000000002	Smarca5;Snf2h
MGI:1935147	Arid1a	5.24	34.21	Arid1a;RP23-463N9.3-001;RP23-463N9.3-003
MGI:1935159	Hspe1-rs1	11.989999999999998	152.93	Hspe1;Hspe1-rs1;Cpn10-rs1
MGI:1935201	Pcdhgc3	21.339999999999996	4.85	Pcdhgc3
MGI:2135593	Hadha	22.54	114.95999999999998	Hadha
MGI:2135601	Slc1a4	6.05	32.5	Slc1a4;Asct1
MGI:2135608	Pard3	10.440000000000001	61.80000000000002	Pard3;Par3
MGI:2135610	Dync1li1	7.050000000000001	90.75000000000003	Dync1li1;Dncli1;Dnclic1
MGI:2135625	Glrx	9.3	143.37999999999997	Glrx;Glrx1;Grx;Grx1
MGI:2135637	Park7	16.66	186.2	Park7;RP23-272N19.5-001;RP23-272N19.5-004;RP23-272N19.5-005
MGI:2135756	Hspb8	10.24	22.06	Hspb8;Cryac;Hsp22
MGI:2135796	Chrac1	7.059999999999999	23.869999999999997	Chrac1
MGI:2135960	Slc12a6	8.990000000000002	10.8	Slc12a4;Kcc1;Slc12a6;Kcc3;RP23-208E23.1-003;RP23-208E23.1-004;mCG_20782
MGI:2135962	Gorasp2	12.67	94.05000000000003	Gorasp2;RP23-428O15.1-003;mCG_12970;RP23-428O15.1-006
MGI:2136381	Hadhb		212.56000000000003	Hadhb
MGI:2136405	Glce	6.82	14.5	Glce;mCG_10174
MGI:2136459	Cdc42bpb	15.24	31.589999999999993	Cdc42bpb;Kiaa1124
MGI:2136460	Echs1	8.419999999999998	333.9499999999999	Echs1
MGI:2136689	Ddx49	9.680000000000001	12.389999999999999	Ddx49
MGI:2136772	Vps16	7.490000000000002	63.78999999999997	Vps16
MGI:2136773	Cwc22	4.03	13.349999999999998	Cwc22;Ncm;RP23-65N20.1;BC003993;RP23-65N20.1-007;mCG_12441;OTTMUSG00000013393;RP23-141N19.10-001;RP23-141N19.11-001;RP23-141N19.12-001;RP23-141N19.6-001;RP23-141N19.7-001;RP23-141N19.9-001;OTTMUSG00000013391;RP23-141N19.8-001;RP23-65N20.1-012
MGI:2136841	Morc3	4.84	16.069999999999997	Morc3
MGI:2136882	Get1	9.55	62.16999999999998	Wrb
MGI:2136959	Bcl2l13	13.419999999999998	125.99000000000004	Bcl2l13;Mil1
MGI:2137092	Eefsec	13.790000000000003	80.90000000000002	Eefsec;Selb
MGI:2137202	Mrpl1	10.989999999999998	56.26000000000001	Mrpl1
MGI:2137204	Mrpl3	9.000000000000002	52.62999999999999	Mrpl3
MGI:2137210	Mrpl4	13.149999999999999	57.1	Mrpl4;MNCb-3848
MGI:2137211	Mrpl9	7.7	34.650000000000006	Mrpl9
MGI:2137215	Mrpl11	7.58	29.55	Mrpl11
MGI:2137218	Mrpl13	10.880000000000003	28.810000000000002	Mrpl13
MGI:2137219	Mrpl16	6.920000000000001	19.120000000000005	Mrpl16
MGI:2137221	Mrpl20	9.379999999999999	51.27	Mrpl20
MGI:2137224	Mrpl27	7.17	64.36	Mrpl27
MGI:2137225	Mrpl33	7.950000000000001	8.27	Mrpl33
MGI:2137226	Mrpl32	6.39	32.46	Mrpl32;Heg1
MGI:2137227	Mrpl34	10.33	51.17000000000001	Mrpl34
MGI:2137229	Mrpl43	6.53	97.31	Mrpl43;mCG_16934
MGI:2137336	Baiap2	6.0	20.759999999999998	Baiap2;RP23-390H16.1-005;mCG_15032
MGI:2137356	Trim16	5.739999999999999	47.72	Trim16;Ebbp;Fbxw10;RP23-428I5.1-004
MGI:2137357	Trim33	6.06	30.74	Trim33;Kiaa1113
MGI:2137379	Med15	9.64	10.749999999999998	Med15;Pcqap;mFLJ00386;mCG_131830
MGI:2137520	Twsg1	14.36	8.19	Twsg1;Tsg
MGI:2137624	Pom121	6.42	84.14999999999996	Pom121;Nup121
MGI:2137642	Snx18	3.98	44.54999999999999	Snx18;Snag1
MGI:2137648	Ifi30	8.89	463.27	Ifi30
MGI:2137670	Ybx3	13.694159338929861	13.776109755660336	Csda;Msy4;Ybx3
MGI:2137677	Sfxn1	8.619999999999997	370.1999999999998	Sfxn1;F
MGI:2137679	Sfxn3	9.23	826.6400000000003	Sfxn3
MGI:2137698	Ugt1a6a	24.389999999999997	108.81000000000002	Ugt1a6;Ugt1;Ugt1a6a;Ugt1a6b;mCG_14318
MGI:2137706	Actn1	13.77	84.24999999999997	Actn1
MGI:2137738	Prcc	6.980000000000001	12.559999999999999	Prcc;mCG_3086
MGI:2138080	Utp25	7.02	67.33999999999997	Def
MGI:2138133	Lrrc59	18.129999999999995	70.41	Lrrc59;AA959742
MGI:2138153	Txndc9	9.57	7.34	Txndc9;Apacd
MGI:2138261	Smap1	11.060000000000002	71.53000000000002	Smap1
MGI:2138281	Lbr	8.419999999999998	65.27999999999997	Lbr
MGI:2138297	Sh3bp4	5.02	10.73	Sh3bp4
MGI:2138299	AI597479	4.08	18.009999999999998	
MGI:2138383	Gtf3c3	7.390000000000001	9.630000000000003	Gtf3c3;AL022818
MGI:2138584	Gigyf2	7.4799999999999995	24.200000000000003	Gigyf2;Kiaa0642;Perq2;Tnrc15
MGI:2138605	Rabif	4.98	105.70999999999998	Rabif
MGI:2138628	Obsl1	14.229999999999999	129.02	Obsl1;AW822216;mKIAA0657
MGI:2138741	Hnrnpf	9.16	38.540000000000006	Hnrnpf;Hnrpf
MGI:2138811	Cdc123	11.59	36.05	Cdc123
MGI:2138828	Eps8l2	12.69	64.44000000000003	Eps8l2;Eps8r2
MGI:2138915	Myl9	11.1	33.720000000000006	Myl9;Myrl2
MGI:2138937	Gtf3c4	4.53	33.290000000000006	Gtf3c4
MGI:2138939	Nat10	10.09	155.34	Nat10;Kiaa1709
MGI:2138982	Znfx1	5.75	70.38000000000002	Znfx1;RP23-19L12.5-001;mCG_14615;RP23-19L12.5-004
MGI:2138993	Lpcat4	8.969999999999999	24.24	Lpcat4;Agpat7;Aytl3
MGI:2139044	C130057N11Rik	14.920000000000002	37.86999999999999	Raly;Merc;C130057N11Rik;RP23-480H10.2-003;RP23-480H10.2-004;RP23-480H10.2-006;RP23-480H10.2-007
MGI:2139135	Anapc2	11.78	22.74	Anapc2;RP23-132N23.17-001
MGI:2139152	AU015228	4.999999999999999	31.379999999999995	Gtf2e1;AU015228
MGI:2139207	Sec16a	11.289999999999997	44.36000000000001	Sec16a;RP23-306D20.10-001;AU024582;mKIAA0310;RP23-306D20.10-002
MGI:2139220	Tm9sf4	11.58	42.77	Tm9sf4;Kiaa0255
MGI:2139354	Arfgef2	13.629999999999999	67.56999999999998	Arfgef2;RP23-216D20.2-001;mCG_14609
MGI:2139395	Golga2	13.030000000000001	20.61	Golga2;RP23-161B9.7-007;RP23-161B9.7-001;mCG_141173
MGI:2139469	Fastkd5	3.26	68.69000000000001	Fastkd5;Kiaa1792
MGI:2139530	Rabepk	14.880000000000004	39.95	Rabepk;RP23-446N16.2-006;RP23-446N16.2-002
MGI:2139714	Adgrl2	8.449999999999998	14.769999999999998	Lphn2;Kiaa0786
MGI:2139740	Ppm1l	9.339999999999998	16.719999999999995	Ppm1l;Kiaa4175
MGI:2139764	Sec24b	6.669999999999999	59.94000000000002	Sec24b
MGI:2139793	Cept1	7.490000000000002	46.17	Cept1
MGI:2139806	Spart	6.17	33.54	Spg20;Kiaa0610
MGI:2139971	Prmt6	5.260000000000001	46.92000000000001	Prmt6;Hrmt1l6
MGI:2140050	Ints3	18.600000000000005	20.930000000000003	Ints3
MGI:2140076	Isg20l2	3.8400000000000003	21.01	Isg20l2
MGI:2140103	Nmd3	5.49	13.470000000000002	Nmd3
MGI:2140113	H4c14		104.65000000000003	Hist1h4a;Hist1h4b;H4-53;Hist1h4c;H4-12;Hist1h4d;Hist1h4f;Hist1h4h;Hist1h4i;Hist1h4j;Hist1h4k;Hist1h4m;Hist2h4a;Hist2h4;Hist4h4
MGI:2140151	Nol6	13.61	33.64	Nol6
MGI:2140175	Ldlrap1	6.08	18.99	Ldlrap1;Arh
MGI:2140220	Ecpas	14.880000000000004	68.13	AI314180;RP23-211P15.1;RP23-211P15.1-001;Ecm29;Kiaa0368
MGI:2140327	Phactr4	4.87	30.320000000000007	Phactr4;Kiaa4120
MGI:2140356	H6pd	9.9	76.31000000000003	H6pd;RP23-169H13.3-001;RP23-169H13.3-002
MGI:2140466	AU022252	8.169999999999998	27.77	AU022252;230696;RP23-344D2.9;RP23-344D2.9-002;mCG_6295
MGI:2140494	Ppp1r8	5.11	55.39999999999999	Ppp1r8;Nipp1;RP23-464L12.2-005
MGI:2140651	Nhsl3	7.269999999999999	3.53	Kiaa1522
MGI:2140680	A430005L14Rik	5.01	34.00000000000001	
MGI:2140779	Sdad1	5.94	12.57	Sdad1
MGI:2140839	Lrrc8c	4.44	26.569999999999997	Lrrc8c;Ad158
MGI:2140843	Noc4l	12.98	26.879999999999992	Noc4l
MGI:2140844	Nsun5	5.3	17.74	Nsun5;Wbscr20;Wbscr20a
MGI:2140940	Acacb		64.25999999999999	Acacb
MGI:2140945	Pds5b	13.4	82.82000000000001	Pds5b;Aprin;As3;Kiaa0979
MGI:2140967	Mapre3	8.76	55.83	Mapre3
MGI:2140991	Usp30	7.26	57.54000000000001	Usp30
MGI:2140998	Ube3c	14.020000000000001	29.94	Ube3c;Kiaa0010
MGI:2141070	Ccz1	11.569999999999999	5.27	
MGI:2141135	Hscb	9.3	691.8399999999999	Hscb;Hsc20
MGI:2141161	Tyw1	15.679999999999998	10.179999999999998	Tyw1;Rsafd1
MGI:2141180	Glmn	6.879999999999999	61.40999999999998	Glmn;Fap48
MGI:2141207	Kctd10	8.529999999999998	4.22	Kctd10
MGI:2141291	Bud31		13.98	Bud31
MGI:2141599	Tsen2	8.23	40.27000000000001	Tsen2;Sen2
MGI:2141625	Nup205	13.419999999999998	55.58999999999998	Nup205
MGI:2141656	Gcfc2	3.5999999999999996	25.430000000000003	Tcf9
MGI:2141669	Eogt	7.989999999999999	62.64000000000003	Aer61
MGI:2141813	Dhx32	11.410000000000002	88.38000000000001	Dhx32;Ddx32
MGI:2141861	Ap2s1	15.470000000000004	107.26	Ap2s1;Ap17;Claps2
MGI:2141866	Ric8a	10.979999999999999	28.730000000000004	Ric8a;Ric8
MGI:2141867	Inpp5f	5.66	37.970000000000006	Inpp5f;Kiaa0966;Sac2
MGI:2141969	Efl1	9.689999999999998	170.92000000000002	Eftud1
MGI:2141980	Scaf1	10.440000000000001	29.35	Scaf1;Sfrs19
MGI:2141989	Grwd1	6.89	59.38	Grwd1;A301
MGI:2142037	Alkbh6	8.699999999999998	27.050000000000004	Alkbh6
MGI:2142048	Rnf40	8.91	38.18	Rnf40;Bre1b;Kiaa0661
MGI:2142116	Psip1	14.580000000000004	63.38999999999997	Psip1;Ledgf;RP23-311B24.4-003
MGI:2142227	Lrrk1	9.39	6.45	Lrrk1;Kiaa1790
MGI:2142246	Unc45a	12.360000000000001	47.68999999999999	Unc45a;Smap1
MGI:2142292	Mtmr10	6.999999999999999	23.500000000000004	Mtmr10
MGI:2142346	Strn4	10.019999999999998	49.010000000000005	Strn4;Zin
MGI:2142364	Hirip3	10.1	43.48	Hirip3
MGI:2142527	Exoc8	6.039999999999999	51.67000000000001	Exoc8
MGI:2142567	Arhgef18	7.59	18.660000000000004	Arhgef18;Kiaa0521
MGI:2142810	Ppip5k2	10.079999999999998	39.45000000000001	Hisppd1;Kiaa0433;Vip2
MGI:2142885	Cog8	6.200000000000001	44.29999999999999	Cog8;MNCb-5704
MGI:2142951	Edc3	6.29	28.639999999999997	Edc3;Yjdc
MGI:2142973	Lars2	9.610000000000001	57.26000000000001	Lars2
MGI:2142979	Dennd4a	6.02	37.83	F730015K02Rik;Dennd4a;AI115600;mKIAA4082
MGI:2142989	Ncapd3	9.86	16.66	Ncapd3;Kiaa0056
MGI:2143132	Plekho2	6.29	42.89999999999999	Plekho2;Plekhq1
MGI:2143169	Acad11	17.930000000000003	66.66000000000003	Acad11
MGI:2143230	Phldb1	8.529999999999998	16.8	Phldb1;Kiaa0638;Ll5a
MGI:2143333	Exog	4.77	194.68000000000006	Endogl1;Exog
MGI:2143526	Gstt3	17.420000000000005	1185.0900000000001	Gstt3
MGI:2143652	Tmem263	4.82	37.07	
MGI:2143854	Nup107	8.54	47.739999999999995	Nup107
MGI:2143990	Parp12	14.260000000000002	21.550000000000004	Parp12;Zc3hdc1;mCG_9269
MGI:2143994	Psme4	21.540000000000003	67.95000000000002	Psme4;Kiaa0077
MGI:2144013	Xpo1	7.839999999999998	130.22000000000003	Xpo1;Crm1
MGI:2144113	Vma12	5.42	7.960000000000001	Tmem199
MGI:2144117	Smg6	10.429999999999998	30.520000000000003	Smg6;Est1a;Kiaa0732
MGI:2144158	Nudcd3	11.82	20.599999999999998	Nudcd3;Kiaa1068
MGI:2144164	Tbc1d10a	5.5	36.22999999999999	Tbc1d10a;Epi64;Tbc1d10
MGI:2144208	Tubg2	11.770000000000001	46.830000000000005	Tubg1;Tubg;Tubg2
MGI:2144224	Dnaaf10	12.98	117.01	Wdr92;Ppp3r1;AI553587
MGI:2144243	Clint1	10.859999999999998	32.93999999999999	Clint1;RP23-298M7.4-001;mCG_22297;AI642036;Enth;Epn4;Epnr;Kiaa0171
MGI:2144305	Nsrp1	4.78	15.81	Ccdc55
MGI:2144474	Ppp4r3b	6.61	80.31999999999996	Smek2;Kiaa1387;Pp4r3b;Ppp4r3b
MGI:2144475	Usp32	8.289999999999997	56.130000000000024	Usp32
MGI:2144489	Alkbh5	6.700000000000001	22.949999999999996	Alkbh5;Abh5;Ofoxd
MGI:2144566	Tsr1	5.870000000000001	25.389999999999997	Tsr1;Kiaa1401
MGI:2144726	Tmem11	5.09	89.2	Tmem11
MGI:2144727	Ddx1	12.639999999999999	44.349999999999994	Ddx1
MGI:2144755	Ankmy2	6.97	16.83	Ankmy2
MGI:2144831	Ahnak2		116.8385296038939	Ahnak2;AI450948
MGI:2144837	Ptpn23	10.89	49.15999999999999	Ptpn23;Kiaa1471
MGI:2144929	Adi1	11.809999999999999	22.94	Adi1;Mtcbp1
MGI:2145118	Eif2b2	8.830000000000002	74.75000000000001	Eif2b2
MGI:2145130	Cog5	10.820000000000002	54.02000000000002	Cog5
MGI:2145154	Pelo	3.81	23.150000000000002	Pelo
MGI:2145219	Iars1	14.730000000000002	601.9999999999999	Iars
MGI:2145316	Txndc5	17.68	82.42999999999999	Txndc5;Tlp46
MGI:2145374	Dhx29	15.540000000000001	79.69000000000001	Dhx29
MGI:2145422	AW209491	3.5199999999999996	64.91999999999997	
MGI:2145443	Utp15	4.24	84.67	Utp15
MGI:2145541	H3c8		71.22000000000001	Hist1h3a;H3a;Hist1h3g;H3.1-221;H3g;Hist1h3h;H3.1-291;H3h;Hist1h3i;H3.1-I;H3i
MGI:2145597	Mbnl2	7.33	36.099999999999994	Mbnl2;Kiaa4072
MGI:2145637	Mtmr6	9.36	21.979999999999997	Mtmr6
MGI:2145645	Exoc5	10.24	99.49000000000002	Exoc5;Sec10l1
MGI:2145661	Ankrd28	6.580000000000001	26.97	Ankrd28
MGI:2145814	Ppif	5.49	160.09000000000003	Ppif
MGI:2145890	Ano6	10.479999999999999	45.03000000000001	Ano6;Tmem16f
MGI:2145895	Slc38a1	10.429999999999998	35.67	Slc38a1;Nat2;Snat1
MGI:2145900	Sack1h	4.34	26.239999999999995	Fam83h
MGI:2145950	Scrib	16.300000000000004	38.18999999999999	Scrib;Kiaa0147;Lap4;Scrib1
MGI:2145953	Kdelr3	8.289999999999997	36.470000000000006	Kdelr3
MGI:2145955	Prkaa1	5.1	31.940000000000005	Prkaa1
MGI:2146015	Lmf2	15.0	64.62	Lmf2;Tmem112b;Tmem153
MGI:2146071	Tubgcp6	7.430000000000001	32.81	Tubgcp6
MGI:2146110	Washc5	18.300000000000004	52.36000000000001	Kiaa0196
MGI:2146156	Espl1	9.059999999999999	7.17	Espl1;Esp1;Kiaa0165
MGI:2146207	Gga1	10.909999999999998	41.92	Gga1
MGI:2146220	Fbxo4	13.19	281.7200000000001	Fbxo4;Fbx4
MGI:2146232	Rimoc1	4.15	120.88000000000001	
MGI:2146285	Nol12	11.459999999999999	16.85	Nol12;Nop25;RP23-414K1.3-005
MGI:2146335	Cip2a	7.830000000000001	16.86	Kiaa1524;Cip2a
MGI:2146350	Scaf4	5.32	38.77	Sfrs15;mKIAA1172
MGI:2146370	Cggbp1	7.01	12.039999999999997	Cggbp1
MGI:2146388	Ubxn7	5.8	17.02	Ubxn7;AI196514;Ubxd7;Kiaa0794
MGI:2146423	Mix23	7.21	235.19999999999996	Ccdc58
MGI:2146443	Xxylt1	12.700000000000001	25.69	
MGI:2146468	Urb1	5.32	92.81999999999998	Urb1;Kiaa0539;Npa1
MGI:2146553	Osbpl11	6.32	109.35000000000001	Osbpl11;Osbpl10
MGI:2146571	Rfc4	7.930000000000001	47.31	Rfc4
MGI:2146808	Safb2	5.31	57.820000000000014	Safb2;mKIAA0138
MGI:2146813	Plekhh2	9.62	30.939999999999998	Plekhh2;Kiaa2028
MGI:2146818	Oard1	9.239999999999998	252.34000000000003	AI314976;mCG_118494
MGI:2146851	Tfb1m	4.98	207.3199999999999	Tfb1m
MGI:2146855	Nrm	6.039999999999999	59.120000000000026	Nrm
MGI:2146901	Trip10	6.89	137.94999999999993	Trip10;Cip4
MGI:2147003	Arhgap28	4.72	20.02	Arhgap28;Kiaa1314
MGI:2147092	Dus3l	7.91	66.18000000000002	Dus3l
MGI:2147162	Unc119b	9.11	25.51	Unc119b
MGI:2147191	Tnfaip8	4.94	54.150000000000006	Tnfaip8
MGI:2147194	Rbm27	4.69	59.029999999999994	Rbm27;Kiaa1311
MGI:2147351	Me2	17.749999999999996	80.93999999999998	Me2
MGI:2147427	Wdr74	6.499999999999999	14.91	Wdr74
MGI:2147437	Rrp12	11.36	68.82000000000002	Rrp12;Kiaa0690
MGI:2147538	Btaf1	7.510000000000001	50.18000000000001	Btaf1;TAF170
MGI:2147583	Macrod1	5.91	59.029999999999994	Macrod1;Lrp16
MGI:2147598	AI837181	5.710000000000001	59.59	Bles03
MGI:2147616	Otub1	10.869999999999997	73.09000000000002	Otub1
MGI:2147627	Yars1	9.839999999999998	864.87	Yars
MGI:2147661	Vps37c	4.44	22.389999999999997	Vps37c
MGI:2147679	Patl1	7.930000000000001	52.11999999999999	Patl1
MGI:2147870	Lrch2	8.49	20.37	Lrch2;Kiaa1495
MGI:2148199	Pecr	8.919999999999998	212.42000000000007	Pecr
MGI:2148251	Ddx19b	11.750000000000002	65.07999999999998	Ddx19a;Ddx19;Eif4a-rs1;mCG_132574;Ddx19b;mCG_133615
MGI:2148491	Acaa1a	9.09	67.73999999999998	Acaa1a;Acaa1
MGI:2148922	Ehmt2	13.83	22.810000000000002	Ehmt2;Bat8;G9a;Ng36;RP23-349B4.3-009;RP23-349B4.3-002
MGI:2148924	Clic1	10.679999999999998	65.36	Clic1
MGI:2149632	Rpl31	9.86	113.97000000000001	Rpl31
MGI:2149728	Impa2	6.750000000000001	156.47000000000003	Impa2
MGI:2149820	Nans	13.600000000000001	240.01	Nans
MGI:2149821	Hsd17b11	11.839999999999998	91.53000000000002	Hsd17b11;Dhrs8;Pan1b
MGI:2149842	Sdf2l1	15.089999999999998	80.90000000000002	Sdf2l1
MGI:2149946	Gopc	6.180000000000001	23.500000000000004	Gopc
MGI:2149961	Pawr	4.91	45.559999999999995	Pawr;Par4
MGI:2150037	Mta1	10.129999999999999	62.51000000000001	Mta1
MGI:2150152	Ubqln4	8.409999999999998	50.73	Ubqln4;Ubin
MGI:2150309	Dscaml1	15.140000000000004	161.77999999999994	Nme2;Dscaml1
MGI:2150386	Dcun1d1		125.26999999999995	Dcun1d1;Dcun1l1;Rp42;Tes3
MGI:2151013	Erc1	9.99	68.57999999999997	Erc1;Cast2;Kiaa1081;Rab6ip2
MGI:2151045	Lsm10	5.44	34.86	Lsm10;RP23-140F18.4-002
MGI:2151064	Strn3	6.750000000000001	63.159999999999975	Strn3;Gs2na;Sg2na
MGI:2151114	Dgcr8	6.03	9.31	Dgcr8
MGI:2151136	Lrp1b		53.85999999999999	Lrp1b;Lrpdit
MGI:2151221	Pop5	9.05	93.15	Pop5
MGI:2152337	1110038F14Rik	6.11	10.849999999999998	
MGI:2152346	Taf4	5.05	361.0600000000001	Taf4a;RP23-23G3.2-001
MGI:2152389	Ivns1abp	8.64	15.019999999999996	Ivns1abp;Kiaa0850;Nd1;Nd1L;Nd1S;Ns1;Ns1bp
MGI:2152414	Ipo7	8.050000000000002	58.91000000000001	Ipo7;Ranbp7
MGI:2152450	Usp3	5.819999999999999	22.639999999999997	Usp3
MGI:2152453	Gsk3a	9.330000000000002	56.02999999999998	Gsk3a
MGI:2152819	B3galt6	7.58	23.819999999999997	B3galt6
MGI:2152895	Helb	6.83	49.99999999999999	Helb
MGI:2152938	Srgap3	5.990000000000001	35.989999999999995	Srgap3;Arhgap14;Kiaa0411;Srgap2
MGI:2153045	Elmo2	9.819999999999999	43.64999999999999	Elmo2;Kiaa1834;RP23-41B20.2-002
MGI:2153063	Parvb	8.619999999999997	14.25	Parvb
MGI:2153089	Mrps2	5.42	76.31000000000003	Mrps2
MGI:2153111	Mrps6	11.130000000000003	18.04	Mrps6;Rpms6
MGI:2153207	Pofut1	17.860000000000003	87.14000000000003	Pofut1;RP23-192G18.5-006;RP23-192G18.5-002;mKIAA0180
MGI:2153272	Trrap	15.0	23.440000000000005	Trrap
MGI:2153608	Ube2j2	11.039999999999997	4.95	Ube2j2;RP23-118E21.1-001;mCG_23339;Ncube2;RP23-118E21.1-009
MGI:2154049	Smc1b		87.20999999999995	Smc1b;Smc1l2
MGI:2154239	Plxnb2	25.82	10.8	Plxnb2;mCG_140951;mKIAA0315
MGI:2154274	Ehd2	15.599999999999998	28.6	Ehd2
MGI:2154441	Nop53	9.250000000000002	8.449999999999998	Gltscr2
MGI:2154580	Ube4a	13.419999999999998	15.289999999999997	Ube4a;mKIAA0126
MGI:2154952	Ripk3	14.680000000000001	44.8	Ripk3;Rip3
MGI:2155302	Sec63	16.509999999999998	51.940000000000005	Sec63;Sec63l
MGI:2155456	Bmp2k	4.17	27.03	Bmp2k;Bike
MGI:2155884	Wdr5	8.88	28.110000000000007	Wdr5;Big;Big3;RP23-328F3.2-003
MGI:2156020	Mydgf	10.56	51.93	D17Wsu104e;Il25
MGI:2156864	Phf5a	11.31	29.169999999999995	Phf5a
MGI:2157062	Caskin2	7.710000000000001	115.68999999999996	Caskin2;RP23-354K2.4-001;Kiaa1139
MGI:2157953	Rbm39	5.47	44.269999999999996	Rbm39;Caper;Rnpc2;RP23-107C23.3-019
MGI:2157980	Vac14	12.719999999999997	101.33	Vac14;D8Wsu151e
MGI:2158394	Med16	15.279999999999998	66.63	Med16;Thrap5
MGI:2158400	Wdr18	10.989999999999998	163.72	Wdr18
MGI:2158502	Usp48	8.159999999999998	25.82	Usp48;Kiaa4202
MGI:2158650	Idh3b	9.520000000000001	113.2	Idh3b;RP23-20A6.5-001;mCG_9915
MGI:2158736	Senp3	8.44	20.069999999999997	Senp3;Smt3ip;Smt3ip1
MGI:2158813	Sumo2		28.890000000000004	Sumo2;Smt3b;Smt3h2
MGI:2159437	Agtpbp1	9.889999999999999	68.11999999999999	Agtpbp1;Ccp1;Nna1
MGI:2159614	Mia2	9.669999999999998	50.90999999999999	Ctage5;Mea6;Mgea6
MGI:2176230	Apobr	14.279999999999998	80.30999999999997	Apob48r
MGI:2177178	Dicer1	6.750000000000001	40.21999999999999	Dicer1;Dicer;Mdcr
MGI:2178076	Pla2g15	4.76	34.8	Lypla3
MGI:2178103	Arhgdia	23.669999999999998	144.04999999999995	Arhgdia;C87222;Gdi1
MGI:2178217	Akap9	11.16	30.269999999999996	Akap9
MGI:2178445	Ppan	5.280000000000001	53.269999999999996	Ppan;Ssf1;mCG_67924
MGI:2178563	Nt5c2	14.25	78.63000000000001	Nt5c2
MGI:2178598	Bloc1s5	8.13	103.08999999999996	Muted;Mu
MGI:2178836	Tubgcp5	4.47	65.88999999999997	Tubgcp5;Kiaa1899
MGI:2179326	Oxr1	11.000000000000002	19.970000000000002	Oxr1;C7;Gm1238
MGI:2179327	Mvd	10.359999999999998	384.9599999999998	Mvd
MGI:2179381	Prpf8	17.850000000000005	24.9	Prpf8;Prp8
MGI:2179432	Mycbp2	12.789999999999997	43.519999999999996	Mycbp2;Pam;Phr1
MGI:2179723	Casc3	4.87	9.41	Casc3;Mln51
MGI:2179725	Ovca2	6.789999999999999	32.47999999999999	Ovca2
MGI:2179733	Mpst	14.370000000000001	588.4899999999999	Mpst
MGI:2180003	Xpnpep1	14.170000000000003	87.54000000000003	Xpnpep1;mCG_20868
MGI:2180098	Csad	7.2	57.769999999999996	Csad
MGI:2180122	Klhl9	2.9699999999999998	4.62	Klhl9;Kiaa1354
MGI:2180167	Naxe	11.970000000000002	394.57999999999987	Apoa1bp;Aibp
MGI:2180203	Tmlhe		76.66999999999999	Tmlhe;Tmlh
MGI:2180561	Atpaf2	9.05	988.9299999999998	Atpaf2
MGI:2180784	Rac3	13.61	78.76999999999997	Rac1;mCG_23557;Rac3;RP23-84C12.18-002;mCG_2150
MGI:2180801	Atp13a1	10.429999999999998	44.75000000000001	Atp13a1;mCG_23321;Atp13a;mKIAA1825
MGI:2181074	Acbd3	5.44	129.05	Acbd3;Gcp60;Pap7
MGI:2181182	Nup155	6.950000000000001	35.61999999999999	Nup155
MGI:2181510	Dhrsx		56.98000000000002	Dhrsx;Pscad
MGI:2182061	Usp7	10.379999999999999	66.67	Usp7;Hausp
MGI:2182303	Ddx50	7.780000000000001	44.17999999999999	Ddx50
MGI:2182585	Med17	7.4799999999999995	40.02	Med17;Crsp6;Trap80
MGI:2182799	Kat7	6.55	17.190000000000005	Myst2;Hbo1
MGI:2183102	Sardh	21.049999999999997	258.34999999999997	Sardh;RP23-171K6.2-002
MGI:2183158	Ash1l	5.529999999999999	10.89	Ash1l
MGI:2183260	Luc7l2	7.19	72.51000000000002	Luc7l2
MGI:2183436	Nrbp1	11.76	33.290000000000006	Nrbp1;Madm;Nrbp
MGI:2183439	Mcfd2	11.59	53.81999999999999	Mcfd2;Sdnsf
MGI:2183441	Psat1	13.25	66.72	Psat1;Psa;Psat
MGI:2183447	Ugp2	13.919999999999998	286.5299999999999	Ugp2
MGI:2183453	Dlgap5	12.159999999999998	8.609999999999998	Dlgap5;Dlg7;Kiaa0008
MGI:2183559	Arfgap1	6.43	58.86000000000002	Arfgap1;Arf1gap;mCG_6720;RP23-397H18.1-002
MGI:2183703	Nav3	3.66	7.880000000000002	Nav3;Kiaa0938;Pomfil1
MGI:2183752	Tubgcp3	9.439999999999998	66.49999999999999	Tubgcp3;Gcp3
MGI:2384297	Map7d1	10.349999999999998	13.25	Map7d1;Kiaa1187;Mtap7d1;RP23-118D1.1-006;RP23-118D1.1-001;RP23-118D1.1-003
MGI:2384298	Sbno1	7.109999999999999	14.039999999999997	Sbno1;Sno1
MGI:2384305	Mmgt1	8.919999999999998	69.38000000000001	Mmgt1;Tmem32
MGI:2384308	Pdk3	22.000000000000004	25.59	Pdk3
MGI:2384309	Polr2h	5.710000000000001	53.68	Polr2h
MGI:2384310	Rbm10	11.82	42.44	Rbm10;Kiaa0122
MGI:2384313	Rrp9	11.669999999999998	63.61000000000001	Rrp9;Rnu3ip2;U3-55k
MGI:2384495	Mrtfa	5.23	7.430000000000001	Mkl1;Bsac
MGI:2384560	Aars1	15.619999999999997	134.79	Aars
MGI:2384561	Nae1	7.619999999999999	152.40000000000003	Nae1;Appbp1
MGI:2384567	Cbr4	9.31	70.69	Cbr4
MGI:2384568	Kank2	10.060000000000002	14.54	Kank2;Ankrd25
MGI:2384569	Klhdc4	9.09	10.839999999999998	Klhdc4
MGI:2384585	Gatad2a	12.840000000000002	12.57	Gatad2a
MGI:2384589	Herc1	12.300000000000002	27.950000000000003	Herc1
MGI:2384752	Mcrip1	10.060000000000002	42.150000000000006	BC003940;RP23-82I5.19-001;mCG_2134
MGI:2384761	Rapgef6	9.37	15.309999999999997	Rapgef6;RP23-287F5.1-006
MGI:2384768	Hectd1	8.619999999999997	40.13999999999999	Hectd1
MGI:2384784	Eif4g1	17.82998878294655	33.39597281110404	Eif4g1
MGI:2384790	Fanci	9.99	22.139999999999997	Fanci
MGI:2384801	Gps1		52.879999999999995	Gps1;Cops1;Csn1
MGI:2384802	Eif2b1	8.23	63.699999999999974	Eif2b1
MGI:2384812	Lpcat1	3.72	35.79999999999999	Lpcat1;Aytl2
MGI:2384831	Cc2d1a	11.669999999999998	18.800000000000004	Cc2d1a
MGI:2384836	Rmp64	3.67	51.9	BC027231
MGI:2384838	Prpsap2	6.9	300.4600000000001	Prpsap2
MGI:2384849	Tnpo2	6.54	52.240000000000016	Tnpo2
MGI:2384850	Pdlim2	15.729999999999997	9.000000000000002	Pdlim2
MGI:2384853	Tapbpl	11.239999999999998	329.3599999999999	Tapbpl
MGI:2384863	Tbl3	16.759999999999998	42.98	Tbl3
MGI:2384875	Cdk5rap2	15.439999999999998	21.269999999999996	Cdk5rap2;Kiaa1633
MGI:2384876	Cdc73	6.84	24.419999999999998	Cdc73
MGI:2384887	Chtf18	11.989999999999998	5.37	Chtf18;Ctf18
MGI:2384888	Antkmt	7.24	25.74	Fam173a
MGI:2384899	Kri1	6.76	23.380000000000003	Kri1
MGI:2384902	Rnpep	13.489999999999998	416.0900000000001	Rnpep;mCG_9148
MGI:2384909	Micu1	18.89	19.959999999999997	Cbara1
MGI:2384910	Hkdc1		229.57999999999996	Hkdc1
MGI:2384931	Dhrs7b	13.38	58.88000000000002	Dhrs7b
MGI:2384933	Wrap53	6.0	40.239999999999995	Wdr79
MGI:2384959	Cybc1	4.76	227.4900000000001	
MGI:2384966	Mgat2	7.349999999999999	43.519999999999996	Mgat2
MGI:2384993	Paip1	12.119999999999997	78.10999999999999	Paip1
MGI:2384997	Ube2e2	9.179999999999998	15.670000000000002	Ube2e3;Ubce4;Ubcm2;Ube2e2
MGI:2385001	Fermt2	9.36	50.58	Fermt2;Plekhc1
MGI:2385007	Stk24	8.109999999999998	58.72000000000002	Stk24
MGI:2385008	Ggact	8.360000000000001	92.98000000000005	a2ld1
MGI:2385045	Lemd2	6.28	96.09	Lemd2;Lem2
MGI:2385066	Rprd1a	11.02	48.87	Rprd1a;Kiaa4077;P15rs
MGI:2385071	Etf1	10.970000000000002	85.92000000000002	Etf1
MGI:2385076	Haus1	6.63	10.470000000000002	Haus1;Ccdc5
MGI:2385079	Ndufs8	14.310000000000002	44.03000000000001	Ndufs8
MGI:2385084	Tkfc	13.99	105.01	Dak
MGI:2385088	Smc5	6.19	46.68000000000001	Smc5;Kiaa0594;Smc5l1
MGI:2385089	Zng1	4.22	47.61999999999999	Cbwd1
MGI:2385112	Ndufs2	15.519999999999998	59.009999999999984	Ndufs2
MGI:2385115	Lyplal1	11.130000000000003	75.10000000000002	Lyplal1
MGI:2385126	Farp2	7.510000000000001	5.01	Farp2;Kiaa0793
MGI:2385132	BC005624	10.880000000000003	23.900000000000002	BC005624;RP23-221O14.10;RP23-221O14.10-001;mCG_19001
MGI:2385133	Exosc2	5.22	47.85999999999999	Exosc2;Rrp4;RP23-65P13.1-005
MGI:2385139	Rabgap1	7.6899999999999995	36.13000000000001	Rabgap1;Kiaa4104
MGI:2385165	Ncoa5	5.52	69.06999999999998	Ncoa5;mKIAA1637
MGI:2385169	Helz2	8.930000000000001	37.46999999999999	BC006779;RP23-401M24.3;RP23-401M24.3-003;RP23-401M24.3-001
MGI:2385175	Msto1	9.35	96.64999999999998	Msto1
MGI:2385184	Ahcyl1	12.74	29.42	Ahcyl1;Irbit
MGI:2385186	Clcc1	10.12	22.090000000000003	Clcc1;RP23-217I18.1-001;mCG_4070
MGI:2385189	Rap1gds1	12.070000000000002	67.37000000000002	Rap1gds1
MGI:2385191	Gtf2b	4.640000000000001	10.349999999999998	Gtf2b
MGI:2385206	Pabpc4	10.959999999999999	89.86999999999999	Pabpc4;RP23-138L21.11-003;RP23-138L21.11-004;RP23-138L21.11-002;OTTMUSG00000007757
MGI:2385207	Gnl2	8.930000000000001	14.65	Gnl2;RP23-325M14.4-001
MGI:2385237	Aimp2		78.69000000000003	Aimp2;Jtv1
MGI:2385255	Mrps35	9.189999999999998	87.68000000000002	Mrps35
MGI:2385261	Cnot3	7.610000000000002	79.31999999999996	Cnot3;Not3
MGI:2385271	Blvrb	16.75	171.21999999999997	Blvrb
MGI:2385292	Tnrc6a	3.9600000000000004	67.68999999999997	Tnrc6a;Kiaa1460
MGI:2385311	Dlat	15.759999999999996	235.33000000000007	Dlat
MGI:2385621	Nup153	4.510000000000001	32.61000000000001	Nup153
MGI:2385695	Rin1	7.550000000000001	76.36	Rin1
MGI:2385850	Nomo1	25.51	37.53000000000001	Nomo1
MGI:2385884	Ddx27	10.060000000000002	21.749999999999996	Ddx27
MGI:2385902	Picalm	9.37	19.149999999999995	Picalm;Calm;Fit1
MGI:2385920	Dip2a	12.770000000000001	97.21999999999996	Dip2a;Dip2;Kiaa0184
MGI:2385923	Hexim1	6.950000000000001	28.76	Hexim1;Clp1
MGI:2386251	Eif3l	13.120000000000003	34.629999999999995	Eif3l;Eif3eip;Eif3s6ip;Paf67
MGI:2386306	Eppk1		154.48	Eppk1
MGI:2386621	Cpne1	10.060000000000002	87.40999999999998	Cpne1;RP23-220D12.6-008;RP23-220D12.6-005;RP23-220D12.6-010;RP23-220D12.6-013;RP23-220D12.6-011
MGI:2386711	Txnrd3	9.460000000000003	59.999999999999986	Txnrd3;Tgr;Trxr3
MGI:2387107	Dusp9	15.180000000000001	59.89000000000002	Dusp9;RP23-329M9.2-001;mCG_3242
MGI:2387123	Lnpep	7.050000000000001	69.45	Lnpep
MGI:2387178	Gatd1	6.599999999999999	138.34000000000006	Pddc1
MGI:2387179	Tut7	7.960000000000001	24.189999999999998	Zcchc6
MGI:2387182	Lrrc20	6.81	53.75999999999999	Lrrc20
MGI:2387183	Lrrc45	4.52	61.860000000000014	Lrrc45;RP23-84C12.17-001;mCG_131925
MGI:2387194	Qsox2	6.800000000000001	40.82000000000001	Qsox2;Qscn6l1
MGI:2387201	Yrdc	6.19	16.280000000000005	Yrdc;Irip
MGI:2387203	Ppat	7.450000000000001	37.480000000000004	Ppat
MGI:2387215	Erlin2	16.21	118.77999999999997	Erlin2;Spfh2
MGI:2387357	Wac	6.0	26.829999999999995	Wac;Kiaa1844
MGI:2387367	Rbm45	9.2	18.529999999999998	Rbm45;Drb1;Drbp1
MGI:2387466	Pank4	4.5	78.91999999999999	Pank4
MGI:2387581	Ppp1r9b	12.2	57.56999999999999	Ppp1r9b
MGI:2387585	Zfp280c	3.35	41.02	Znf280c;Kiaa1584;Suhw3;Zfp280c
MGI:2387586	Tns2	7.23	9.02	Tenc1;Tns2
MGI:2387591	Arcn1	11.11	59.57	Arcn1;Copd
MGI:2387603	Ahsa1	12.61	64.25000000000001	Ahsa1
MGI:2387612	Eml3	9.750000000000002	24.340000000000003	Eml3
MGI:2387613	Erlin1	8.15	30.41	Erlin1;Keo4;Spfh1
MGI:2387629	Tardbp	9.771437969920289	47.29205747268774	Tardbp;Tdp43;TARDBP;RP23-331P21.5-007;RP23-331P21.5-003
MGI:2387633	Haus3	2.86	36.73	Haus3
MGI:2387639	Fkbp14	15.82	46.830000000000005	Fkbp14
MGI:2387801	Snx17	10.470000000000002	8.849999999999998	Snx17
MGI:2387995	Nek9	11.36	100.37	Nek9;Nercc;mCG_5513
MGI:2388280	Polr2b	11.939999999999998	20.79	Polr2b
MGI:2388284	Plekhg3	3.8999999999999995	8.71	Plekhg3;Kiaa0599
MGI:2388287	Acsf2	11.510000000000002	1750.4000000000003	Acsf2
MGI:2388479	Ppp2r5a	12.219999999999999	33.84000000000001	Ppp2r5a
MGI:2388481	Ppp2r5d	14.640000000000004	91.45	Ppp2r5d;mCG_2696
MGI:2388633	Cltc	14.600000000000001	165.94	Cltc;RP23-366M19.3-006
MGI:2388648	Klhl11	2.49	7.660000000000002	Klhl11
MGI:2388651	Mcat	6.29	126.93000000000005	Mcat;Mt
MGI:2388672	Ube2q2	6.160000000000001	13.19	Ube2q2
MGI:2389091	Rps15a	5.3	126.56000000000004	Rps15a
MGI:2389572	Brcc3	10.959999999999999	88.59000000000003	Brcc3;Brcc36;C6.1a;RP23-252K7.4-007
MGI:2429660	Tbc1d4	10.970000000000002	60.92	Tbc1d4;As160;Kiaa0603
MGI:2429762	Rufy1	12.219999999999999	24.330000000000002	Rufy1;Rabip4
MGI:2429765	Dock1	14.460000000000003	42.00000000000001	Dock1
MGI:2429770	Nle1	6.07	68.10999999999997	Nle1;RP23-392I13.2-001
MGI:2429950	Xpo6	10.359999999999998	26.319999999999997	Xpo6;Ranbp20
MGI:2441711	Supv3l1	6.879999999999999	51.959999999999994	Supv3l1;Suv3l1
MGI:2441730	Tbl1xr1	6.739999999999999	107.72999999999999	Tbl1xr1;Ira1;Tblr1
MGI:2441772	Eif5b	20.530000000000005	80.41000000000001	Eif5b;If2
MGI:2441787	Washc4	6.3100000000000005	81.22000000000001	Kiaa1033
MGI:2441841	Cdc42bpa	12.69	38.779999999999994	Cdc42bpa;Kiaa0451
MGI:2441849	Lpp	9.520000000000001	62.98999999999998	Lpp
MGI:2441856	Sf3b2	15.859999999999996	27.8	Sf3b2
MGI:2441869	Arhgef11	9.320000000000002	63.06000000000002	Arhgef11;mKIAA0380
MGI:2441932	Prepl	11.31	11.130000000000003	Prepl;Kiaa0436
MGI:2441982	Aldh5a1		208.25000000000006	Aldh5a1
MGI:2441984	Lrrc41	8.959999999999999	5.25	Lrrc41;Muf1
MGI:2442040	G3bp2	9.500000000000002	35.31999999999999	G3bp2
MGI:2442050	Zfp771	8.520000000000001	10.459999999999999	Znf771;Zfp771
MGI:2442058	Nipa1	9.630000000000003	49.61999999999999	Nipa1
MGI:2442062	Sh3pxd2b	8.990000000000002	204.15999999999997	Sh3pxd2b;Fad49
MGI:2442092	Wnk1	13.530000000000003	36.04	Wnk1;Prkwnk1
MGI:2442114	Itga11	10.05	6.19	Itga11
MGI:2442117	Pogz	4.19	49.47	Pogz;Kiaa0461;mCG_13704
MGI:2442153	Gak	12.810000000000002	41.82000000000001	Gak
MGI:2442159	Irf2bp1	5.6	11.960000000000003	Irf2bp1
MGI:2442163	Ppp6r1	17.43	37.82000000000001	Saps1;Kiaa1115;Pp6r1
MGI:2442174	Micos13	15.720000000000002	42.35999999999999	Qil1
MGI:2442192	Eea1	7.180000000000001	81.42000000000002	Eea1
MGI:2442230	Mfn2	11.239999999999998	24.63	Mfn2;RP23-406N5.4-001;Kiaa0214;Marf;RP23-406N5.4-003
MGI:2442261	Cgas	3.6100000000000003	20.5	E330016A19Rik
MGI:2442264	Idi1		85.42999999999999	Idi1
MGI:2442308	Arl15	5.63	21.789999999999996	Arl15;Arfrp2
MGI:2442356	Specc1	11.559999999999999	11.499999999999998	Specc1;Kiaa4061
MGI:2442366	Peak1	4.34	18.76	Sgk269;Kiaa2002
MGI:2442377	Ipo11	13.809999999999999	66.99	Ipo11;Ranbp11
MGI:2442402	Cnot1	13.099999999999998	59.029999999999994	Cnot1;Kiaa1007
MGI:2442408	Syne3	5.55	55.43999999999999	
MGI:2442413	Thoc2	10.09	64.96	Thoc2;RP23-300D2.1-001;BC005561
MGI:2442418	Tmx3	17.08	85.97	Tmx3;Kiaa1830;Txndc10
MGI:2442422	Abhd10	4.03	112.78999999999999	Abhd10
MGI:2442463	Irf2bpl		42.2	Eap1;Kiaa1865
MGI:2442486	Slc25a40	4.52	148.80000000000007	Slc25a40
MGI:2442524	Heatr1	11.35	66.84000000000002	Heatr1
MGI:2442544	Dars1	14.56	603.92	Dars
MGI:2442551	Lactb2	7.540000000000002	110.24000000000001	Lactb2
MGI:2442558	Mroh1	19.74	55.289999999999985	D330001F17Rik;mKIAA1833
MGI:2442563	Naa25	6.45	106.31000000000004	C330023M02Rik;mCG_142191
MGI:2442572	Stk38	7.749999999999999	32.36999999999999	Stk38;Ndr1
MGI:2442620	Nup133	16.25	64.25000000000001	Nup133
MGI:2442631	Mob1a	4.76	16.13	Mobkl1b;Mobk1b
MGI:2442633	Rabl6	11.510000000000002	69.28999999999998	Parf
MGI:2442637	Thrap3	8.18	53.71999999999999	Thrap3;Trap150
MGI:2442728	Krt222		42.38	Krt222
MGI:2442752	Tigar	5.92	57.340000000000025	Tigar
MGI:2442815	Trim65	4.56	112.77999999999997	Trim65
MGI:2442832	Osbpl2	7.599999999999998	32.69	Osbpl2
MGI:2442858	Rigi	9.000000000000002	157.79000000000005	Ddx58;RP23-9F23.2-006
MGI:2442888	Bltp3b	10.019999999999998	33.760000000000005	Uhrf1bp1l;Kiaa0701
MGI:2442894	Cobll1	6.63	43.41	Cobll1;RP23-286N21.1-001;Coblr1;Kiaa0977;RP23-286N21.1-002
MGI:2442910	Niban2	12.74	41.07999999999999	Fam129b
MGI:2442925	Atad5	3.03	263.84	Atad5;Frag1
MGI:2442978	Ogfod1	11.009999999999998	41.02	Ogfod1;Kiaa1612
MGI:2442982	Rab8b	5.09	42.57999999999999	Rab8b
MGI:2442985	Arglu1	5.47	76.39000000000003	Arglu1
MGI:2442988	Arfgef1	8.58	45.08	Arfgef1
MGI:2443003	Pcid2	7.069999999999999	53.870000000000005	Pcid2
MGI:2443008	Trappc8		89.17999999999996	D030074E01Rik;mKIAA1012
MGI:2443010	Lman2l	7.849999999999998	1287.0900000000004	Lman2l;Vipl
MGI:2443011	Sun2	5.789999999999999	23.27	Unc84b;Sun2;mKIAA0668
MGI:2443012	Tns3	6.879999999999999	12.700000000000001	Tns3;Tens1
MGI:2443030	Flad1	9.92	85.99999999999997	Flad1
MGI:2443065	Agps	13.220000000000002	121.80999999999999	Agps;RP23-159H12.3-001
MGI:2443069	Ppwd1	4.44	89.37000000000005	Ppwd1
MGI:2443076	Cc2d1b	8.13	38.53	Cc2d1b;Kiaa1836;RP23-406B13.7-002
MGI:2443111	Abcc4	14.12	45.97	Abcc4
MGI:2443114	Larp4	4.36	22.090000000000003	Larp4
MGI:2443143	Wdr3	11.4	34.46	Wdr3
MGI:2443162	Uggt1	19.520000000000003	102.18	Ugcgl1;Gt;Uggt;Ugt1;Ugtr
MGI:2443183	Mia3		57.60999999999998	Mia3;Kiaa0268
MGI:2443184	Usp40	9.9	38.02	Usp40
MGI:2443191	Nceh1	9.839999999999998	68.39000000000001	Aadacl1;Kiaa1363
MGI:2443205	Rbm15	3.18	50.949999999999996	Rbm15
MGI:2443225	Gatad2b	2.51	13.729999999999999	Gatad2b
MGI:2443226	Pde12	4.660000000000001	18.920000000000005	Pde12
MGI:2443241	Ndufs1	13.419999999999998	45.13	Ndufs1
MGI:2443258	Map3k20	5.52	36.36999999999999	Mltk
MGI:2443267	Agfg2	5.47	25.93	Agfg2;Hrbl;Rabr
MGI:2443300	Cpped1	10.69	41.59	Cpped1;Cstp1
MGI:2443304	Map1s	7.04	57.68000000000001	Map1s;Bpy2ip1;Map8;Mtap1s
MGI:2443306	Tom1l2	9.929999999999998	25.36	Tom1l2;RP23-456O18.4-008;RP23-456O18.4-009
MGI:2443370	Chtf8	6.65	70.92000000000003	Chtf8;Ctf8
MGI:2443386	Dnajc11	10.73	73.66999999999999	Dnajc11
MGI:2443387	Zc3hav1l	3.62	30.18	Zc3hav1l
MGI:2443418	Arhgap22	5.59	57.90999999999999	Arhgap22
MGI:2443446	Scfd2	11.929999999999998	75.76999999999998	Scfd2;Stxbp1l1
MGI:2443472	Atf7	5.459999999999999	12.639999999999999	Atf7;mCG_17588
MGI:2443487	Trmt61a	5.710000000000001	96.16	Trmt61a;Trm61
MGI:2443514	Wdhd1	5.870000000000001	25.310000000000002	Wdhd1;And1
MGI:2443517	Hnrnpul1	10.039999999999997	79.25000000000003	Hnrnpul1;Hnrpul1
MGI:2443538	Msrb3	11.78	10.24	Msrb3
MGI:2443541	Zfp592	5.92	35.45	Znf592;Kiaa0211;Zfp592
MGI:2443554	Hook3	9.500000000000002	48.7	Hook3
MGI:2443590	Ddx11	10.039999999999997	17.08	Ddx11
MGI:2443607	Rpp38	3.1200000000000006	56.090000000000025	Rpp38;RP23-167G19.2-001;mCG_17284
MGI:2443626	Vps18	5.64	40.309999999999995	Vps18
MGI:2443658	Prr14l	3.24	134.11000000000007	6030436E02Rik
MGI:2443665	Numa1	15.100000000000003	42.98	Numa1
MGI:2443679	Sipa1l1	14.229999999999999	4.7	Sipa1l1;Kiaa0440
MGI:2443696	Emc1	13.48	46.9	Kiaa0090
MGI:2443699	Fubp3	10.22	43.290000000000006	Fubp3;RP23-442G9.4-001;mCG_130458
MGI:2443713	Ythdc1	6.76	36.88999999999999	Ythdc1;mKIAA1966
MGI:2443731	Mat2a	2.75	35.080000000000005	Mat2a
MGI:2443732	Dna2	4.93	40.470000000000006	Dna2;Dna2l;Kiaa0083
MGI:2443764	Iqcb1	3.9199999999999995	22.41	Iqcb1;Kiaa0036
MGI:2443767	Aaas	10.780000000000001	40.650000000000006	Aaas
MGI:2443807	Osbpl8	6.370000000000001	41.70000000000001	Osbpl8;mCG_21329;mKIAA1451
MGI:2443855	Tsku	3.6899999999999995	4.59	Tsku;Lrrc54;Tsk
MGI:2443878	Slc4a7	4.59	29.590000000000003	Slc4a7;Nbc3
MGI:2443881	Rasal2	4.42	13.83	Rasal2
MGI:2443884	Strip1	7.890000000000001	36.599999999999994	Fam40a;Kiaa1761
MGI:2443921	Irf2bp2	4.67	21.44	Irf2bp2
MGI:2443967	Dpp9	15.319999999999999	81.62999999999998	Dpp9
MGI:2443972	Exoc3	14.620000000000003	22.339999999999996	Exoc3;Sec6l1
MGI:2444008	Bptf	11.809999999999999	11.16	Bptf;RP23-317F9.3-001;RP23-317F9.3-002
MGI:2444029	Ankrd52	7.989999999999999	9.699999999999998	Ankrd52
MGI:2444036	Srcap		5.94	Srcap
MGI:2444098	Heatr5b	18.27	35.36	Heatr5b;Kiaa1414
MGI:2444133	Heatr5a	11.879999999999999	50.46000000000001	Heatr5a;Kiaa1316
MGI:2444207	Vps13c	18.04	86.33000000000003	Vps13c;Kiaa3021;Vps13c 3' variant II
MGI:2444228	Ccar2	7.900000000000002	82.28	
MGI:2444232	Poglut1	9.750000000000002	86.49000000000002	Ktelc1;Clp46
MGI:2444233	Ythdf2	4.01	23.930000000000003	Ythdf2
MGI:2444236	Ubn2	5.42	101.73000000000002	Ubn2;Kiaa2030
MGI:2444248	Gcn1	15.560000000000004	67.04000000000003	Gcn1l1
MGI:2444266	Ube2o	9.980000000000002	31.679999999999996	Ube2o;RP23-193A16.5-001;Kiaa1734
MGI:2444286	Zzef1	10.199999999999998	24.12	Zzef1;Kiaa0399
MGI:2444304	Vps13a	15.929999999999998	57.279999999999994	Vps13a;Chac;Kiaa0986
MGI:2444343	Nbeal1		34.519999999999996	Nbeal1
MGI:2444401	Snrnp200	20.880000000000003	43.32000000000001	Snrnp200;Ascc3l1;mKIAA0788
MGI:2444450	Fbxl18	5.25	27.469999999999995	Fbxl18
MGI:2444477	Rbms3	6.950000000000001	29.67000000000001	Rbms1;Mssp;Mssp1;Rbms3;mCG_142657
MGI:2444479	Thumpd1	5.839999999999999	79.27	Thumpd1
MGI:2444486	Tars3	13.450000000000001	74.43999999999998	Tarsl2
MGI:2444491	Heatr3	10.699999999999998	45.43000000000001	Heatr3
MGI:2444505	Marf1	7.749999999999999	12.719999999999997	Lkap;Kiaa0430
MGI:2444529	Dctd	10.880000000000003	68.94	Dctd
MGI:2444531	Ralgapb	10.34	70.53000000000003	RP23-392P11.1;RP23-392P11.1-002;Kiaa1219
MGI:2444552	Actbl2		55.36000000000002	Actbl2
MGI:2444554	Mapkap1	16.520000000000003	94.20999999999998	Mapkap1;Mip1;Sin1;RP23-14N22.1-002;RP23-14N22.1-003
MGI:2444575	Mtcl2	6.180000000000001	5.990000000000001	9830001H06Rik;RP23-430P1.3-001
MGI:2444576	Kif20b	6.14	26.62	Mphosph1;Kif20b
MGI:2444585	Trappc11	10.509999999999998	9.74	
MGI:2444593	Pptc7	4.95	18.71	Pptc7;Tapp2c
MGI:2444611	Ipo8	13.729999999999999	17.58	Ipo8
MGI:2444639	Fbxo38	7.6800000000000015	8.789999999999997	Fbxo38
MGI:2444720	Smcr8	4.22	23.34	Smcr8
MGI:2444773	Mavs	8.26	78.50000000000003	Mavs;Ips1;Visa
MGI:2444777	Ncaph	8.21	47.27	Ncaph;Brrn;Brrn1;Caph;mKIAA0074
MGI:2444782	Fkbp15	7.780000000000001	70.02	Fkbp15;Fkbp133;Kiaa0674;Cdc26;RP23-64F17.7-002
MGI:2444783	Gfm2	8.51	55.380000000000024	Gfm2;Efg2
MGI:2444804	Bod1l	11.690000000000001	16.469999999999995	A230054D04Rik;AF013969
MGI:2444813	Dglucy	24.27	737.17	9030617O03Rik
MGI:2444818	Micall2	5.75	34.42999999999999	Micall2;JRAB;mCG_121432
MGI:2444835	Ptgr3	6.93	106.68	Zadh2
MGI:2444848	Ptrh2	7.390000000000001	94.12999999999998	Ptrh2;Pth2
MGI:2444899	5031439G07Rik	20.319999999999997	17.640000000000004	Kiaa0930
MGI:2444926	Ckap4	10.49	127.10999999999997	Ckap4
MGI:2444947	Mical2	8.699999999999998	14.130000000000004	Mical2;mKIAA0750
MGI:2444981	Phldb2	6.559999999999999	13.460000000000003	Phldb2;Ll5b
MGI:2445001	Rab3gap1	11.12	88.88000000000001	Rab3gap1;Kiaa0066;Rab3gap
MGI:2445003	Arhgap1	14.020000000000001	50.63999999999999	Arhgap1;RP23-12H6.1-001
MGI:2445019	Pik3c3	9.2	5.73	Pik3c3
MGI:2445020	Exoc1	7.999999999999998	48.970000000000006	Exoc1;Sec3l1;Sec3
MGI:2445040	Tyw3	6.52	35.94	Tyw3
MGI:2445054	Senp1	7.13	13.889999999999999	Senp1;Supr2
MGI:2445089	Trappc12	11.809999999999999	51.959999999999994	Ttc15
MGI:2445102	Dhx33	4.89	13.779999999999998	Dhx33;RP23-83I13.4-001
MGI:2445114	Pisd	9.520000000000001	15.329999999999998	Pisd;mCG_2531
MGI:2445121	Slfn9	5.360000000000001	40.21999999999999	RP23-392I13.10-001;RP23-392I13.10-003
MGI:2445126	Tut4	6.21	32.44	Zcchc11
MGI:2445165	Elmod2	6.33	59.1	Elmod2
MGI:2445172	Arl4c		7.069999999999999	Arl4c;Arl7
MGI:2445173	Ppig	18.639999999999997	82.27000000000001	Ppig;RP23-174C9.2-007
MGI:2445193	Utp6	10.780000000000001	10.93	Utp6;Mhat
MGI:2445214	Lrif1	3.31	62.83999999999999	4933421E11Rik
MGI:2445217	Xpnpep3	5.91	119.68999999999997	Xpnpep3;E430012M05Rik;mCG_8794
MGI:2445220	Dcaf1	6.47	7.440000000000001	Vprbp;Kiaa0800
MGI:2445221	Cd109	26.60000000000001	19.95	Cd109
MGI:2445289	Plac8	11.53	29.1	Plac8
MGI:2446078	Thtpa	5.889999999999999	43.45000000000001	Thtpa
MGI:2446089	Flnb	20.049999999999997	81.03	Flnb
MGI:2446126	Phf3	6.739999999999999	58.270000000000024	Phf3
MGI:2446132	Bms1	13.95	29.639999999999997	Bms1;Bms1l
MGI:2446163	Fam120a	16.03	108.12999999999995	FAM120A;Kiaa0183;Ossa
MGI:2446173	Farp1		26.950000000000003	Farp1
MGI:2446176	Eif2b5	16.309999999999995	87.32000000000004	Eif2b5
MGI:2446180	Anks1	8.68	123.73000000000002	Anks1;RP23-31O23.1-002;Anks1a;Kiaa0229
MGI:2446186	Lpgat1	12.679999999999998	32.559999999999995	Lpgat1;Fam34a
MGI:2446190	Nup188	16.309999999999995	29.53	Nup188;Kiaa0169
MGI:2446193	Cnot12	8.750000000000002	32.52	Tnks1bp1;Kiaa1741;Tab182
MGI:2446216	Fbxo2	23.41	374.3999999999998	Fbxo2;RP23-139J21.11-001;mCG_16665;Fbx2
MGI:2446237	Vps33b	4.97	71.97000000000001	Vps33b
MGI:2446242	Atxn2l	6.83	37.580000000000005	Atxn2l;A2lp
MGI:2446244	Setd1a	5.29	30.43	Setd1a;BC010250
MGI:2446249	Edc4	9.39	58.7	Edc4
MGI:2446296	Sik3	12.46	52.62999999999999	Qsk;Kiaa0999;Sik3
MGI:2446632	Ago2	6.83	71.57999999999998	Eif2c2;Ago2;Kiaa4215
MGI:2446979	Kif18b	5.07	5.34	Kif18b
MGI:2447166	Cmtm7	10.979999999999999	47.06	Cmtm7;Cklfsf7;Lnv
MGI:2447364	Smg5	9.520000000000001	24.779999999999998	Smg5;Est1b;Kiaa1089
MGI:2447762	Yeats2	7.349999999999999	15.560000000000004	Yeats2;Kiaa1197
MGI:2447768	Fam193a	5.870000000000001	91.51999999999998	BC037112
MGI:2447810	Ltv1	8.48	13.739999999999998	Ltv1
MGI:2447811	Aldoart1	21.489999999999995	100.86000000000003	Aldoa;Aldo1;Aldoart1
MGI:2447857	Ppil2	10.869999999999997	12.990000000000002	Ppil2
MGI:2447876	Sec22a	11.169999999999998	55.66	Sec22a;Sec22l2
MGI:2448270	Rpl17		196.93	Rpl17;mCG_123291;mCG_50776
MGI:2448283	H2ac19		85.00000000000001	Hist2h2aa1;Hist2h2aa2;Hist2h2ac;Hist2h2ab
MGI:2448287	H2ac6		94.71000000000002	Hist1h2af;Hist3h2a;Hist1h2ab;Hist1h2ac;Hist1h2ad;Hist1h2ae;Hist1h2ag;Hist1h2ai;Hist1h2an;Hist1h2ao;Hist1h2ak;Hist1h2ah
MGI:2448289	H2ac7		94.71000000000002	Hist1h2af;Hist3h2a;Hist1h2ab;Hist1h2ac;Hist1h2ad;Hist1h2ae;Hist1h2ag;Hist1h2ai;Hist1h2an;Hist1h2ao;Hist1h2ak;Hist1h2ah
MGI:2448290	H2ac8		94.71000000000002	Hist1h2af;Hist3h2a;Hist1h2ab;Hist1h2ac;Hist1h2ad;Hist1h2ae;Hist1h2ag;Hist1h2ai;Hist1h2an;Hist1h2ao;Hist1h2ak;Hist1h2ah
MGI:2448293	H2ac11		94.71000000000002	Hist1h2af;Hist3h2a;Hist1h2ab;Hist1h2ac;Hist1h2ad;Hist1h2ae;Hist1h2ag;Hist1h2ai;Hist1h2an;Hist1h2ao;Hist1h2ak;Hist1h2ah
MGI:2448295	H2ac12		94.71000000000002	Hist1h2af;Hist3h2a;Hist1h2ab;Hist1h2ac;Hist1h2ad;Hist1h2ae;Hist1h2ag;Hist1h2ai;Hist1h2an;Hist1h2ao;Hist1h2ak;Hist1h2ah
MGI:2448297	H2ac15		94.71000000000002	Hist1h2af;Hist3h2a;Hist1h2ab;Hist1h2ac;Hist1h2ad;Hist1h2ae;Hist1h2ag;Hist1h2ai;Hist1h2an;Hist1h2ao;Hist1h2ak;Hist1h2ah
MGI:2448300	H2ac22		94.71000000000002	Hist1h2af;Hist3h2a;Hist1h2ab;Hist1h2ac;Hist1h2ad;Hist1h2ae;Hist1h2ag;Hist1h2ai;Hist1h2an;Hist1h2ao;Hist1h2ak;Hist1h2ah
MGI:2448302	H2ac23		94.71000000000002	Hist1h2af;Hist3h2a;Hist1h2ab;Hist1h2ac;Hist1h2ad;Hist1h2ae;Hist1h2ag;Hist1h2ai;Hist1h2an;Hist1h2ao;Hist1h2ak;Hist1h2ah
MGI:2448306	H2ac4		94.71000000000002	Hist1h2af;Hist3h2a;Hist1h2ab;Hist1h2ac;Hist1h2ad;Hist1h2ae;Hist1h2ag;Hist1h2ai;Hist1h2an;Hist1h2ao;Hist1h2ak;Hist1h2ah
MGI:2448309	H2ac10		94.71000000000002	Hist1h2af;Hist3h2a;Hist1h2ab;Hist1h2ac;Hist1h2ad;Hist1h2ae;Hist1h2ag;Hist1h2ai;Hist1h2an;Hist1h2ao;Hist1h2ak;Hist1h2ah
MGI:2448314	H2ac21		79.30416130317504	Hist2h2aa1;Hist2h2aa2;Hist2h2ac;Hist2h2ab
MGI:2448316	H2ac20		85.00000000000001	Hist2h2aa1;Hist2h2aa2;Hist2h2ac;Hist2h2ab
MGI:2448319	H3c2		79.66999999999999	Hist1h3b;H3-53;H3.2;H3b;Hist1h3c;H3-143;Hist1h3d;H3-B;Hist1h3e;H3-F;Hist1h3f;H3.2-221;H3f;Hist2h3b;H3.2-616;Hist2h3c1;H3.2-615;Hist2h3ca1;Hist2h3c2;H3.2-614;Hist2h3ca2
MGI:2448320	H3c3		79.66999999999999	Hist1h3b;H3-53;H3.2;H3b;Hist1h3c;H3-143;Hist1h3d;H3-B;Hist1h3e;H3-F;Hist1h3f;H3.2-221;H3f;Hist2h3b;H3.2-616;Hist2h3c1;H3.2-615;Hist2h3ca1;Hist2h3c2;H3.2-614;Hist2h3ca2
MGI:2448322	H3c4		79.66999999999999	Hist1h3b;H3-53;H3.2;H3b;Hist1h3c;H3-143;Hist1h3d;H3-B;Hist1h3e;H3-F;Hist1h3f;H3.2-221;H3f;Hist2h3b;H3.2-616;Hist2h3c1;H3.2-615;Hist2h3ca1;Hist2h3c2;H3.2-614;Hist2h3ca2
MGI:2448326	H3c6		79.66999999999999	Hist1h3b;H3-53;H3.2;H3b;Hist1h3c;H3-143;Hist1h3d;H3-B;Hist1h3e;H3-F;Hist1h3f;H3.2-221;H3f;Hist2h3b;H3.2-616;Hist2h3c1;H3.2-615;Hist2h3ca1;Hist2h3c2;H3.2-614;Hist2h3ca2
MGI:2448329	H3c7		79.66999999999999	Hist1h3b;H3-53;H3.2;H3b;Hist1h3c;H3-143;Hist1h3d;H3-B;Hist1h3e;H3-F;Hist1h3f;H3.2-221;H3f;Hist2h3b;H3.2-616;Hist2h3c1;H3.2-615;Hist2h3ca1;Hist2h3c2;H3.2-614;Hist2h3ca2
MGI:2448349	H3c10		71.22000000000001	Hist1h3a;H3a;Hist1h3g;H3.1-221;H3g;Hist1h3h;H3.1-291;H3h;Hist1h3i;H3.1-I;H3i
MGI:2448350	H3c11		71.22000000000001	Hist1h3a;H3a;Hist1h3g;H3.1-221;H3g;Hist1h3h;H3.1-291;H3h;Hist1h3i;H3.1-I;H3i
MGI:2448351	H3c13		79.66999999999999	Hist1h3b;H3-53;H3.2;H3b;Hist1h3c;H3-143;Hist1h3d;H3-B;Hist1h3e;H3-F;Hist1h3f;H3.2-221;H3f;Hist2h3b;H3.2-616;Hist2h3c1;H3.2-615;Hist2h3ca1;Hist2h3c2;H3.2-614;Hist2h3ca2
MGI:2448355	H3c14		79.66999999999999	Hist1h3b;H3-53;H3.2;H3b;Hist1h3c;H3-143;Hist1h3d;H3-B;Hist1h3e;H3-F;Hist1h3f;H3.2-221;H3f;Hist2h3b;H3.2-616;Hist2h3c1;H3.2-615;Hist2h3ca1;Hist2h3c2;H3.2-614;Hist2h3ca2
MGI:2448357	H3c15		79.66999999999999	Hist1h3b;H3-53;H3.2;H3b;Hist1h3c;H3-143;Hist1h3d;H3-B;Hist1h3e;H3-F;Hist1h3f;H3.2-221;H3f;Hist2h3b;H3.2-616;Hist2h3c1;H3.2-615;Hist2h3ca1;Hist2h3c2;H3.2-614;Hist2h3ca2
MGI:2448375	H2bc1		100.22000000000003	Hist1h2ba;Th2b
MGI:2448413	H2bc18		93.48	Hist2h2bb
MGI:2448419	H4c1		104.65000000000003	Hist1h4a;Hist1h4b;H4-53;Hist1h4c;H4-12;Hist1h4d;Hist1h4f;Hist1h4h;Hist1h4i;Hist1h4j;Hist1h4k;Hist1h4m;Hist2h4a;Hist2h4;Hist4h4
MGI:2448420	H4c2		104.65000000000003	Hist1h4a;Hist1h4b;H4-53;Hist1h4c;H4-12;Hist1h4d;Hist1h4f;Hist1h4h;Hist1h4i;Hist1h4j;Hist1h4k;Hist1h4m;Hist2h4a;Hist2h4;Hist4h4
MGI:2448421	H4c3		104.65000000000003	Hist1h4a;Hist1h4b;H4-53;Hist1h4c;H4-12;Hist1h4d;Hist1h4f;Hist1h4h;Hist1h4i;Hist1h4j;Hist1h4k;Hist1h4m;Hist2h4a;Hist2h4;Hist4h4
MGI:2448423	H4c4		104.65000000000003	Hist1h4a;Hist1h4b;H4-53;Hist1h4c;H4-12;Hist1h4d;Hist1h4f;Hist1h4h;Hist1h4i;Hist1h4j;Hist1h4k;Hist1h4m;Hist2h4a;Hist2h4;Hist4h4
MGI:2448425	H4c6		104.65000000000003	Hist1h4a;Hist1h4b;H4-53;Hist1h4c;H4-12;Hist1h4d;Hist1h4f;Hist1h4h;Hist1h4i;Hist1h4j;Hist1h4k;Hist1h4m;Hist2h4a;Hist2h4;Hist4h4
MGI:2448427	H4c8		104.65000000000003	Hist1h4a;Hist1h4b;H4-53;Hist1h4c;H4-12;Hist1h4d;Hist1h4f;Hist1h4h;Hist1h4i;Hist1h4j;Hist1h4k;Hist1h4m;Hist2h4a;Hist2h4;Hist4h4
MGI:2448432	H4c9		104.65000000000003	Hist1h4a;Hist1h4b;H4-53;Hist1h4c;H4-12;Hist1h4d;Hist1h4f;Hist1h4h;Hist1h4i;Hist1h4j;Hist1h4k;Hist1h4m;Hist2h4a;Hist2h4;Hist4h4
MGI:2448436	H4c11		104.65000000000003	Hist1h4a;Hist1h4b;H4-53;Hist1h4c;H4-12;Hist1h4d;Hist1h4f;Hist1h4h;Hist1h4i;Hist1h4j;Hist1h4k;Hist1h4m;Hist2h4a;Hist2h4;Hist4h4
MGI:2448439	H4c12		104.65000000000003	Hist1h4a;Hist1h4b;H4-53;Hist1h4c;H4-12;Hist1h4d;Hist1h4f;Hist1h4h;Hist1h4i;Hist1h4j;Hist1h4k;Hist1h4m;Hist2h4a;Hist2h4;Hist4h4
MGI:2448441	H4c17		104.65000000000003	Hist1h4a;Hist1h4b;H4-53;Hist1h4c;H4-12;Hist1h4d;Hist1h4f;Hist1h4h;Hist1h4i;Hist1h4j;Hist1h4k;Hist1h4m;Hist2h4a;Hist2h4;Hist4h4
MGI:2448443	H4c16		104.65000000000003	Hist1h4a;Hist1h4b;H4-53;Hist1h4c;H4-12;Hist1h4d;Hist1h4f;Hist1h4h;Hist1h4i;Hist1h4j;Hist1h4k;Hist1h4m;Hist2h4a;Hist2h4;Hist4h4
MGI:2448457	H2ac13		94.71000000000002	Hist1h2af;Hist3h2a;Hist1h2ab;Hist1h2ac;Hist1h2ad;Hist1h2ae;Hist1h2ag;Hist1h2ai;Hist1h2an;Hist1h2ao;Hist1h2ak;Hist1h2ah
MGI:2448458	H2ac25		94.71000000000002	Hist1h2af;Hist3h2a;Hist1h2ab;Hist1h2ac;Hist1h2ad;Hist1h2ae;Hist1h2ag;Hist1h2ai;Hist1h2an;Hist1h2ao;Hist1h2ak;Hist1h2ah
MGI:2448481	Mgst2	11.510000000000002	88.69000000000001	Mgst2;mCG_22172
MGI:2448489	Slc35e3		66.31	Slc35e3
MGI:2448490	Sbno2	4.86	107.96	Sbno2;Sno;Stno
MGI:2448501	Pip4p1	10.869999999999997	62.65999999999999	Tmem55b
MGI:2448506	Pi4ka	19.089999999999996	34.739999999999995	Pi4ka;Pik4ca
MGI:2448526	Gmps	13.18	46.92000000000001	Gmps
MGI:2448530	Vps13d	13.440000000000001	103.97999999999998	Vps13d;RP23-133N19.2-002;RP23-133N19.2-001
MGI:2448536	Pdap1	21.519999999999996	64.7	Pdap1
MGI:2448561	Ythdc2		49.32999999999999	Ythdc2
MGI:2448759	Cdv3	6.89	55.96000000000001	Cdv3
MGI:2449057	Gars1	13.120000000000003	151.29999999999995	Gars
MGI:2449119	A2m		122.06000000000004	A2mp;A2m
MGI:2449121	Nme7	11.61	19.259999999999998	Nme7
MGI:2449202	Tpm4	12.57	50.949999999999996	Tpm4
MGI:2449307	Upf2	6.6899999999999995	84.73999999999997	Upf2;RP23-307E15.7-001
MGI:2449311	Gemin5	16.069999999999997	72.76000000000002	Gemin5;RP23-293I3.4-001;RP23-293I3.4-002;RP23-293I3.4-004
MGI:2449313	Gemin4	5.98	69.27000000000001	Gemin4
MGI:2449316	Syne2	19.88	44.120000000000005	Syne2
MGI:2449939	Zgpat	4.57	26.590000000000003	Zgpat
MGI:2449973	Tbc1d17	9.980000000000002	36.010000000000005	Tbc1d17;mCG_23133
MGI:2450248	Tomm22	9.42	46.980000000000004	Tomm22;Tom22
MGI:2450915	Sec23ip	10.630000000000003	118.53999999999999	Sec23ip
MGI:2652132	Pttg1ip	13.650000000000002	8.340000000000002	Pttg1ip
MGI:2652847	Lrrc8a	4.31	38.629999999999995	Lrrc8a;Lrrc8
MGI:2654144	Ercc6l	4.26	38.15999999999999	Ercc6l
MGI:2654703	Otud7b	7.9799999999999995	24.419999999999998	Otud7b;mCG_122520
MGI:2654705	9530068E07Rik	15.689999999999996	5.96	Kct2
MGI:2655711	Rbm28	14.229999999999999	39.160000000000004	Rbm28
MGI:2656973	Dtx3l	5.04	66.26999999999997	Dtx3l;mCG_130160
MGI:2659071	Rapgef2	4.81	10.349999999999998	Rapgef2;Kiaa0313;Pdzgef1
MGI:2660674	Mrpl21	11.86	61.24	Mrpl21;D9Wsu149
MGI:2660880	Gmppb	8.24	463.2299999999999	Gmppb
MGI:2667176	Irgq	5.990000000000001	117.62000000000002	Irgq;Irgq1;Fksg27
MGI:2667185	Myo18a	15.199999999999998	109.85000000000002	Myo18a;Myspdz
MGI:2667252	Ehbp1	7.900000000000002	29.54	Ehbp1;Kiaa0903
MGI:2668828	H3c1		71.22000000000001	Hist1h3a;H3a;Hist1h3g;H3.1-221;H3g;Hist1h3h;H3.1-291;H3h;Hist1h3i;H3.1-I;H3i
MGI:2670965	Zfp598	9.269999999999998	33.82000000000001	Znf598;Zfp598
MGI:2670997	Scd4	9.290000000000001	5.24	Scd2;mCG_10078;Scd3;Scd1;Scd4;mCG_10079
MGI:2673002	Arhgef17	12.329999999999998	23.050000000000004	Arhgef17;Kiaa0337
MGI:2673709	Kntc1	11.869999999999997	55.80999999999998	Kntc1;Kiaa0166
MGI:2675856	Fez2	6.2700000000000005	12.479999999999999	Fez2
MGI:2675859	Wapl	6.7700000000000005	25.340000000000003	Wapal;Kiaa0261;Wapl
MGI:2676308	Gramd4	5.05	31.88	Gramd4;Dip;Kiaa0767;BC021523
MGI:2676368	Dnajc13	16.060000000000002	110.32	Dnajc13
MGI:2676921	Focad	20.49	102.86999999999999	Kiaa1797
MGI:2677270	Pdzd8	5.700000000000001	35.40999999999999	Pdzd8
MGI:2677480	Thoc6	4.78	149.15	Thoc6;Wdr58
MGI:2677849	Kyat3	15.799999999999997	254.48000000000002	Ccbl2;Kat3
MGI:2677850	Abitram	11.139999999999999	15.839999999999996	
MGI:2678952	Bloc1s3	6.65	108.80000000000004	Bloc1s3;Blos3;Rp
MGI:2679008	Fhod1	7.629999999999999	47.27	Fhod1;Fhos1
MGI:2679256	Fn3krp	5.34	222.53	RP23-293H17.3;BC032265;RP23-293H17.3-001;mCG_12377;Fn3krp
MGI:2679722	Cpsf1	11.230000000000002	51.36999999999999	Cpsf1;Cpsf160
MGI:2679787	Nploc4	10.389999999999999	57.45999999999999	Nploc4;Kiaa1499;Npl4
MGI:2679923	Skic3	9.520000000000001	82.43999999999998	Ttc37;AK129128
MGI:2681000	Rwdd4a	10.1	23.779999999999998	Rwdd4a
MGI:2681124	Urb2	6.17	65.16999999999999	Urb2
MGI:2681523	Tnpo1	11.98	51.95	Tnpo1;Kpnb2
MGI:2681828	Wdr81	8.570000000000002	23.069999999999997	Wdr81
MGI:2681836	Polr3a	6.370000000000001	6.28	Polr3a
MGI:2681840	Rsl24d1	7.25	22.55	BC003885;mCG_1025618;mCG_8046
MGI:2682305	Rsf1	6.93	29.959999999999997	Rsf1;Hbxap
MGI:2682306	Naf1	7.510000000000001	27.8	Naf1
MGI:2682314	Zc3h4	7.660000000000002	53.710000000000015	Zc3h4;Kiaa1064
MGI:2682319	Kmt2d	4.95	19.259999999999998	Mll2;BC032281
MGI:2682334	Smg7	4.84	21.880000000000003	Smg7;Est1c;Kiaa0250
MGI:2682639	Ddx31	7.22	86.25000000000003	Ddx31;RP23-338O4.4-001;mCG_116758
MGI:2683538	Lyrm4	9.489999999999998	109.76000000000005	Lyrm4
MGI:2683541	Mast3		32.06999999999999	Mast3;Kiaa0561
MGI:2683547	Plch1		141.52000000000007	Plch1;Kiaa1069;Plcl3
MGI:2683592	Dhps	6.83	30.15	Dhps
MGI:2684060	Akap11	7.290000000000001	4.68	Akap11;mKIAA0629
MGI:2684283	Tusc1	6.739999999999999	100.79	Tusc1
MGI:2684864	Pfas	5.990000000000001	188.20000000000007	Pfas;Kiaa0361
MGI:2684913	Nol10	9.650000000000002	19.390000000000004	Nol10;Gm67
MGI:2684917	Vcpkmt	7.849999999999998	112.31999999999995	Gm71
MGI:2684929	Dcaf13	8.59	7.869999999999999	Wdsof1;Gm83
MGI:2684954	Man1b1	12.049999999999999	31.169999999999995	Man1b1;RP23-47P18.1-001;mCG_20295
MGI:2684957	Rexo4	5.719999999999999	34.03	Rexo4;Gm111;Pmc2;Xpmc2h;RP23-414L19.9-002
MGI:2684980	Mms22l	8.14	24.12	RP23-136P3.1;RP23-136P3.1-001;F730047E07Rik
MGI:2684983	Ndufb6	17.03	50.980000000000004	Ndufb6;Gm137;RP23-9F23.5-002
MGI:2684984	Slc25a51	7.33	124.45999999999998	Mcart1;RP23-30F6.1-004
MGI:2684988	Pex10	4.83	119.42999999999998	Pex10
MGI:2684999	Tmf1	7.28	12.91	Tmf1;Gm153
MGI:2685013	Cog7	11.54	67.41	Cog7
MGI:2685015	Mtg1	7.58	48.059999999999995	Mtg1;Gm169;Gtpbp7
MGI:2685031	Leo1	7.869999999999999	66.45999999999998	Leo1;Gm185
MGI:2685083	Ado	5.38	39.74999999999999	Ado;Gm237
MGI:2685106	Mideas	3.47	18.23	C130039O16Rik
MGI:2685277	Zyg11b	7.050000000000001	8.599999999999998	Zyg11b;Kiaa1730
MGI:2685298	Trim56		9.08	Trim56
MGI:2685383	Rmi2	7.33	176.35000000000005	RMI2;Gm929
MGI:2685412	Bcl2l15	5.4	38.47	Bcl2l15;Gm566;AC124698.1-002
MGI:2685515	Arhgef40	9.179999999999998	29.93	Solo
MGI:2685541	Wdtc1	14.47	15.74	Wdtc1;Gm695;RP23-32C12.5-002
MGI:2685589	Parp4	10.809999999999999	49.85999999999999	Parp4;mKIAA0177
MGI:2685620	Uprt	3.8699999999999997	28.990000000000002	Uprt;RP23-92C4.1-001
MGI:2685808	Ap5b1	5.48	27.419999999999998	Gm962
MGI:2685815	Cfap58		114.66000000000001	Ccdc147
MGI:2685830	Nsl1	2.92	16.03	Nsl1
MGI:2686271	Opa3	6.24	71.89000000000001	Opa3
MGI:2686927	Ccdc102a	6.12	63.98000000000001	Ccdc102a
MGI:2686991	Tmem120a	12.83	90.34	Tmem120a;Tmpit
MGI:2687325	Pigs	21.849999999999998	49.59	Pigs
MGI:3026615	Tmt1a2	9.220000000000002	138.55999999999997	Mettl7a1;Mettl7a;UbiE1;Aam-B;Mettl7a2;UbiE2;Ubie;mCG_20149
MGI:3026965	Mcu	4.34	1365.9000000000003	Ccdc109a
MGI:3027896	Ppp4r2	6.349999999999999	20.28	Ppp4r2
MGI:3028576	Dhx37	11.1	15.509999999999998	Dhx37;mKIAA1517
MGI:3028642	Iqgap3	12.74	11.16	Iqgap3
MGI:3029632	Med13	4.4	74.12999999999998	Med13;Kiaa0593;Thrap1;Trap240
MGI:3036234	Hdac4	5.16	17.829999999999995	Hdac4
MGI:3036242	Camsap1	5.670000000000001	25.370000000000005	Camsap1
MGI:3036255	Tmtc3	10.25	57.96999999999999	Tmtc3
MGI:3036261	Afg2b		65.64	Spata5l1
MGI:3038613	Rragb	6.82	48.43999999999999	Rraga;Rragb
MGI:3039376	Dnph1	12.190000000000001	79.64000000000001	Rcl
MGI:3039573	Ttll12	17.239999999999995	139.33000000000007	Ttll12
MGI:3039607	Pigu	17.190000000000005	76.75000000000003	Pigu;Cdc91l1
MGI:3039623	Thada	9.630000000000003	38.88	Thada;Kiaa1767
MGI:3040669	Thoc2l	10.09	64.96	Thoc2;RP23-300D2.1-001;BC005561
MGI:3040672	Rpl23a		82.38	Rpl23a
MGI:3040677	Lsm14b	9.08	31.57	Lsm14b;RP23-23G3.5-001;Fam61b;BC040823
MGI:3040680	BC048507	36.17999999999999	49.78	Dynll1;Dlc1;Dncl1;Dnclc1;BC048507;mCG_49550
MGI:3041235	Ska3	3.7100000000000004	48.989999999999995	Ska3;Rama1
MGI:3042273	Nsfl1c	7.410000000000001	53.13000000000001	Nsfl1c;RP23-419G21.4-003
MGI:3045312	Krt90		3.89	4732456N10Rik
MGI:3045342	Zfp711	3.2299999999999995	8.019999999999998	Zfx;RP23-269L6.2-003;Zfa;Zfp711;RP23-336F13.2-002;RP23-336F13.2-003
MGI:3046173	Nup85	8.68	97.26	Nup85;Pcnt1
MGI:3047787	Pusl1	6.2700000000000005	158.45000000000005	Pusl1
MGI:3050795	Mrtfb	4.74	29.849999999999998	Mkl2;Mrtfb
MGI:3505790	Fcho2	5.33	77.92999999999999	Fcho2
MGI:3512628	Cbx6	8.22	3.6899999999999995	Cbx6;Nptxr;Npcd
MGI:3513266	Nt5dc3	4.8	47.39000000000001	Nt5dc3;Gnn
MGI:3525053	Ppp1r13l	7.6499999999999995	137.59999999999997	Ppp1r13l;Nkip1
MGI:3525201	Mdc1	10.41	21.02	Mdc1;Kiaa0170
MGI:3576504	Rtl8b		3.81	Cxx1a;Cxx1b;RP23-479D16.4-001;RP23-479D16.5-001;mCG_1026783
MGI:3577015	Otulin	8.609999999999998	62.66999999999999	Fam105b
MGI:3580376	Lemd3	3.48	50.65	Lemd3;Man1
MGI:3580629	Ugt1a6b	24.389999999999997	108.81000000000002	Ugt1a6;Ugt1;Ugt1a6a;Ugt1a6b;mCG_14318
MGI:3582693	Tor1aip1	8.520000000000001	94.62	Tor1aip1;Lap1B
MGI:3582695	Tor1aip2	5.75	11.49	Ifrg15
MGI:3583942	Chmp6	10.450000000000001	79.38999999999999	Chmp6
MGI:3588215	Tubal3		87.74000000000002	Tubal3
MGI:3603816	Gpat3	5.22	36.32000000000001	Agpat9;Gpat3
MGI:3606051	Sowahc	3.49	35.12	Ankrd57
MGI:3606062	Pcyox1l	6.359999999999999	147.37000000000006	Pcyox1l
MGI:3609243	Isoc2a	8.529999999999998	438.94999999999993	Isoc2a;Isoc2
MGI:3612340	Ehbp1l1	12.059999999999999	24.480000000000004	Ehbp1l1
MGI:3612444	BC085271	10.539999999999997	285.0999999999999	Set;RP23-261D24.1-004;BC085271;RP23-261D24.1-003
MGI:3615484	Tagap	3.29	26.60000000000001	Tagap1;Fksg15;Tagap;Fgfr1op
MGI:3616079	Dnaaf5	8.169999999999998	23.529999999999998	Heatr2
MGI:3616088	Ogdhl	9.9	168.41	Ogdhl
MGI:3629975	Krt74		113.57999999999998	Krt74;Kb37
MGI:3642080	BC094435		52.050000000000004	Folr1
MGI:3643578	Gm6793		177.27000000000007	Hnrnpa3;Hnrpa3;EG627828
MGI:3643620	Cks1brt		13.9	EG624855;mCG_132387;Cks1b;Cks1;Sid1334
MGI:3644552	F630007L15Rik		22.000000000000004	Fv4;Env;EG641366;BC005512
MGI:3648294	Tnrc18	9.819999999999999	11.8	Tnrc18;Kiaa1856;Zfp469
MGI:3649546	Pin1rt1	8.3	50.47	Pin1l;OTTMUSG00000014964;mCG_20568
MGI:3649769	Srsf3-ps	12.1	97.96999999999998	Sfrs3;Srp20;X16;OTTMUSG00000006392;RP23-438D7.4-001;mCG_21910
MGI:3649794	Gm11353	16.360000000000003	155.40999999999994	Rps8;OTTMUSG00000000623;RP23-169M24.1-001;mCG_7626
MGI:3649879	Gm12620	10.959999999999999	89.86999999999999	Pabpc4;RP23-138L21.11-003;RP23-138L21.11-004;RP23-138L21.11-002;OTTMUSG00000007757
MGI:3649931	Rps18-ps5		169.16000000000005	Rps18;OTTMUSG00000000655;RP23-371K8.1-001;mCG_116671
MGI:3651567	Ptma-ps2	23.62	78.31999999999998	Ptma;OTTMUSG00000007209;mCG_1041267
MGI:3665486	Krt87		100.32000000000002	Krt85;Krt2-18;Krthb5;Krt83;Kb25;Krt2-25;Krt86;Krt2-10;Krthb6;Krt81;Krt2-19;5430421N21Rik
MGI:3690448	Krt83		100.32000000000002	Krt85;Krt2-18;Krthb5;Krt83;Kb25;Krt2-25;Krt86;Krt2-10;Krthb6;Krt81;Krt2-19;5430421N21Rik
MGI:3693832	Aktip	14.580000000000004	80.64	Aktip;Fif;Ft1;Fts
MGI:3702066	Cwc22rt3	4.03	13.349999999999998	Cwc22;Ncm;RP23-65N20.1;BC003993;RP23-65N20.1-007;mCG_12441;OTTMUSG00000013393;RP23-141N19.10-001;RP23-141N19.11-001;RP23-141N19.12-001;RP23-141N19.6-001;RP23-141N19.7-001;RP23-141N19.9-001;OTTMUSG00000013391;RP23-141N19.8-001;RP23-65N20.1-012
MGI:3702070	Cwc22rt7	4.03	13.349999999999998	Cwc22;Ncm;RP23-65N20.1;BC003993;RP23-65N20.1-007;mCG_12441;OTTMUSG00000013393;RP23-141N19.10-001;RP23-141N19.11-001;RP23-141N19.12-001;RP23-141N19.6-001;RP23-141N19.7-001;RP23-141N19.9-001;OTTMUSG00000013391;RP23-141N19.8-001;RP23-65N20.1-012
MGI:3704259	Rps16-ps2	19.230000000000004	137.04999999999998	ENSMUSG00000060419;Rps16
MGI:3704339	Gsta5		7.2	Gsta1;Gsta;Gstya;Gsta2;ENSMUSG00000074179;mCG_129928
MGI:3708816	Luzp4		32.4	RP23-18D18.4-001;RP23-61E13.2-001;Luzp4;RP23-463M4.2-001
MGI:3710243	Myh7b		138.33000000000007	Myh7b
MGI:3712219	Gm15128		25.59	OTTMUSG00000019145;RP23-327E13.2-001;OTTMUSG00000018984;RP23-291C10.1-001;Ott
MGI:3712326	Parp10	9.47	61.77000000000003	Parp10;Plec1
MGI:3712496	Gm15093		25.59	OTTMUSG00000019145;RP23-327E13.2-001;OTTMUSG00000018984;RP23-291C10.1-001;Ott
MGI:3714359	Srp54c		32.760000000000005	Srp54;Srp54c
MGI:3780112	Cyp4f37	11.289999999999997	15.400000000000002	Cyp4f16;677156;Cyp4f37;EG623748;mCG_125471
MGI:3780996	Dynlt1f		16.96	Dynlt1;Tctel1;Tctex-1;Tctex1;Dynlt1f;100040531;Dynlt1c;Dynlt1b
MGI:3807476	Dynlt1c		16.96	Dynlt1;Tctel1;Tctex-1;Tctex1;Dynlt1f;100040531;Dynlt1c;Dynlt1b
MGI:3818630	Sco2	6.47	57.020000000000024	Sco2
MGI:5141924	Pakap	8.396951827895641	17.452578606039857	Akap2;Palm2;RP23-334A5.1-005
MGI:700006	Dbnl	13.660000000000002	53.65999999999999	Dbnl;Abp1;Sh3p7
MGI:700010	Sh3gl1	6.9	37.709999999999994	Sh3gl1;Sh3d2b
MGI:700012	Ostf1	17.340000000000003	70.73000000000002	Ostf1;Sh3d3;Sh3p2
MGI:700013	Sorbs3	11.009999999999998	12.599999999999996	Sorbs3;Scam1;Sh3d4
MGI:87866	Acadl	15.869999999999997	433.64999999999986	Acadl
MGI:87867	Acadm	11.459999999999999	957.2499999999999	Acadm
MGI:87868	Acads	9.36	694.5100000000001	Acads
MGI:87870	Acat1	21.11	494.35999999999984	Acat1
MGI:87871	Acat2	11.63	5763.7000000000035	Acat2;Acat3
MGI:87879	Aco1	13.120000000000003	31.760000000000005	Aco1;Ireb1;Irebp;RP23-9F23.1-001;mCG_9710
MGI:87880	Aco2	18.21	706.5900000000003	Aco2
MGI:87881	Acp1	7.655240035426715	110.37932279190699	Acp1
MGI:87882	Acp2	10.420000000000002	59.6	Acp2;RP23-20F9.7-005;RP23-20F9.7-004
MGI:87904	Actb	11.21	61.92	Actb
MGI:87906	Actg1		73.08000000000001	Actg1;Actl
MGI:87909	Acta2	18.37	58.86000000000002	Acta2;Actsa;Actvs;Actg2;Acta3;Actsg
MGI:87913	Acy1	12.0	219.4699999999999	Acy1
MGI:87918	Add1	15.88	15.219999999999999	Add1
MGI:87920	Plin2	11.070000000000002	5.75	Adfp;Adrp;RP23-95O1.5-008
MGI:87926	Adh7	12.279999999999998	272.78	Adh7;Adh-3;Adh3;Rg9mtd2
MGI:87929	Adh5	12.380000000000003	238.77000000000007	Adh5;Adh-2;Adh2
MGI:87930	Adk	14.7	308.67	Adk
MGI:87940	Grk2	12.639999999999999	22.38	Adrbk1;Grk2
MGI:87948	Adss2	8.449999999999998	67.31	Adss;Adss2
MGI:87968	Ahcy	15.839999999999996	129.58999999999995	Ahcy
MGI:87977	Ak1	9.189999999999998	123.47999999999999	Ak1
MGI:87978	Ak2	7.6899999999999995	197.48999999999995	Ak2
MGI:87979	Ak4	5.88	162.41999999999993	Ak3l1;Ak-4;Ak3b;Ak4;RP23-301M3.3-004;RP23-301M3.3-006;RP23-301M3.3-002
MGI:87986	Akt1	15.99	27.790000000000003	Akt1;Akt;Rac
MGI:87994	Aldoa	21.489999999999995	100.86000000000003	Aldoa;Aldo1;Aldoart1
MGI:88016	Ampd2	9.31	56.18999999999999	Ampd2;RP23-89M15.1-003;mCG_4058
MGI:88025	Ank2	7.400000000000001	124.31204285989352	Ank2
MGI:88026	Ank3	9.05	50.370000000000005	Ank3;ANK3
MGI:88030	Anxa4	16.85	167.55000000000004	Anxa4;mCG_130515;Anx4
MGI:88031	Anxa7	12.580000000000002	66.45999999999998	Anxa7;mCG_5956;Anx7
MGI:88034	Prdx3	10.429999999999998	3323.460000000001	Prdx3;Aop1;Mer5
MGI:88042	Apex1	8.43	143.91000000000003	Apex1;Ape;Apex
MGI:88061	Aprt	11.59	133.56999999999994	Aprt;aprt
MGI:88065	Araf	10.29	50.34	Araf;A-raf;Araf1
MGI:88075	Arsb	39.779999999999994	245.33999999999995	Arsb;As1;As1-s
MGI:88077	Arsa	18.21	16.640000000000004	Arsa;mCG_6813;As2
MGI:88084	Asl	12.729999999999999	364.82999999999987	Asl
MGI:88090	Ass1	13.660000000000002	50.769999999999996	Ass1;Ass
MGI:88105	Atp1a1	25.340000000000003	20.120000000000005	Atp1a1
MGI:88110	Atp2a2	15.839999999999996	30.290000000000003	Atp2a2
MGI:88115	Atp5f1a	19.100000000000005	412.94000000000017	Atp5a1
MGI:88116	Atp6v0c		660.7199999999998	Atp6v0c;Atp6c;Atp6l;Atpl;Mvp
MGI:88117	Slc7a1	6.499999999999999	28.309999999999995	Slc7a1;Atrc1;Rec-1
MGI:88127	B2m	16.05	2.91	B2m
MGI:88137	Bckdhb		104.26000000000002	Bckdhb
MGI:88139	Bcl2l1	5.5	20.82	Bcl2l1;Bcl2l;Bclx;RP23-106A3.4-002;RP23-106A3.4-007;RP23-106A3.4-005;RP23-106A3.4-006
MGI:88141	Bcr	11.070000000000002	30.120000000000005	Bcr;Kiaa3017
MGI:88151	Glb1	18.51	426.3999999999999	Glb1;Bgl;Glb-1
MGI:88158	Bgn	28.309999999999995	0.62	Bgn
MGI:88170	Blvra	9.320000000000002	146.27999999999997	Blvra;RP23-26A12.2-004
MGI:88192	Smarca4	18.590000000000003	24.530000000000005	Smarca4
MGI:88208	Bsg	20.969999999999995	33.48	Bsg
MGI:88218	Commd3	5.719999999999999	38.92	Commd3;Bup
MGI:88222	Tspo	17.789999999999996	2269.199999999999	Tspo;Bzrp;Mbr
MGI:88246	Anxa2	15.100000000000003	232.62000000000003	Anxa2;Anx2;Cal1h;CT009708.1-003;CT009708.1-004
MGI:88250	Cald1	14.659999999999998	46.60999999999999	Cald1
MGI:88251	Calm1	10.1	115.89000000000003	Calm1;Calm;Cam;Cam1;Calm2;Cam2;Camb;Calm3;Cam3;Camc;Calml3
MGI:88252	Calr	34.09	135.41	Calr
MGI:88255	Anxa6	19.670000000000005	121.32000000000002	Anxa6;Anx6
MGI:88259	Camk2g	5.650000000000001	99.98999999999997	Camk2g
MGI:88261	Canx	28.799999999999997	136.42000000000002	Canx
MGI:88262	Cap1	13.519999999999998	68.07000000000002	Cap1;Cap
MGI:88263	Capn1	16.520000000000003	149.70000000000005	Capn1;Canp1;Capa1
MGI:88264	Capn2	12.339999999999998	107.36999999999999	Capn2
MGI:88266	Capns1	15.089999999999998	86.79000000000002	Capns1;Capn4
MGI:88271	Cat	12.819999999999999	26.370000000000005	Cat;Cas-1;Cas1
MGI:88274	Ctnna1	16.120000000000005	9.339999999999998	Ctnna1;Catna1
MGI:88276	Ctnnb1	10.859999999999998	14.419999999999998	Ctnnb1;Catnb
MGI:88279	Cbl	4.539999999999999	29.590000000000003	Cbl
MGI:88283	Serpinh1	23.84	167.67999999999998	Serpinh1;Cbp1;Hsp47
MGI:88295	Cacna2d1	12.779999999999998	25.680000000000003	Cacna2d1;Cacna2
MGI:88313	Ccnd1	13.999999999999996	1.31	Ccnd1;Cyl-1
MGI:88318	Cd14	5.809999999999999	21.89	Cd14
MGI:88329	Cd34	20.14	46.45000000000001	Cd34
MGI:88338	Cd44	10.989999999999998	23.649999999999995	Cd44;Ly-24;RP23-203N8.3-010;RP23-203N8.3-003;RP23-203N8.3-009;RP23-203N8.3-006;RP23-203N8.3-004
MGI:88348	Cd9	14.860000000000001	32.19	Cd9
MGI:88351	Cdk1	8.9	21.880000000000003	Cdc2;Cdc2a
MGI:88353	Cdk11b	10.189999999999998	64.09999999999998	Cdc2l1
MGI:88355	Cdh2	19.230000000000004	13.209999999999999	Cdh2;mCG_141325
MGI:88357	Cdk4	10.49	6.96	Cdk4;Crk3
MGI:88373	Cebpb	5.360000000000001	5.57	Cebpb
MGI:88381	F3	2.9300000000000006	5.58	F3;Cf-3;Cf3
MGI:88393	Chd1	4.71	27.490000000000002	Chd1;Chd-1;mCG_4508
MGI:88431	Cnbp	8.730000000000002	37.269999999999996	Cnbp;Cnbp1;Znf9
MGI:88454	Col4a1	23.659999999999997	4.19	Col4a1
MGI:88455	Col4a2	24.340000000000003	3.8300000000000005	Col4a2
MGI:88457	Col5a1	17.95	6.29	Col5a1
MGI:88458	Col5a2	31.209999999999997	3.55	Col5a2
MGI:88459	Col6a1	34.18999999999999	2.34	Col6a1
MGI:88460	Col6a2	39.089999999999996	2.79	Col6a2
MGI:88461	Col6a3		6.11	Col6a3
MGI:88462	Col7a1	9.610000000000001	7.669999999999999	Col7a1
MGI:88467	Col1a1	33.14000000000001	2.87	Col1a1;Cola1
MGI:88468	Col1a2	40.470000000000006	2.7799999999999994	Col1a2;Cola2
MGI:88470	Comt	10.959999999999999	69.09	Comt;Comt1
MGI:88473	Cox4i1	15.219999999999999	172.45000000000002	Cox4i1;Cox4;Cox4a
MGI:88474	Cox5a	12.240000000000002	149.52	Cox5a
MGI:88475	Cox5b	10.94	212.50000000000006	Cox5b;RP23-298F22.4-001;mCG_17741;mCG_23026
MGI:88476	Cp	23.230000000000004	10.9	Cp
MGI:88494	Creb1	7.42	22.499999999999996	Creb1;Creb-1
MGI:88508	Crk	6.28	60.93351786988828	Crk;Crko;RP23-136K12.1-003
MGI:88516	Cryab	19.69	14.379999999999999	Cryab;Crya2
MGI:88529	Cs	18.48	317.08000000000004	Cs
MGI:88543	Csnk2a1	6.6899999999999995	41.57	Csnk2a1;Ckiia
MGI:88547	Csnk2a2	10.539999999999997	58.739999999999995	Csnk2a2
MGI:88548	Csnk2b	13.450000000000001	63.12000000000002	Csnk2b;Ck2n
MGI:88549	Csrp1	13.120000000000003	29.67000000000001	Csrp1;Crp1;Csrp
MGI:88557	Pcyt1a	13.079999999999998	48.81999999999999	Pcyt1a;Ctpct;Pcyt1
MGI:88562	Ctsd	27.46	90.42000000000002	Ctsd
MGI:88564	Ctsl	18.409999999999997	1.13	Ctsl1;Ctsl
MGI:88568	Cux1	10.039999999999997	26.770000000000003	Cux1;Cutl1;Cux;Kiaa4047;CASP
MGI:88578	Cycs		145.82000000000002	Cycs
MGI:88613	Ccn1	3.13	0.8	Cyr61;Ccn1;Igfbp10
MGI:88930	Reep3	12.74	7.619999999999999	Reep3;D10Ucla1
MGI:891963	Ywhaq	10.89	98.30999999999997	Ywhaq
MGI:891964	Xrn1	7.510000000000001	31.250000000000007	Xrn1;Dhm2;Exo;Sep1
MGI:891965	Vps45	13.530000000000003	83.21999999999997	Vps45;Vps45a
MGI:891995	Mapre1	16.5	48.00000000000001	Mapre1
MGI:891999	Adarb1	6.990000000000001	39.24999999999999	Adarb1;Adar2;Red1
MGI:892003	Tcof1	12.47	116.93999999999998	Tcof1
MGI:892979	Chm	7.810000000000001	20.3	Chm;Rep1;RP23-213K6.2-001;RP23-213K6.2-002
MGI:892995	Dnajc5	8.750000000000002	41.79999999999999	Dnajc5;Csp;RP23-33L3.3-005
MGI:893575	Plscr1	7.610000000000002	27.579999999999995	Plscr1;Tra1b;Tras1
MGI:893577	Stx4a	9.11	51.150000000000006	Stx4;Stx4a
MGI:893579	Khdrbs1	14.35	68.86000000000003	Khdrbs1
MGI:893586	Snu13	12.269999999999998	48.78	Nhp2l1;Ssfa1
MGI:893587	Dok1	4.58	13.279999999999998	Dok1;Dok
MGI:893588	Cirbp	5.9	56.91000000000001	Cirbp;Cirp
MGI:893597	Frg1	6.999999999999999	15.100000000000003	Frg1
MGI:894286	P4ha2	19.790000000000003	68.64	P4ha2;RP23-309E16.6-002;mCG_13782
MGI:894292	Mtr	13.0	11.42	Mtr
MGI:894293	Smad4	7.440000000000001	41.040000000000006	Smad4;Dpc4;Madh4;mCG_19685
MGI:894297	Clta	14.63	121.89000000000004	Clta;RP23-209M8.4-003;RP23-209M8.4-002;mCG_16456;RP23-209M8.4-005;RP23-209M8.4-004
MGI:894308	Rab21	9.630000000000003	55.24	Rab21
MGI:894310	Septin8	13.720000000000002	55.61999999999999	Sept8;RP23-188H3.2-004;RP23-188H3.2-003;Kiaa0202;RP23-188H3.2-007
MGI:894313	Rab6a	9.589999999999998	66.81999999999996	Rab6a;Rab6;MNCb-1660
MGI:894315	Rap1b	8.64	47.02000000000001	Rap1b
MGI:894318	Cdk14	9.3	12.47	Pftk1
MGI:894320	Prdx6	18.240000000000002	206.9384836128843	Prdx6;Aop2;Ltw4;Prdx5
MGI:894323	Ranbp2	6.66	61.880000000000024	Ranbp2
MGI:894326	Atp6v1e1	9.47	32.910000000000004	Atp6v1e1;Atp6e;Atp6e2
MGI:894407	Tmem165	8.67	33.690000000000005	Tmem165;Tparl
MGI:894652	Usp10	7.400000000000001	71.77000000000002	Usp10;Ode-1;Uchrp
MGI:894653	Npm3	12.729999999999999	65.66999999999999	Npm3
MGI:894668	Serpinb9b	15.079999999999998	126.36	Serpinb9b
MGI:894678	Aurka	5.52	4.73	Aurka;Ark1;Ayk1;Iak1;Stk6
MGI:894681	Usp9x	16.240000000000002	21.540000000000003	Usp9x;RP23-216M21.1-001
MGI:894684	Pa2g4	20.17	50.1	Pa2g4;Ebp1;Plfap
MGI:894687	Xrn2	11.499999999999998	48.42000000000001	Xrn2;Dhm1
MGI:894688	Serpinb6b	8.59	150.59999999999997	Serpinb6b;mCG_17890
MGI:894689	Ywhae	17.749999999999996	143.70999999999998	Ywhae;RP23-78H4.1-005
MGI:894694	Galnt2	17.169999999999998	28.259999999999998	Galnt2
MGI:894697	Rad54l	7.629999999999999	44.42000000000001	Rad54l;Rad54
MGI:894703	Unc5b	7.999999999999998	6.0	Unc5b;Unc5h2
MGI:894806	Mylk	16.32	43.290000000000006	Mylk
MGI:894835	Rbbp6	5.839999999999999	22.41	Rbbp6;P2pr;Pact
MGI:895149	Acadvl	12.219999999999999	64.54999999999998	Acadvl;Vlcad;RP23-172M21.11-002
MGI:90169	Dhrs4	11.459999999999999	212.3199999999999	Dhrs4;D14Ucla2;mCG_20923
MGI:90675	Vars1	14.670000000000003	119.31	Vars;Bat6;G7a;Vars2
MGI:90676	Lsm2	8.59	94.25	Lsm2;G7b;Sm-X5;SmX5;mCG_15927;SmX5b
MGI:91860	Dcaf8	9.460000000000003	11.11	Wdr42a;D1Ucla4;H326
MGI:92356	Csde1	10.429999999999998	23.969999999999995	Csde1;D3Jfr1;mKIAA0885
MGI:94865	Dbi	15.82	519.9800000000001	Dbi;mCG_17804
MGI:94871	Eci1	9.579999999999998	314.0600000000001	Dci;mCG_12836
MGI:94890	Dhfr	13.750000000000002	55.129999999999995	Dhfr
MGI:94893	Cyb5r3	19.27	204.72000000000006	Cyb5r3;Dia1
MGI:94909	Dmd		29.93	Dmd;RP23-58B9.1-001
MGI:94912	Dnmt1	12.679999999999998	12.44426775668219	Dnmt1;Dnmt;Met1;Uim
MGI:95049	Ubl4a	7.19	28.180000000000003	Ubl4a;Gdx;Ubl4
MGI:95278	Epha2	5.1	9.35	Epha2;RP23-308N2.1-001;mCG_10037;Eck;Sek2
MGI:95281	Ect2	6.42	17.609999999999996	Ect2
MGI:95286	Eed	5.33	37.1	Eed
MGI:95288	Eef2	22.62	59.33000000000002	Eef2
MGI:95294	Egfr	8.32	12.710000000000003	Egfr
MGI:95298	Eif1a	5.650000000000001	40.25999999999999	Eif1a;EG435337;BB287469
MGI:95299	Eif2s1	11.919999999999998	194.28000000000006	Eif2s1;Eif2a
MGI:95300	Eif2b4	8.49	72.67	Eif2b4;Eif2b;Eif2bd;Jgr1a;mCG_141150
MGI:95301	Eif3a	10.25	49.89000000000001	Eif3a;Csma;Eif3;Eif3s10
MGI:95303	Eif4a1	5.86	47.91	Eif4a1;Ddx2a;Eif4a
MGI:95304	Eif4b	9.829999999999998	79.14999999999998	Eif4b
MGI:95305	Eif4e	10.25	115.61999999999999	Eif4e
MGI:95309	Eif5	11.44	46.02000000000001	Eif5
MGI:95321	Emb	23.79	41.85000000000001	Emb;Gp70
MGI:95393	Eno1	12.779999999999998	214.80000000000004	Eno1;Eno-1;RP23-278I3.3-002
MGI:95395	Eno3	14.830000000000002	158.99	Eno3;Eno-3;DN-183N8.17-004;RP23-326P7.4-004
MGI:95401	Epb41	14.260000000000002	15.309999999999997	Epb4.1;RP23-13A13.5-008;Epb41;Kiaa4056;RP23-13A13.5-010;RP23-13A13.5-005;RP23-13A13.5-003;RP23-13A13.5-006;RP23-13A13.5-009
MGI:95403	Stom	14.640000000000004	32.51	Stom;Epb7.2;Epb72
MGI:95405	Ephx1	24.949999999999996	438.04	Ephx1;Eph1;mCG_19843
MGI:95410	Erbb2	10.590000000000002	18.519999999999996	Erbb2;Kiaa3023;Neu
MGI:95412	Ercc1	7.710000000000001	30.060000000000006	Ercc1;Ercc-1;mCG_4847
MGI:95421	Esd	13.369999999999996	90.61000000000003	Esd;Es10;Sid478
MGI:95453	Smarcad1	4.41	20.48	Smarcad1;Etl1;Kiaa1122
MGI:95481	Ptk2	12.35	45.650000000000006	Ptk2;Fadk;Fak;Fak1;Kiaa4203
MGI:95485	Fasn	12.779999999999998	73.86999999999998	Fasn
MGI:95486	Fbl	10.539999999999997	191.08000000000007	Fbl
MGI:95488	Fbln2	18.339999999999996	5.49	Fbln2;mCG_130430
MGI:95513	Fech		47.96999999999999	Fech
MGI:95530	Fh1	11.430000000000001	248.05	Fh;Fh1
MGI:95541	Fkbp1a	14.950000000000001	57.119999999999976	Fkbp1a;Fkbp1
MGI:95542	Fkbp2	11.78	134.20000000000002	Fkbp2;Fkbp13
MGI:95543	Fkbp4	20.39	168.68999999999994	Fkbp4
MGI:95556	Flna	20.850000000000005	88.76000000000005	Flna;Fln;Fln1;RP23-436K3.1-003;RP23-436K3.1-002
MGI:95557	Flnc	17.980000000000004	153.76	Flnc;Abpl;Fln2
MGI:95558	Flt1		111.38999999999997	Flt1;Emrk2;Flt
MGI:95564	Fmr1	9.579999999999998	56.83000000000001	Fmr1;Fmr-1
MGI:95576	Fpgs	6.55	7.269999999999999	Fpgs
MGI:95588	Fth1	22.910000000000004	13.130000000000003	Fth1;Fth
MGI:95589	Ftl1	15.359999999999996	15.71	Ftl1;Ftl;Ftl-1;Ftl2;Ftl-2
MGI:95590	Ftl2-ps	15.359999999999996	15.71	Ftl1;Ftl;Ftl-1;Ftl2;Ftl-2
MGI:95598	Fv4		22.000000000000004	Fv4;Env;EG641366;BC005512
MGI:95602	Fyn	11.839999999999998	90.72000000000004	Fyn
MGI:95606	Xrcc6	10.739999999999998	58.360000000000014	Xrcc6;G22p1;Ku70
MGI:95610	Gabpa	9.889999999999999	14.899999999999997	Gabpa;E4tf1a
MGI:95654	Gart	14.130000000000004	98.36999999999996	Gart
MGI:95665	Gba1	14.620000000000003	37.52	Gba
MGI:95679	Gpd1		216.71000000000004	Gpd1;Gdc-1;Gdc1;Kiaa4010
MGI:95698	Gfpt1	11.12	222.16999999999996	Gfpt1;Gfpt
MGI:95730	Galk1	17.23	251.4600000000001	Galk1;Galk;Glk
MGI:95739	Glul	7.999999999999998	13.099999999999998	Glul;Glns
MGI:95742	Glo1	7.79	162.68000000000006	Glo1
MGI:95745	Hagh	13.679999999999998	111.04999999999997	Hagh;Glo2
MGI:95752	Gls	8.48	40.02	Gls;mKIAA0838
MGI:95753	Glud1	14.240000000000002	198.14999999999998	Glud1;Glud
MGI:95755	Slc2a1	9.2	20.51	Slc2a1;Glut-1;Glut1
MGI:95764	Gnl1	18.74	208.21000000000006	Gnl1;Gna-rs1;Mmr1
MGI:95766	Gna11	13.300000000000002	25.85	Gna11;Gna-11
MGI:95767	Gna12	6.59	12.61	Gna12;Gna-12
MGI:95768	Gna13	4.56	19.379999999999995	Gna13;Gna-13
MGI:95771	Gnai1	18.79	31.450000000000003	Gnai2;Gnai-2;Gnai1
MGI:95772	Gnai2	18.79	31.450000000000003	Gnai2;Gnai-2;Gnai1
MGI:95773	Gnai3	9.260000000000002	22.55	Gnai3
MGI:95775	Gnao1	15.38	32.21	Gnao1;Gna0;Gnao
MGI:95776	Gnaq	8.380000000000003	30.68	Gnaq
MGI:95777	Gnas	25.289999999999996	21.300000000000004	Gnas;Gnas1;MNCb-5546
MGI:95781	Gnb1	18.7	18.960000000000004	Gnb1
MGI:95784	Gnb2	15.439999999999998	19.76	Gnb2
MGI:95787	Gng7	18.999999999999996	37.839999999999996	Gng7;Gngt7
MGI:95791	Got1	8.5	722.1900000000002	Got1
MGI:95792	Got2	15.82	208.11000000000007	Got2;Got-2
MGI:95797	Gpi1	27.15	167.28000000000006	Gpi;Gpi1
MGI:95804	Gsr	9.55	133.23999999999998	Gsr;Gr1
MGI:95805	Grb2	8.449999999999998	17.219999999999995	Grb2;RP23-28I4.1-004
MGI:95806	Tle5	22.71	7.25	Aes;Esp1;Grg
MGI:95824	Nr3c1	5.17	32.86999999999999	Nr3c1;Grl;Grl1
MGI:95834	Pdia3	25.680000000000003	86.35999999999999	Pdia3;Erp;Erp60;Grp58
MGI:95835	Hspa5	16.069999999999997	196.27000000000007	Hspa5;Grp78
MGI:95851	Gsn	19.790000000000003	265.83	Gsn;Gsb
MGI:95852	Gss	14.809999999999997	105.47	Gss
MGI:95861	Gstm2	21.48	3809.5999999999995	Gstm2
MGI:95863	Gsta2		7.2	Gsta1;Gsta;Gstya;Gsta2;ENSMUSG00000074179;mCG_129928
MGI:95864	Gstp2	21.210000000000004	272.68	Gstp1;Gstpib;Gstp2;Gstpia
MGI:95865	Gstp1	21.210000000000004	272.68	Gstp1;Gstpib;Gstp2;Gstpia
MGI:95871	Guk1	12.710000000000003	136.89	Guk1;Gmk
MGI:95872	Gusb	17.589999999999996	121.95999999999995	Gusb;Gus;Gus-s
MGI:95886	H13	27.66	45.53000000000001	H13;Hm13;Psl3;RP23-35I8.11-003
MGI:95893	H1f0	6.9	146.85999999999996	H1f0;H1fv
MGI:95896	H2-D1	23.869999999999997	7.160000000000001	H2-Q2;H2-D1;H2-L;H-2D
MGI:95904	H2-K1		5.91	H2-K1;H2-K
MGI:95908	Pfdn6	11.11	44.50000000000001	Pfdn6;H2-Ke2;Pfd6
MGI:95909	Slc39a7	10.72	143.52999999999994	Slc39a7;H2-Ke4;Hke4
MGI:95911	Hsd17b8	5.02	5.62	Hsd17b8;H2-Ke6;Hke6
MGI:95912	H2-L	23.869999999999997	7.160000000000001	H2-Q2;H2-D1;H2-L;H-2D
MGI:95915	H2-M3	10.379999999999999	8.309999999999999	H2-M3;H2-GS24
MGI:95931	H2-Q2	23.869999999999997	7.160000000000001	H2-Q2;H2-D1;H2-L;H-2D
MGI:95994	Selenos	9.689999999999998	4.09	Sels;H47;Vimp
MGI:96009	Hadh	15.929999999999998	273.30999999999995	Hadh;Hadhsc;Mschad;Schad
MGI:96013	Hat1	8.94	33.13	Hat1
MGI:96067	Htt	13.160000000000002	75.2	Htt;Hd;Hdh
MGI:96074	Hexb	20.36	58.290000000000006	Hexb
MGI:96097	H2ac18		85.00000000000001	Hist2h2aa1;Hist2h2aa2;Hist2h2ac;Hist2h2ab
MGI:96103	Hk1	17.52	160.76	Hk1
MGI:96112	Hmbs	11.7	96.5	Hmbs;Uros1
MGI:96113	Hmgb1		131.48	Hmgb1;Hmg-1;Hmg1
MGI:96136	Hmgn2		147.35999999999999	Hmgn2;RP23-256C7.5-012;RP23-256C7.5-006;mCG_12939;RP23-256C7.5-009;Hmg-17;Hmg17;RP23-256C7.5-007
MGI:96157	Hmgb2	10.109999999999998	76.51	Hmgb2;Hmg2
MGI:96158	Hmgcl	7.349999999999999	147.63000000000002	Hmgcl
MGI:96160	Hmga1	27.347074797864575	88.34655171538951	Hmga1;Hmgi;Hmgiy
MGI:96163	Hmox1	5.41	16.88	Hmox1
MGI:96217	Hprt1	11.889999999999999	77.38000000000001	Hprt1;Hprt
MGI:96224	Hras	20.159999999999997	30.35000000000001	Hras1;c-Ha-ras;mCG_22575;Hras
MGI:96242	Hspd1	13.25	214.80000000000004	Hspd1;Hsp60
MGI:96243	Hspa2	7.400000000000001	412.49000000000007	Hspa2;Hcp70.2;Hsp70-2
MGI:96245	Hspa9	14.779999999999996	120.52999999999996	Hspa9;Grp75;Hsp74;Hspa9a
MGI:96247	Hsp90ab1	19.089999999999996	46.23621956864553	Hsp90ab1;Hsp84b;Hspcb;mCG_18238
MGI:96250	Hsp90aa1	12.170000000000002	169.21999999999994	Hsp90aa1;Hsp86;Hsp86-1;Hspca
MGI:96257	Hspg2	29.370000000000008	6.599999999999999	Hspg2;RP23-12C2.1-001
MGI:96269	Ranbp1	8.23	100.72999999999996	Ranbp1;Htf9-a;Htf9a
MGI:96270	Trmt2a	7.529999999999999	32.05	Trmt2a;Htf9c;mCG_131829;Htf9-c
MGI:96396	Id1	3.03	4.35	Id1;RP23-106A3.1-002;Id;Id-1;Idb1
MGI:96412	Ide	16.32	70.76000000000003	Ide
MGI:96414	Idh2	14.449999999999998	378.32000000000005	Idh2
MGI:96429	Ifi204	7.869999999999999	113.27999999999997	Ifi204
MGI:96435	Igf2r	26.120000000000005	83.43	Igf2r
MGI:96522	Rbpj	5.15	18.070000000000004	Rbpj;Igkjrb1;Igkrsbp;Rbpsuh
MGI:96534	Cd74	24.810000000000002	5.29	Cd74;Ii
MGI:96560	Il6st	9.189999999999998	1.71	Il6st
MGI:96567	Impdh1	13.460000000000003	21.6	Impdh1;mCG_9135
MGI:96602	Itga3	17.219999999999995	13.76	Itga3;RP23-112C19.6-002
MGI:96608	Itgav	12.279999999999998	9.330000000000002	Itgav;RP23-111F12.3-001;RP23-111F12.3-005
MGI:96610	Itgb1	19.17	11.750000000000002	Itgb1
MGI:96614	Itgb5	18.110000000000003	18.840000000000003	Itgb5
MGI:96616	Itgb7	21.819999999999997	2.53	Itgb7
MGI:96617	Cd47	9.15	23.030000000000005	Cd47
MGI:96622	Itpa	9.23	76.85	Itpa
MGI:96623	Itpr1	17.68	40.94	Itpr1;Insp3r;Pcd6;Pcp1
MGI:96624	Itpr3	21.08	23.91	Itpr3
MGI:96647	Junb	4.26	5.39	Junb;Jun-b
MGI:96650	Jup	14.769999999999998	14.640000000000004	Jup
MGI:96676	Kin	2.6	46.02000000000001	Kin;Btcd;Kin17
MGI:96680	Kras	6.14	22.55	Kras;Kras2
MGI:96702	Krt5		30.15	Krt5;Krt2-5
MGI:96738	Hikeshi	14.19	94.65000000000005	L7rn6
MGI:96739	Stmn1		50.31999999999999	Stmn1;Lag;Lap18;Pr22
MGI:96743	Lamb1	19.259999999999998	7.900000000000002	Lamb1-1;Lamb-1
MGI:96745	Lamp1	22.98	30.18	Lamp1;Lamp-1
MGI:96748	Lamp2	23.160000000000004	303.92	Lamp2;RP23-193O17.2-001;mCG_1450;Lamp-2
MGI:96759	Ldha	23.930000000000003	159.19	Ldha;Ldh1;Ldh-1
MGI:96763	Ldhb		205.46000000000006	Ldhb;Ldh-2;Ldh2
MGI:96765	Ldlr	4.95	7.36	Ldlr
MGI:96777	Lgals1	13.779999999999998	156.95	Lgals1;Gbp
MGI:96778	Lgals3	15.909999999999998	60.99000000000001	Lgals3
MGI:96794	Lmna	18.79	89.45999999999997	Lmna;Lmn1
MGI:96795	Lmnb1	7.14	114.15999999999998	Lmnb1
MGI:96796	Lmnb2	9.14	60.24999999999998	Lmnb2
MGI:96819	Anxa1	8.969999999999999	74.12999999999998	Anxa1;Anx1;Lpc-1;Lpc1
MGI:96828	Lrp1	37.53999999999999	13.099999999999998	Lrp1;A2mr
MGI:96829	Lrpap1	16.330000000000002	50.690000000000005	Lrpap1
MGI:96836	Lta4h	14.87	196.37000000000003	Lta4h
MGI:96853	Alad	13.9	154.56000000000006	Alad;Lv
MGI:96904	M6pr	13.33	62.339999999999996	M6pr;46mpr
MGI:96907	Marcks	8.8	45.74	Marcks;Macs
MGI:96910	Maff	7.1000000000000005	6.78	Maff
MGI:96911	Mafg		9.800000000000002	Mafg
MGI:96915	Maoa	23.59	291.2699999999999	Maoa;RP23-68J21.1-001;mCG_3052
MGI:96921	Max		17.45	Max;Myn
MGI:96930	Mcc	5.5	12.110000000000001	Mcc
MGI:96952	Mdm2	3.2	0.74	Mdm2
MGI:96955	Slc3a2	8.13	20.889999999999997	Slc3a2;Mdu1
MGI:96958	Golga3	10.32	57.35999999999998	Golga3;Mea2
MGI:96960	Rab8a	11.789999999999997	41.75000000000001	Rab8a;Mel;Rab8
MGI:96965	Mertk		104.73000000000005	Mertk;Mer
MGI:96969	Met	10.359999999999998	29.41	Met
MGI:96977	Mgmt	12.83	34.36000000000001	Mgmt
MGI:96982	Mif	26.770000000000003	395.54000000000013	Mif
MGI:96995	Kmt2a	4.84	13.489999999999998	Mll;All1;Hrx;Mll1
MGI:97043	Me1	15.780000000000003	363.8400000000001	Me1;Mod1;Mod-1
MGI:97050	Mdh2	15.470000000000004	229.97999999999996	Mdh2;Mor1
MGI:97051	Mdh1	19.98	297.3999999999999	Mdh1;Mor2
MGI:97054	Mov10	12.44	103.71999999999997	Mov10;Gb110
MGI:97143	Marcksl1	9.78	32.339999999999996	Marcksl1;Mlp;Mrp
MGI:97167	Msn	16.05	78.11999999999998	Msn
MGI:97178	Map4	15.88	85.54999999999997	Map4;Mtap4
MGI:97239	Mmut	11.600000000000001	26.23	Mut
MGI:97281	Ncam1	14.25	12.110000000000001	Ncam1;Ncam
MGI:97286	Nucleolin	27.849999999999998	119.03999999999995	Ncl;Nuc
MGI:97293	Nedd1	6.510000000000001	13.519999999999998	Nedd1;Nedd-1
MGI:97297	Nedd4	22.589999999999996	9.3	Nedd4;Kiaa0093;Nedd-4;Nedd4a
MGI:97298	Septin2	9.16	87.49000000000001	Sept2;Nedd-5;Nedd5
MGI:97301	Nedd8	12.63	60.840000000000025	Nedd8;Nedd-8
MGI:97306	Nf1	8.32	77.34999999999997	Nf1
MGI:97312	Nfkb1	8.559999999999999	104.55000000000003	Nfkb1
MGI:97355	Nme1	14.290000000000001	173.71	Nme1;Nm23;RP23-378I13.1-002;RP23-378I13.1-003
MGI:97356	Nme2	15.140000000000004	161.77999999999994	Nme2;Dscaml1
MGI:97364	Notch2	5.11	6.13	Notch2
MGI:97365	Pnp	15.019999999999996	279.5499999999999	Np;Pnp;Pnp1
MGI:97373	Npr3	6.13	9.03	Npr3
MGI:97376	Nras	9.86	32.339999999999996	Nras
MGI:97388	Nucb1	32.69	8.23	Nucb1;Nuc;Nucb
MGI:97394	Oat	14.12	28.669999999999998	Oat
MGI:97402	Odc1	16.339999999999996	6.250000000000001	Odc1;Odc
MGI:97447	Osbp	8.01	100.39	Osbp;Kiaa4220
MGI:97463	P4ha1		237.74000000000004	P4ha1
MGI:97464	P4hb	27.689999999999998	122.11000000000001	P4hb;Pdia1
MGI:97502	Pcmt1	9.86	132.44000000000005	Pcmt1
MGI:97503	Pcna	10.440000000000001	78.52999999999997	Pcna
MGI:97520	Pcx	30.009999999999994	147.91999999999996	Pcx;Pc
MGI:97532	Pdha1	15.030000000000001	241.07000000000002	Pdha1;Pdha-1
MGI:97542	Pepd	15.46	32.71	Pepd;Pep4
MGI:97548	Pfkm	13.33	194.00999999999993	Pfkm;Pfk-m;Pfka
MGI:97549	Pfn1	16.04	115.72999999999995	Pfn1;DN-183N8.15-002;RP23-326P7.1-002
MGI:97550	Pfn2	12.389999999999999	132.20038313106357	Pfn2
MGI:97552	Pgam1	21.06	529.9299999999997	Pgam1
MGI:97553	Pgd	17.219999999999995	253.09000000000012	Pgd;RP23-249G3.4-001
MGI:97555	Pgk1	18.21	195.6599999999999	Pgk1;Pgk-1
MGI:97563	Pgk2		159.96000000000006	Pgk2;Pgk-2;mCG_49480
MGI:97564	Pgm2	21.749999999999996	267.6800000000001	Pgm2;Pgm1;RP24-156I23.2-002
MGI:97565	Pgm1	15.600721137178244	299.59269149964246	Pgm2
MGI:97566	Pgm3	10.970000000000002	106.61999999999996	Pgm3;Agm1;Pgm-3
MGI:97568	Abcb1b	10.839999999999998	30.18	Abcb1;Abcb1b;Mdr1;Mdr1b;Pgy1;Pgy1-1
MGI:97572	Phb1	10.07	99.97000000000004	Phb;RP23-17C2.2-002
MGI:97576	Phka1	14.14	23.12	Phka1;RP23-210E20.1-004;RP23-210E20.1-005;RP23-210E20.1-003;RP23-210E20.1-002
MGI:97583	Pik3r1	3.91	41.07999999999999	Pik3r1
MGI:97591	Pkm	21.0	143.61410794208206	Pkm2;Pk3;Pykm
MGI:97592	Prkaca	13.06	100.47	Prkaca;Pkaca
MGI:97594	Prkacb	11.150000000000002	93.70999999999998	Prkacb;Pkacb
MGI:97598	Prkcd	7.21	60.55000000000001	Prkcd;Pkcd
MGI:97604	Pklr		53.96999999999999	Pklr
MGI:97608	Serpine1	4.03	0.93	Serpine1;Mr1;Pai1;Planh1
MGI:97611	Plau	5.37	4.94	Plau
MGI:97615	Plcg1	10.459999999999999	30.969999999999995	Plcg1;Plcg-1;RP23-393F23.4-003;mCG_15356
MGI:97618	Prl2c2		0.5	Prl2c2;Mrp1;Plf;Plf1;Prl2c4;Mrp3;Mrpplf3;Plf3;Prl2c3;Mrp2;Plf2;mrp/plf
MGI:97621	Plk1	10.14	5.05	Plk1;Plk
MGI:97712	Prrx1	10.780000000000001	6.47	Prrx1;Pmx;Pmx1
MGI:97740	Polb	5.22	39.33	Polb
MGI:97741	Pold1	10.280000000000001	18.429999999999996	Pold1
MGI:97744	Por	12.840000000000002	93.99000000000001	Por
MGI:97748	Ctsa	28.350000000000005	110.74000000000002	Ctsa;Ppgb
MGI:97749	Ppia		149.73000000000002	Ppia
MGI:97750	Ppib	16.199999999999996	51.309999999999995	Ppib
MGI:97751	Ppic	11.45	12.69	Ppic;Cypc
MGI:97757	Prim1	6.13	23.949999999999996	Prim1
MGI:97758	Prim2	11.1	25.340000000000003	Prim2
MGI:97760	Prkar2b	13.679999999999998	70.09999999999998	Prkar2b
MGI:97775	Prps1	10.389999999999999	110.88	Prps1;Sid6061;RP23-137E3.3-001;mCG_19617;Mipol1;AU021838
MGI:97776	Prps2	12.039999999999997	249.39999999999998	Prps2
MGI:97783	Psap	24.810000000000002	33.3	Psap;mCG_61290;Sgp1
MGI:97788	Psph	12.320000000000002	259.79000000000013	Psph
MGI:97791	Ptbp1	11.48	85.54	Ptbp1
MGI:97797	Ptgs1	9.05	32.120000000000005	Ptgs1;Cox-1;Cox1
MGI:97803	Ptma	23.62	78.31999999999998	Ptma;OTTMUSG00000007209;mCG_1041267
MGI:97805	Ptpn1	8.35	55.40999999999998	Ptpn1
MGI:97806	Ptpn2	11.690000000000001	31.530000000000005	Ptpn2;Ptpt
MGI:97808	Ptpra	17.0	25.830000000000002	Ptpra;Lrp;Ptpa
MGI:97822	Nectin2	16.360000000000003	9.959999999999999	Pvrl2;Mph;Pvr;Pvs
MGI:97828	Pygb	17.02	153.66999999999996	Pygb
MGI:97831	Ppa1	12.770000000000001	123.50999999999998	Ppa1;Pp;Pyp
MGI:97836	Qdpr	16.679999999999996	602.6000000000003	Qdpr;Dhpr
MGI:97837	Qki	9.719999999999999	21.44	Qki;Qk;Qk1;Qka1
MGI:97838	Eprs1		193.29	Eprs;Qprs
MGI:97842	Rab1a	10.07	100.8	Rab1A;Rab1
MGI:97843	Rab3a		2272.12	Rab3d;Rab3a;Rab3c
MGI:97844	Rab3d		2272.12	Rab3d;Rab3a;Rab3c
MGI:97845	Rac1	13.61	78.76999999999997	Rac1;mCG_23557;Rac3;RP23-84C12.18-002;mCG_2150
MGI:97847	Raf1	7.86	20.009999999999998	Raf1;Craf
MGI:97850	Raly	14.920000000000002	37.86999999999999	Raly;Merc;C130057N11Rik;RP23-480H10.2-003;RP23-480H10.2-004;RP23-480H10.2-006;RP23-480H10.2-007
MGI:97852	Rap1a	8.5	48.49999999999999	Rap1a;Krev-1
MGI:97860	Rasa1	8.309999999999999	73.98999999999998	Rasa1
MGI:97876	Rbp1	38.76	215.25999999999996	Rbp1;Crbpi;Rbp-1
MGI:97887	Rdx	13.2	85.57	Rdx
MGI:97890	Rad51	10.989999999999998	4.9	Rad51;Rad51a;Reca;RP23-15I21.4-008;RP23-15I21.4-005
MGI:97891	Rfc1	11.510000000000002	19.020000000000003	Rfc1;Recc1;Ibf-1
MGI:97912	Rheb	7.740000000000002	22.92	Rheb
MGI:97960	Rnps1	7.830000000000001	99.11999999999996	Rnps1;RNPS1
MGI:98002	Rpl12		152.86999999999995	Rpl12
MGI:98003	Rpl18	18.140000000000004	121.22000000000001	Rpl18
MGI:98020	Rpl19		75.08000000000003	Rpl19;RP23-309H19.6-002
MGI:98036	Rpl27		51.910000000000004	Rpl27
MGI:98037	Rpl30	13.619999999999997	46.96000000000001	Rpl30
MGI:98038	Rpl32	15.089999999999998	179.27000000000004	Rpl32
MGI:98068	Rpl37a		142.7	Rpl37a
MGI:98073	Rpl7	12.700000000000001	153.61000000000004	Rpl7
MGI:98084	Rpn1	38.12	84.17000000000003	Rpn1
MGI:98085	Rpn2	26.479999999999993	67.26	Rpn2;RP23-163J20.6-002
MGI:98086	Polr2a	13.96	6.84	Polr2a;Rpii215;Rpo2-1;RPB1
MGI:98105	Rps12		166.86	Rps12;mCG_132913;mCG_6749
MGI:98107	Rps14	15.529999999999998	232.50000000000009	Rps14
MGI:98117	Rps15	21.92	271.11	Rps15;Rig
MGI:98118	Rps16	19.230000000000004	137.04999999999998	ENSMUSG00000060419;Rps16
MGI:98146	Rps18		169.16000000000005	Rps18;OTTMUSG00000000655;RP23-371K8.1-001;mCG_116671
MGI:98147	Rps24	11.130000000000003	196.1100000000001	Rps24
MGI:98158	Rps4x	12.279999999999998	89.03999999999999	Rps4x;Rps4;Rps4y2;1110033J19Rik;RP23-251M14.2-001;mCG_49215
MGI:98159	Rps6		134.18999999999997	Rps6
MGI:98166	Rps8	16.360000000000003	155.40999999999994	Rps8;OTTMUSG00000000623;RP23-169M24.1-001;mCG_7626
MGI:98179	Rras	10.17	26.19	Rras
MGI:98180	Rrm1	16.010000000000005	14.439999999999998	Rrm1
MGI:98181	Rrm2	6.250000000000001	4.26	Rrm2
MGI:98218	Prrx2	9.000000000000002	6.260000000000001	Prrx2;RP23-221O14.5-002;Prx2;S8;RP23-221O14.5-001
MGI:98230	Sar1a	10.839999999999998	66.45506150775874	Sar1a;Sara1
MGI:98239	Scd1	9.290000000000001	5.24	Scd2;mCG_10078;Scd3;Scd1;Scd4;mCG_10079
MGI:98240	Scd2	9.290000000000001	5.24	Scd2;mCG_10078;Scd3;Scd1;Scd4;mCG_10079
MGI:98254	Scp2	22.84	47.36999999999999	Scp2;Scp-2
MGI:98266	Sord	17.11	349.87999999999994	Sord;Sdh1
MGI:98283	Srsf1	11.269999999999998	96.59	Sfrs1
MGI:98284	Srsf2	7.4799999999999995	99.88999999999997	Sfrs2;Pr264;Sfrs10
MGI:98285	Srsf3	12.1	97.96999999999998	Sfrs3;Srp20;X16;OTTMUSG00000006392;RP23-438D7.4-001;mCG_21910
MGI:98287	Srsf5	4.660000000000001	36.25	Sfrs5;Hrs;mCG_7614
MGI:98296	Shc1	10.34	20.770000000000003	Shc1;Shc;ShcA
MGI:98299	Shmt1	10.89	100.72999999999996	Shmt1;RP23-278I21.7-001;Shmt
MGI:98341	Snrnp70	10.179999999999998	46.39000000000001	Snrnp70;Snrp70
MGI:98342	Snrpb	13.850000000000003	93.44	Snrpb;Snrpn;Smn
MGI:98344	Snrpd1	8.21	219.73999999999998	Snrpd1
MGI:98345	Snrpd2	17.149999999999995	168.57000000000002	Snrpd2
MGI:98347	Snrpn	13.850000000000003	93.44	Snrpb;Snrpn;Smn
MGI:98351	Sod1	14.860000000000001	183.24999999999994	Sod1
MGI:98352	Sod2	18.060000000000002	403.13999999999993	Sod2;Sod-2
MGI:98353	Son	8.01	16.13	Son;mKIAA1019
MGI:98354	Sos1	7.540000000000002	38.510000000000005	Sos1
MGI:98373	Sparc	23.609999999999996	1.79	Sparc;RP23-465I4.1-002
MGI:98386	Sptan1		57.43000000000002	Sptan1;Spna2;Spta2;RP23-443G7.6-004
MGI:98388	Sptbn1	19.540000000000003	30.240000000000002	Sptbn1;Elf;Spnb-2;Spnb2;Sptb2
MGI:98397	Src	8.2	27.419999999999998	Src;RP23-169M4.1-006;mCG_21979;RP23-169M4.1-001
MGI:98419	Sri	15.369999999999997	80.28000000000003	Sri
MGI:98423	Ssb	8.690000000000001	111.45	Ssb;Ss-b;RP23-273G23.1-005
MGI:98443	Surf1	10.609999999999998	36.029999999999994	Surf1;Surf-1
MGI:98444	Surf2	5.61	18.830000000000002	Surf2;Surf-2
MGI:98445	Surf4	18.94	72.61000000000003	Surf4;Surf-4
MGI:98446	Med22	3.7000000000000006	20.4	Med22;Surf5;RP23-414L19.3-003
MGI:98447	Surf6	4.49	119.93	Surf6;Surf-6;RP23-414L19.2-007
MGI:98483	Tap1	11.74	150.74000000000007	Tap1;Abcb2;Ham-1;Ham1
MGI:98484	Tap2	17.169999999999998	56.44000000000001	Tap2;Abcb3;Ham-2;Ham2
MGI:98488	Slc6a6	11.139999999999999	10.34	Slc6a6;Taut
MGI:98512	Ubtf	13.309999999999999	28.55	Ubtf;RP23-461C4.7-001;mCG_140722;RP23-461C4.7-003;Tcfubf;Ubf-1;Ubf1
MGI:98535	Tcp1	11.11	94.26999999999998	Cct1;Ccta;Tcp1
MGI:98643	Dynlt1b		16.96	Dynlt1;Tctel1;Tctex-1;Tctex1;Dynlt1f;100040531;Dynlt1c;Dynlt1b
MGI:98737	Thbs1		1.05	Thbs1;Tsp1
MGI:98752	Timp1	15.750000000000002	0.76	Timp1;Timp;Timp-1
MGI:98759	Tjp1	10.199999999999998	54.39000000000001	Tjp1;Zo1
MGI:98788	Top1	9.850000000000001	158.62	Top1;Top-1
MGI:98790	Top2a	9.430000000000001	9.709999999999999	Top2a;Top-2;Top2
MGI:98791	Top2b	15.939999999999998	54.01	Top2b
MGI:98797	Tpi1	24.570000000000004	250.91999999999993	Tpi1;Tpi
MGI:98809	Tpm1		18.440000000000005	Tpm1
MGI:98810	Tpm2	16.5	16.59347462106716	Tpm2;Tpm-2
MGI:98812	Tpmt		326.58000000000004	Tpmt
MGI:98817	Hsp90b1	25.940000000000005	121.68000000000005	Hsp90b1;Tra-1;Tra1
MGI:98822	Tfrc	21.239999999999995	26.239999999999995	Tfrc;Trfr;mCG_129940
MGI:98847	Kdm3a	4.29	6.13	Kdm3a;Jhdm2a;Jmjd1a;Kiaa0742
MGI:98852	Tst		119.93999999999996	Tst
MGI:98857	Gfus	8.309999999999999	103.71999999999997	Tsta3;P35b;Tstap35b
MGI:98858	Psmd3	14.150000000000004	85.81	Psmd3;P91a;Tstap91a;RP23-395E10.2-001;mCG_21907
MGI:98864	Ttn		83.62000000000002	Ttn;RP23-82M15.1-018
MGI:98869	Tuba1a	10.299999999999999	107.34999999999997	Tuba1a;Tuba1;Tuba3a;Tuba3;Tuba3b;Tuba7
MGI:98874	Txn1	10.56	97.12	Txn;Txn1
MGI:98878	Tyms	16.56	35.61999999999999	Tyms
MGI:98884	U2af1	7.029999999999999	93.85000000000004	U2af1
MGI:98886	U2af2	11.38	71.84000000000002	U2af2;U2af65
MGI:98890	Uba1	22.430000000000003	119.22999999999996	Uba1;Sbx;Ube1;Ube1ax;Ube1x
MGI:98904	Uck1	5.700000000000001	13.14	Uck1;RP23-161B9.4-001;Umpk
MGI:98905	Usp4	15.180000000000001	31.279999999999998	Usp4;Unp
MGI:98916	Urod	14.670000000000003	47.629999999999995	Urod
MGI:98926	Vcam1	9.980000000000002	18.18	Vcam1;Vcam-1
MGI:98927	Vcl	12.840000000000002	62.99999999999999	Vcl
MGI:98931	Ezr	15.649999999999999	171.57000000000005	Ezr;Vil2
MGI:98973	Xdh	14.940000000000003	40.41	Xdh
MGI:99146	Ybx1	17.789999999999996	25.449999999999996	Ybx1;Msy-1;Msy1;Nsep1;Yb1;RP24-363D14.2-004
MGI:99150	Yy1	6.4	5.809999999999999	Yy1;Ucrbp
MGI:99153	Zfa-ps	3.2299999999999995	8.019999999999998	Zfx;RP23-269L6.2-003;Zfa;Zfp711;RP23-336F13.2-002;RP23-336F13.2-003
MGI:99211	Zfx	3.2299999999999995	8.019999999999998	Zfx;RP23-269L6.2-003;Zfa;Zfp711;RP23-336F13.2-002;RP23-336F13.2-003
MGI:99217	Cdh11	11.36	8.19	Cdh11;Cad-11
MGI:99240	Ddx39b	7.599999999999998	216.16000000000003	Bat1;Bat1a;Uap56
MGI:99256	Hdlbp	18.670000000000005	28.810000000000002	Hdlbp
MGI:99257	Eif3e	13.14	28.470000000000006	Eif3e;Eif3s6;Int6
MGI:99259	Matk		91.24999999999999	Matk;Ctk;Ntk
MGI:99260	Prkci	9.05	42.98	Prkci;Pkcl
MGI:99262	Rpl22	15.720000000000002	113.90000000000005	Rpl22
MGI:99400	Atp7a	8.380000000000003	35.25999999999999	Atp7a;Mnk;RP23-186F4.3-002
MGI:99418	Itpr2		58.650000000000006	Itpr2;Itpr5;CH25-20L19.1-001
MGI:99425	Rab11b	15.3	67.19000000000001	Rab11b
MGI:99431	Arf1	12.149999999999999	67.67000000000003	Arf1
MGI:99433	Arf4	12.61	42.400000000000006	Arf4
MGI:99434	Arf5	13.419999999999998	59.57	Arf5
MGI:99435	Arf6	6.950000000000001	40.050000000000004	Arf6
MGI:99436	Arl1	7.869999999999999	26.79	Arl1
MGI:99445	Mtpn	11.7	86.75	Mtpn;Gcdp
MGI:99448	Ifi47	4.14	1667.7999999999997	Ifi47
MGI:99450	Ifit1	4.53	182.38	Ifit1;Garg16;Ifi56
MGI:99470	Dnajc2	11.150000000000002	74.18000000000004	Dnajc2;Mida1;Zrf1
MGI:99484	Chuk	6.19	48.31000000000001	Chuk;Ikka
MGI:99486	Clcn5	8.699999999999998	61.64999999999998	Clcn5;RP23-146I4.3-004;Clc5
MGI:99495	Brd2		7.12	Brd2;Fsrg1;Kiaa4005;Ring3
MGI:99511	Ptpn11	12.650000000000004	57.44999999999998	Ptpn11
MGI:99513	Cavin2	9.439999999999998	52.73	Sdpr;Sdr
MGI:99523	Prdx1	15.470000000000004	187.5200000000001	Prdx1;Msp23;Paga;Tdpx2;RP23-177C18.2-006;RP23-177C18.2-004;RP23-177C18.2-002
MGI:99526	Ddx19a	11.750000000000002	65.07999999999998	Ddx19a;Ddx19;Eif4a-rs1;mCG_132574;Ddx19b;mCG_133615
MGI:99529	Cd63	12.45	57.49	Cd63
MGI:99537	Rabggtb	3.72	25.17	Rabggtb;mCG_7369
MGI:99554	Lgals3bp	20.340000000000003	53.50999999999999	Lgals3bp;Cycap;Mama
MGI:99600	Aldh2	23.720000000000002	76.04000000000002	Aldh2;Ahd-1;Ahd1
MGI:99611	Ephb2	12.329999999999998	16.75	Ephb2;Epth3;Nuk;Sek3;RP23-426N4.7-003;RP23-426N4.7-002;RP23-426N4.7-001
MGI:99638	Mark2	6.55	30.55	Mark2;Emk
MGI:99660	Pola1	18.830000000000002	29.1	Pola1;Pola
MGI:99687	Rpl29		160.58999999999997	Rpl29;Rpl43
MGI:99690	Pola2	8.630000000000003	36.669999999999995	Pola2
MGI:99695	Cttn	12.45	55.66	Cttn;Ems1;mCG_21254
MGI:99702	Bax	10.189999999999998	77.90999999999998	Bax
MGI:99778	Gpd2	12.710000000000003	100.04999999999997	Gpd2;Gdm1;RP23-236H15.1-001
MGI:99781	Kdm5c	13.489999999999998	4.640000000000001	Kdm5c;Jarid1c;Kiaa0234;Smcx;Xe169
MGI:99832	Sec13	13.120000000000003	110.17999999999996	Sec13;Sec13l1
MGI:99833	Rab23	5.51	29.980000000000004	Rab23;mCG_10410
MGI:99845	Gdi2	16.679999999999996	111.12000000000002	Gdi2;Gdi3
MGI:99846	Gdi1	9.86	181.00000000000006	Gdi1;Rabgdia
MGI:99851	Cbfb	7.904985768488141	36.358149017792435	Cbfb;Pebp2b;Pebpb2
MGI:99878	Ppm1a	8.39	46.46999999999999	Ppm1a;Pppm1a
MGI:99879	Prkd1	12.119999999999997	36.309999999999995	Prkd1;Pkcm;Pkd;Prkcm
MGI:99887	Pitpna	27.469999999999995	81.57	Pitpna;Pitpn
MGI:99894	Hnrnpk	10.03	56.86999999999998	Hnrnpk;Hnrpk
MGI:99907	Plod1	32.779999999999994	21.65	Plod1;Plod
MGI:99914	Lamc1	19.44	8.4	Lamc1;Lamb-2;Lamc-1
MGI:99915	Lamb3		2.43	Lamb3
MGI:99919	Vcp		88.67999999999998	Vcp
MGI:99926	mt-Atp8		296.53999999999996	Mtatp8;Atp8;mt-Atp8
MGI:99951	Mafk	4.8	10.379999999999999	Mafk;Nfe2u
MGI:99954	Ighmbp2	7.470000000000001	37.449999999999996	Ighmbp2;Smbp-2;Smbp2
MGI:99960	Ewsr1	9.88	78.0	Ewsr1;RP23-338J18.1-009;Ews;Ewsh;RP23-338J18.1-007
